{
  "type": "FeatureCollection",
  "generator": "overpass-turbo",
  "copyright": "The data included in this document is from www.openstreetmap.org. The data is made available under ODbL.",
  "timestamp": "2026-07-10T13:51:55Z",
  "features": [
    {
      "type": "Feature",
      "properties": {
        "@id": "relation/4753553",
        "amenity": "monastery",
        "building": "yes",
        "denomination": "coptic_orthodox",
        "name": "دير الأنبا مقار",
        "name:ar": "دير الأنبا مقار",
        "name:de": "Kloster des Heiligen Makarios",
        "name:en": "Monastery of Saint Macarius",
        "name:fr": "Monastère Saint-Macaire de Scété",
        "name:ru": "Монастырь Макария Великого",
        "religion": "christian",
        "type": "multipolygon",
        "@geometry": "center"
      },
      "geometry": {
        "type": "Point",
        "coordinates": [
          30.4762324,
          30.2916155
        ]
      },
      "id": "relation/4753553"
    },
    {
      "type": "Feature",
      "properties": {
        "@id": "relation/7689924",
        "amenity": "place_of_worship",
        "building": "church",
        "name": "مسجد خالد بن الوليد",
        "religion": "muslim",
        "type": "multipolygon",
        "@geometry": "center"
      },
      "geometry": {
        "type": "Point",
        "coordinates": [
          31.6369775,
          30.0844835
        ]
      },
      "id": "relation/7689924"
    },
    {
      "type": "Feature",
      "properties": {
        "@id": "way/24783991",
        "amenity": "place_of_worship",
        "building": "church",
        "denomination": "catholic",
        "name": "كنيسة البازليك",
        "name:ar": "كنيسة البازليك",
        "name:en": "Basilica Church Heliopolis",
        "name:fr": "Basilique Notre Dame",
        "religion": "christian",
        "@geometry": "center"
      },
      "geometry": {
        "type": "Point",
        "coordinates": [
          31.3251926,
          30.0936137
        ]
      },
      "id": "way/24783991"
    },
    {
      "type": "Feature",
      "properties": {
        "@id": "way/24916505",
        "denomination": "orthodox",
        "landuse": "cemetery",
        "name": "مقابر القوات المسلحة",
        "name:ar": "مقابر القوات المسلحة",
        "name:en": "Armed Forces Cemetery",
        "religion": "christian",
        "@geometry": "center"
      },
      "geometry": {
        "type": "Point",
        "coordinates": [
          31.3317597,
          30.0773411
        ]
      },
      "id": "way/24916505"
    },
    {
      "type": "Feature",
      "properties": {
        "@id": "way/28825855",
        "alt_name:fr": "Cimetières des Latins Catholiques",
        "denomination": "roman_catholic",
        "landuse": "cemetery",
        "name": "مدافن الروم الكثليك",
        "name:ar": "مدافن الروم الكثليك",
        "name:en": "Roman Catholic cemetery",
        "name:fr": "Cimitière Latin de Terre Sainte",
        "name:la": "Coemeterium Latinorum Terrae Sanctae",
        "religion": "christian",
        "@geometry": "center"
      },
      "geometry": {
        "type": "Point",
        "coordinates": [
          29.916312,
          31.2032002
        ]
      },
      "id": "way/28825855"
    },
    {
      "type": "Feature",
      "properties": {
        "@id": "way/28825883",
        "denomination": "greek_catholic",
        "landuse": "cemetery",
        "name": "Greek Catholic cemetery",
        "name:en": "Greek Catholic cemetery",
        "name:fr": "Cimetières des Melkites Grecques Catholiques \"rite byzantin\"",
        "religion": "christian",
        "wikidata": "Q125954921",
        "wikimedia_commons": "Category:Greek Catholic cemetery in Alexandria",
        "@geometry": "center"
      },
      "geometry": {
        "type": "Point",
        "coordinates": [
          29.915777,
          31.2043451
        ]
      },
      "id": "way/28825883"
    },
    {
      "type": "Feature",
      "properties": {
        "@id": "way/28825891",
        "landuse": "cemetery",
        "name:fr": "Cimetières des Grecques Orthodoxes Hellènes",
        "religion": "christian",
        "@geometry": "center"
      },
      "geometry": {
        "type": "Point",
        "coordinates": [
          29.9154922,
          31.2050031
        ]
      },
      "id": "way/28825891"
    },
    {
      "type": "Feature",
      "properties": {
        "@id": "way/28825894",
        "landuse": "cemetery",
        "name:fr": "Cimetières des Grecques Orthodoxes Lévantins",
        "religion": "christian",
        "wikidata": "Q122975889",
        "wikimedia_commons": "Category:Greek Orthodox cemetery in Alexandria",
        "@geometry": "center"
      },
      "geometry": {
        "type": "Point",
        "coordinates": [
          29.9152786,
          31.2054953
        ]
      },
      "id": "way/28825894"
    },
    {
      "type": "Feature",
      "properties": {
        "@id": "way/28825913",
        "denomination": "anglican",
        "landuse": "cemetery",
        "name": "Old British Protestant Cemetery",
        "name:en": "Old British Protestant Cemetery",
        "religion": "christian",
        "wikidata": "Q125954796",
        "wikimedia_commons": "Category:Anglican church cemetery in Alexandria",
        "@geometry": "center"
      },
      "geometry": {
        "type": "Point",
        "coordinates": [
          29.9151257,
          31.2058259
        ]
      },
      "id": "way/28825913"
    },
    {
      "type": "Feature",
      "properties": {
        "@id": "way/28846989",
        "denomination": "orthodox",
        "landuse": "cemetery",
        "name": "مقابر احمد عصمت",
        "name:ar": "مقابر احمد عصمت",
        "name:en": "Ahmed Esmat مقابر احمد عصمت",
        "religion": "christian",
        "@geometry": "center"
      },
      "geometry": {
        "type": "Point",
        "coordinates": [
          31.3374029,
          30.1256887
        ]
      },
      "id": "way/28846989"
    },
    {
      "type": "Feature",
      "properties": {
        "@id": "way/28847332",
        "amenity": "place_of_worship",
        "denomination": "coptic_orthodox",
        "name": "كاتدرائية سانت ماري",
        "name:ar": "كاتدرائية سانت ماري",
        "name:en": "Saint Mary Cathedral Al-Zeitoun",
        "religion": "christian",
        "@geometry": "center"
      },
      "geometry": {
        "type": "Point",
        "coordinates": [
          31.316305,
          30.1044928
        ]
      },
      "id": "way/28847332"
    },
    {
      "type": "Feature",
      "properties": {
        "@id": "way/28863977",
        "addr:city": "القاهرة",
        "amenity": "place_of_worship",
        "name": "الكنيسة المرقسية الكبرى بكلوت بك",
        "name:ar": "الكنيسة المرقسية الكبرى بكلوت بك",
        "name:en": "Saint Mark's Coptic Orthodox Cathedral in Azbakeya",
        "religion": "christian",
        "wheelchair": "no",
        "@geometry": "center"
      },
      "geometry": {
        "type": "Point",
        "coordinates": [
          31.2487315,
          30.0571052
        ]
      },
      "id": "way/28863977"
    },
    {
      "type": "Feature",
      "properties": {
        "@id": "way/29975362",
        "addr:city": "الإسكندرية",
        "addr:city:ar": "الإسكندرية",
        "addr:country": "EG",
        "addr:district": "العطارين",
        "addr:district:en": "Al Attarin",
        "addr:housenumber": "68",
        "addr:postcode": "21521",
        "addr:province": "الاسكندرية",
        "addr:province:en": "Alexandria",
        "addr:street": "شارع النبى دانيال",
        "addr:street:en": "Al Naby Daniel Street",
        "addr:subdistrict": "المسله غرب و شريف باشا",
        "addr:subdistrict:en": "Al Masala West And Sherif Basha",
        "alt_name": "الكنيسة المرقسية بالإسكندرية;كنيسة بوكاليا",
        "alt_name:ar": "الكنيسة المرقسية بالإسكندرية;كنيسة بوكاليا",
        "alt_name:en": "Saint Mark's Coptic Orthodox Cathedral",
        "amenity": "place_of_worship",
        "building": "cathedral",
        "check_date": "2026-03-26",
        "contact:website": "http://www.elmorkosia.net/",
        "denomination": "coptic_orthodox",
        "name": "الكاتدرائية المرقسية",
        "name:ar": "الكاتدرائية المرقسية",
        "name:de": "Koptische Sankt-Markus-Kathedrale Alexandria",
        "name:en": "Saint Mark's Cathedral",
        "name:fa": "کلیسای سنت مارک",
        "name:fr": "Cathédrale Copte Orthodoxe Saint-Marc",
        "name:ja": "聖マルコ大聖堂",
        "name:pl": "Koptyjska katedra św. Marka",
        "religion": "christian",
        "wikidata": "Q1581553",
        "wikimedia_commons": "Category:Cathedral of St. Mark, Alexandria",
        "wikipedia": "ar:الكاتدرائية المرقسية (الإسكندرية)",
        "wikipedia:ar": "الكاتدرائية المرقسية (الإسكندرية)",
        "@geometry": "center"
      },
      "geometry": {
        "type": "Point",
        "coordinates": [
          29.8996311,
          31.1984052
        ]
      },
      "id": "way/29975362"
    },
    {
      "type": "Feature",
      "properties": {
        "@id": "way/32690683",
        "amenity": "place_of_worship",
        "name": "القديسة مريم",
        "name:ar": "القديسة مريم",
        "name:en": "St. Mariam",
        "religion": "christian",
        "@geometry": "center"
      },
      "geometry": {
        "type": "Point",
        "coordinates": [
          31.3409525,
          30.0637603
        ]
      },
      "id": "way/32690683"
    },
    {
      "type": "Feature",
      "properties": {
        "@id": "way/52218006",
        "addr:city": "مدينة نصر القاهرة",
        "addr:housename": "كنيسة السيدة العذراء و القديس أثناسيوس",
        "addr:street": "شارع الدكتور محمد يوسف موسى",
        "amenity": "place_of_worship",
        "building": "yes",
        "denomination": "catholic",
        "name": "كنيسة السيدة العذراء و القديس أثناسيوس",
        "name:ar": "كنيسة السيدة العذراء و القديس أثناسيوس",
        "name:en": "St. Mary and St. Athansius Church",
        "religion": "christian",
        "wheelchair": "yes",
        "@geometry": "center"
      },
      "geometry": {
        "type": "Point",
        "coordinates": [
          31.3334435,
          30.0546776
        ]
      },
      "id": "way/52218006"
    },
    {
      "type": "Feature",
      "properties": {
        "@id": "way/81469290",
        "addr:street": "شارع شمس الدين الذهبى",
        "amenity": "place_of_worship",
        "denomination": "orthodox",
        "name": "كنيسة السيدة العذراء مريم",
        "religion": "christian",
        "@geometry": "center"
      },
      "geometry": {
        "type": "Point",
        "coordinates": [
          31.3334125,
          30.0825801
        ]
      },
      "id": "way/81469290"
    },
    {
      "type": "Feature",
      "properties": {
        "@id": "way/93340009",
        "amenity": "place_of_worship",
        "building": "yes",
        "name": "Coptic church",
        "religion": "christian",
        "@geometry": "center"
      },
      "geometry": {
        "type": "Point",
        "coordinates": [
          34.2834379,
          26.1118003
        ]
      },
      "id": "way/93340009"
    },
    {
      "type": "Feature",
      "properties": {
        "@id": "way/97411026",
        "amenity": "place_of_worship",
        "building": "yes",
        "religion": "christian",
        "@geometry": "center"
      },
      "geometry": {
        "type": "Point",
        "coordinates": [
          31.1908282,
          27.1898889
        ]
      },
      "id": "way/97411026"
    },
    {
      "type": "Feature",
      "properties": {
        "@id": "way/97414751",
        "amenity": "place_of_worship",
        "building": "church",
        "religion": "christian",
        "@geometry": "center"
      },
      "geometry": {
        "type": "Point",
        "coordinates": [
          31.1867575,
          27.1839505
        ]
      },
      "id": "way/97414751"
    },
    {
      "type": "Feature",
      "properties": {
        "@id": "way/98246972",
        "addr:city": "القاهرة",
        "addr:city:en": "Cairo",
        "addr:country": "EG",
        "addr:district": "عابدين",
        "addr:district:en": "Aabdin",
        "addr:housenumber": "36",
        "addr:postcode": "11513",
        "addr:province": "القاهرة",
        "addr:province:en": "Cairo",
        "addr:street": "شارع محمد صبري ابو علم",
        "addr:street:en": "Mohamed Sabry Abou Alam Street",
        "addr:subdistrict": "باب اللوق",
        "addr:subdistrict:en": "Bab El Louk",
        "amenity": "place_of_worship",
        "building": "yes",
        "denomination": "armenian_catholic",
        "name": "كنيسة البشارة الأرمنية الكسليكية",
        "name:ar": "كنيسة البشارة الأرمنية الكسليكية",
        "name:en": "Armenian Catholic Cathedral of Annunciation",
        "name:es": "Catedral Armenia Católica de la Anubciación",
        "name:fr": "Cathédrale Arménienne Catholique de l'Annonciation",
        "religion": "christian",
        "roof:shape": "flat",
        "source": "Bing",
        "start_date": "1926",
        "wikidata": "Q28519128",
        "wikimedia_commons": "Category:Cathedral of the Annunciation, Cairo",
        "wikipedia": "en:Annunciation Cathedral, Cairo",
        "@geometry": "center"
      },
      "geometry": {
        "type": "Point",
        "coordinates": [
          31.2395441,
          30.0467916
        ]
      },
      "id": "way/98246972"
    },
    {
      "type": "Feature",
      "properties": {
        "@id": "way/98250751",
        "amenity": "place_of_worship",
        "building": "yes",
        "check_date": "2026-03-19",
        "denomination": "roman_catholic",
        "name": "كنيسة سان جوزيف للاباء الفرنسيسكان",
        "name:ar": "كنيسة سان جوزيف للاباء الفرنسيسكان",
        "name:en": "St. Josef Church (desserved by Franciscans)",
        "note": "tag name --> arabic",
        "religion": "christian",
        "source": "Bing",
        "@geometry": "center"
      },
      "geometry": {
        "type": "Point",
        "coordinates": [
          31.2438984,
          30.0477804
        ]
      },
      "id": "way/98250751"
    },
    {
      "type": "Feature",
      "properties": {
        "@id": "way/103072482",
        "addr:street": "طريق بنجر السكر, برج العرب",
        "amenity": "place_of_worship",
        "barrier": "fence",
        "name": "دير مارمينا بمريوط",
        "name:ar": "دير مارمينا بمريوط",
        "name:en": "Saint Mina Monastery in Mariut",
        "religion": "christian",
        "website": "https://stmina.info",
        "@geometry": "center"
      },
      "geometry": {
        "type": "Point",
        "coordinates": [
          29.6668344,
          30.8534431
        ]
      },
      "id": "way/103072482"
    },
    {
      "type": "Feature",
      "properties": {
        "@id": "way/107418162",
        "alt_name:en": "Mar Girges",
        "amenity": "place_of_worship",
        "architect": "Ramses Wissa Wassef",
        "architect:wikidata": "Q3418644",
        "building": "yes",
        "name": "مار جرجس",
        "name:ar": "مار جرجس",
        "name:en": "St George's Orthodox Church",
        "religion": "christian",
        "wikidata": "Q126920709",
        "@geometry": "center"
      },
      "geometry": {
        "type": "Point",
        "coordinates": [
          31.3395054,
          30.1081097
        ]
      },
      "id": "way/107418162"
    },
    {
      "type": "Feature",
      "properties": {
        "@id": "way/108125763",
        "landuse": "cemetery",
        "religion": "christian",
        "@geometry": "center"
      },
      "geometry": {
        "type": "Point",
        "coordinates": [
          31.2984564,
          30.0586129
        ]
      },
      "id": "way/108125763"
    },
    {
      "type": "Feature",
      "properties": {
        "@id": "way/110222611",
        "barrier": "wall",
        "denomination": "greek_orthodox",
        "landuse": "cemetery",
        "religion": "christian",
        "@geometry": "center"
      },
      "geometry": {
        "type": "Point",
        "coordinates": [
          31.2322881,
          30.0071403
        ]
      },
      "id": "way/110222611"
    },
    {
      "type": "Feature",
      "properties": {
        "@id": "way/115392340",
        "building": "monastery",
        "layer": "-1",
        "name": "دير القديسة كاترين",
        "name:ar": "دير القديسة كاترين",
        "name:de": "Katharinenkloster",
        "name:en": "St Catherine's Monastery",
        "name:es": "Monasterio de Santa Catalina del Monte Sinaí",
        "name:fr": "Monastère Sainte-Catherine du Sinaï",
        "name:grc": "Μονὴ τῆς Ἁγίας Αἰκατερίνης",
        "name:lt": "Šv. Kotrynos vienuolynas",
        "name:pl": "Klasztor Świętej Katarzyny",
        "name:pnb": "خانقاہ مقدسہ کیتھرین",
        "name:ru": "Монастырь Святой Екатерины",
        "name:sr": "Манастир Свете Катарине на Синају",
        "name:uk": "Монастир святої Катерини",
        "name:ur": "خانقاہ مقدسہ کیتھرین",
        "wikidata": "Q185362",
        "wikimedia_commons": "Category:Saint Catherine Monastery, Mount Sinai",
        "wikipedia": "ar:دير سانت كاترين",
        "@geometry": "center"
      },
      "geometry": {
        "type": "Point",
        "coordinates": [
          33.9759492,
          28.5559367
        ]
      },
      "id": "way/115392340"
    },
    {
      "type": "Feature",
      "properties": {
        "@id": "way/115392350",
        "amenity": "place_of_worship",
        "building": "church",
        "denomination": "greek_orthodox",
        "name": "بازيليكا الكنيسة",
        "name:ar": "بازيليكا الكنيسة",
        "name:en": "Basilica Transfiguration",
        "name:es": "Capilla de la Transfiguración",
        "name:fr": "Basilique Transfiguration",
        "name:ka": "ფერისცვალების ბაზილიკა",
        "name:ru": "Базилика Преображения",
        "religion": "christian",
        "@geometry": "center"
      },
      "geometry": {
        "type": "Point",
        "coordinates": [
          33.9761701,
          28.5559741
        ]
      },
      "id": "way/115392350"
    },
    {
      "type": "Feature",
      "properties": {
        "@id": "way/142391283",
        "alt_name": "Monastery of Saint Anthony the Great",
        "amenity": "monastery",
        "barrier": "wall",
        "denomination": "orthodox",
        "int_name": "Monastery of Saint Anthony",
        "landuse": "religious",
        "name": "دير الأنبا أنطونيوس",
        "name:ar": "دير الأنبا أنطونيوس",
        "name:de": "Antoniuskloster",
        "name:en": "Monastery of Saint Anthony",
        "name:fr": "Monastère Saint-Antoine",
        "name:it": "Monastero di Sant'Antonio",
        "religion": "christian",
        "source": "Bing",
        "wikidata": "Q112628765",
        "@geometry": "center"
      },
      "geometry": {
        "type": "Point",
        "coordinates": [
          32.3502741,
          28.9238087
        ]
      },
      "id": "way/142391283"
    },
    {
      "type": "Feature",
      "properties": {
        "@id": "way/149765702",
        "amenity": "place_of_worship",
        "building": "yes",
        "religion": "christian",
        "@geometry": "center"
      },
      "geometry": {
        "type": "Point",
        "coordinates": [
          32.64764,
          25.6990923
        ]
      },
      "id": "way/149765702"
    },
    {
      "type": "Feature",
      "properties": {
        "@id": "way/152478103",
        "amenity": "place_of_worship",
        "building": "church",
        "name": "مسجد جبل موسى",
        "name:ar": "مسجد جبل موسى",
        "name:br": "Moskeenn Menez Sinai",
        "name:de": "Berg-Sinai-Moschee",
        "name:es": "Mezquita del Monte Sinaí",
        "name:ru": "Мечеть на Горе Синай",
        "religion": "muslim",
        "@geometry": "center"
      },
      "geometry": {
        "type": "Point",
        "coordinates": [
          33.9750996,
          28.5385021
        ]
      },
      "id": "way/152478103"
    },
    {
      "type": "Feature",
      "properties": {
        "@id": "way/167141520",
        "amenity": "place_of_worship",
        "religion": "christian",
        "@geometry": "center"
      },
      "geometry": {
        "type": "Point",
        "coordinates": [
          32.7213917,
          29.5972305
        ]
      },
      "id": "way/167141520"
    },
    {
      "type": "Feature",
      "properties": {
        "@id": "way/169323231",
        "amenity": "place_of_worship",
        "name": "كنيسة القديس اثناثيوس",
        "name:ar": "كنيسة القديس اثناثيوس",
        "name:en": "Saint Athanassios Church",
        "religion": "christian",
        "@geometry": "center"
      },
      "geometry": {
        "type": "Point",
        "coordinates": [
          31.2251533,
          30.1852551
        ]
      },
      "id": "way/169323231"
    },
    {
      "type": "Feature",
      "properties": {
        "@id": "way/169326897",
        "amenity": "place_of_worship",
        "name": "كنيسة مار مرقس",
        "name:ar": "كنيسة مار مرقس",
        "name:en": "Mary Marcus Church",
        "religion": "christian",
        "@geometry": "center"
      },
      "geometry": {
        "type": "Point",
        "coordinates": [
          31.2460303,
          30.094512
        ]
      },
      "id": "way/169326897"
    },
    {
      "type": "Feature",
      "properties": {
        "@id": "way/169327110",
        "amenity": "place_of_worship",
        "name": "كنيسة العدرا والملاك",
        "name:ar": "كنيسة العدرا والملاك",
        "name:en": "Church of the Virgin and the Angel",
        "religion": "christian",
        "@geometry": "center"
      },
      "geometry": {
        "type": "Point",
        "coordinates": [
          31.248125,
          30.0971124
        ]
      },
      "id": "way/169327110"
    },
    {
      "type": "Feature",
      "properties": {
        "@id": "way/170016209",
        "amenity": "place_of_worship",
        "name": "كنيسة السيدة العذراء والقديس مارمرقس",
        "name:ar": "كنيسة السيدة العذراء والقديس مارمرقس",
        "name:en": "Saint Mary and St. Marckos church",
        "religion": "christian",
        "@geometry": "center"
      },
      "geometry": {
        "type": "Point",
        "coordinates": [
          30.9197681,
          29.959507
        ]
      },
      "id": "way/170016209"
    },
    {
      "type": "Feature",
      "properties": {
        "@id": "way/171490248",
        "amenity": "place_of_worship",
        "name": "Coptic Church",
        "religion": "christian",
        "@geometry": "center"
      },
      "geometry": {
        "type": "Point",
        "coordinates": [
          33.8043902,
          27.2465852
        ]
      },
      "id": "way/171490248"
    },
    {
      "type": "Feature",
      "properties": {
        "@id": "way/171764067",
        "amenity": "place_of_worship",
        "building": "church",
        "denomination": "coptic_orthodox",
        "image": "https://photos.app.goo.gl/t6Wv3ys9gCWtWCKf9",
        "name": "Coptic Church",
        "religion": "christian",
        "@geometry": "center"
      },
      "geometry": {
        "type": "Point",
        "coordinates": [
          33.8159703,
          27.2543275
        ]
      },
      "id": "way/171764067"
    },
    {
      "type": "Feature",
      "properties": {
        "@id": "way/181643902",
        "amenity": "place_of_worship",
        "building": "yes",
        "religion": "christian",
        "@geometry": "center"
      },
      "geometry": {
        "type": "Point",
        "coordinates": [
          31.1913139,
          30.0476324
        ]
      },
      "id": "way/181643902"
    },
    {
      "type": "Feature",
      "properties": {
        "@id": "way/197960951",
        "amenity": "place_of_worship",
        "building": "church",
        "denomination": "coptic_orthodox",
        "religion": "christian",
        "@geometry": "center"
      },
      "geometry": {
        "type": "Point",
        "coordinates": [
          31.2300399,
          30.005292
        ]
      },
      "id": "way/197960951"
    },
    {
      "type": "Feature",
      "properties": {
        "@id": "way/197960952",
        "amenity": "place_of_worship",
        "building": "church",
        "denomination": "coptic_orthodox",
        "historic": "church",
        "loc_name": "كنيسة أبي سرجة",
        "loc_name:en": "Abu Serga Church",
        "name": "كنيسة المغارة والشهيدين سرجيوس وواخس",
        "name:ar": "كنيسة المغارة والشهيدين سرجيوس وواخس",
        "name:de": "Sergios-und-Bakchos-Kirche",
        "name:en": "Cavern Church, and The Martyrs Sergius and Bacchus",
        "name:es": "Iglesia de San Sergio",
        "name:fa": "کلیسای مقدس سرجیوس و باکوس",
        "religion": "christian",
        "tourism": "attraction",
        "wikidata": "Q2965718",
        "wikimedia_commons": "Category:Saints Sergius and Bacchus Church, Cairo",
        "wikipedia": "en:Saints Sergius and Bacchus Church",
        "@geometry": "center"
      },
      "geometry": {
        "type": "Point",
        "coordinates": [
          31.2306554,
          30.0062615
        ]
      },
      "id": "way/197960952"
    },
    {
      "type": "Feature",
      "properties": {
        "@id": "way/197960953",
        "amenity": "place_of_worship",
        "building": "church",
        "denomination": "greek_orthodox",
        "religion": "christian",
        "@geometry": "center"
      },
      "geometry": {
        "type": "Point",
        "coordinates": [
          31.2300065,
          30.0063909
        ]
      },
      "id": "way/197960953"
    },
    {
      "type": "Feature",
      "properties": {
        "@id": "way/197960956",
        "amenity": "place_of_worship",
        "building": "church",
        "religion": "christian",
        "@geometry": "center"
      },
      "geometry": {
        "type": "Point",
        "coordinates": [
          31.2312697,
          30.0060796
        ]
      },
      "id": "way/197960956"
    },
    {
      "type": "Feature",
      "properties": {
        "@id": "way/210145984",
        "addr:city": "مدينة الساادات",
        "addr:city:fr": "Sadat",
        "amenity": "place_of_worship",
        "barrier": "wall",
        "name": "كنيسة العذراء مريم",
        "name:ar": "كنيسة العذراء مريم",
        "name:de": "Kirche der Jungfrau Maria",
        "name:fr": "Église de la Vierge Marie",
        "religion": "christian",
        "@geometry": "center"
      },
      "geometry": {
        "type": "Point",
        "coordinates": [
          30.5153981,
          30.3859739
        ]
      },
      "id": "way/210145984"
    },
    {
      "type": "Feature",
      "properties": {
        "@id": "way/210732707",
        "addr:housenumber": "55",
        "amenity": "place_of_worship",
        "denomination": "roman_catholic",
        "email": "holyfamilymaadi@gmail.com",
        "name": "Holy Family Roman Catholic Community",
        "phone": "23582004",
        "religion": "christian",
        "@geometry": "center"
      },
      "geometry": {
        "type": "Point",
        "coordinates": [
          31.2654728,
          29.9593424
        ]
      },
      "id": "way/210732707"
    },
    {
      "type": "Feature",
      "properties": {
        "@id": "way/210736403",
        "amenity": "place_of_worship",
        "name": "The Curch of St John the Baptist",
        "religion": "christian",
        "website": "https://www.stjohnschurchmaadi.org/",
        "@geometry": "center"
      },
      "geometry": {
        "type": "Point",
        "coordinates": [
          31.2665832,
          29.9604301
        ]
      },
      "id": "way/210736403"
    },
    {
      "type": "Feature",
      "properties": {
        "@id": "way/231759882",
        "amenity": "place_of_worship",
        "religion": "christian",
        "@geometry": "center"
      },
      "geometry": {
        "type": "Point",
        "coordinates": [
          31.3302374,
          30.0903339
        ]
      },
      "id": "way/231759882"
    },
    {
      "type": "Feature",
      "properties": {
        "@id": "way/235670178",
        "amenity": "place_of_worship",
        "building": "yes",
        "check_date": "2025-10-02",
        "name": "دير الشهيد مارجرجس بكوتسيكا",
        "name:ar": "دير الشهيد مارجرجس بكوتسيكا",
        "religion": "christian",
        "@geometry": "center"
      },
      "geometry": {
        "type": "Point",
        "coordinates": [
          31.2795799,
          29.9344184
        ]
      },
      "id": "way/235670178"
    },
    {
      "type": "Feature",
      "properties": {
        "@id": "way/245269793",
        "amenity": "place_of_worship",
        "building": "yes",
        "denomination": "orthodox",
        "religion": "christian",
        "@geometry": "center"
      },
      "geometry": {
        "type": "Point",
        "coordinates": [
          31.2351012,
          30.1048798
        ]
      },
      "id": "way/245269793"
    },
    {
      "type": "Feature",
      "properties": {
        "@id": "way/251383451",
        "building": "church",
        "height": "16",
        "historic": "yes",
        "name:en": "Dakka",
        "wikidata": "Q291241",
        "wikimedia_commons": "Category:Temple of Dakka",
        "wikipedia": "ar:معبد الدكة",
        "@geometry": "center"
      },
      "geometry": {
        "type": "Point",
        "coordinates": [
          32.5458404,
          22.8014654
        ]
      },
      "id": "way/251383451"
    },
    {
      "type": "Feature",
      "properties": {
        "@id": "way/251383452",
        "alt_name": "معبد تحوت",
        "alt_name:ar": "معبد تحوت",
        "alt_name:en": "Thot Temple",
        "alt_name:hu": "Thot temploma",
        "archaeological_site": "settlement",
        "building": "church",
        "description": "تحوت (هرمس عند الإغريق) هو ولي الأمر من العالم، إله الحكمة، الكتابة، والطب، وكنيسة الغامض السميع العليم الكينونة. وصل إلى الأرض كحجر لامع من الذهب.",
        "description:ar": "تحوت (هرمس عند الإغريق) هو ولي الأمر من العالم، إله الحكمة، الكتابة، والطب، وكنيسة الغامض السميع العليم الكينونة. وصل إلى الأرض كحجر لامع من الذهب.",
        "description:de": "Thot (Hermes für die Griechen) ist der Hüter des Ordens der Welt, des Gottes der Weisheit, der Schrift und der Medizin, der Kirche des mysteriösen Allwissenden. Er kam als strahlender Stein in Gold auf die Erde.",
        "description:el": "Ο Thot (Ερμής για τους Έλληνες) είναι ο θεματοφύλακας του Τάγματος του Κόσμου, του Θεού της Σοφίας, της Γραφής και της Ιατρικής, της Εκκλησίας του μυστηριώδους Γνώθμου Όντος. Έφθασε στη Γη ως λαμπρή πέτρα σε χρυσό.",
        "description:en": "Thot (Hermes for the Greeks) is the guardian of the Order of the World, the God of Wisdom, Writing, and Medicine, the Church of the Mysterious All-Knowing Being. He arrived on Earth as a brilliant stone in gold.",
        "description:es": "Thot (Hermes para los griegos) es el guardián de la Orden del Mundo, el Dios de la Sabiduría, la Escritura y la Medicina, la Iglesia del Misterioso Ser Omnisciente. Llegó a la Tierra como una piedra brillante en oro.",
        "description:fi": "Thot (greek: Hermes) on maailmanjärjestyksen, viisauden Jumalan, kirjoittamisen ja lääketieteen, salaperäisen kaikkien tuntevan olenton kirkko. Hän saapui maapalloon kuin kullan loistava kivi.",
        "description:fr": "Thot (Hermès pour les Grecs) est le gardien de l'Ordre du Monde, le Dieu de la Sagesse, de l'Ecriture et de la Médecine, l'Église de l'être mystérieux et omniscient. Il est arrivé sur Terre comme une pierre brillante en or.",
        "description:he": "ת'וט (הרמס ליוונים) הוא האפוטרופוס של מסדר העולם, אלוהי החוכמה, הכתיבה והרפואה, כנסיית היודע המסתורי. הוא הגיע על פני האדמה כאבן מבריקה בזהב.",
        "description:hu": "Thot (Hermész a görögöknél) a Világ rendjének őrzője, a Bölcsesség, az írás, és az orvoslás istene, a Titokzatos mindent tudó lény temploma. Aranyként ragyogó kőben-tojásban érkezett a Földre.",
        "description:it": "Thot (Hermes per i greci) è il guardiano dell'Ordine del mondo, il Dio della saggezza, della scrittura e della medicina, la Chiesa del misterioso essere onnisciente. Arrivò sulla Terra come una pietra brillante in oro.",
        "description:ja": "Thot（ギリシャ人のためのエルメス）は、世界の秩序、知恵の神、執筆、そして医学、神秘的な全知の教会です。 彼は金の華麗な石として地球に到着しました。",
        "description:la": "Thot (Hermes in Graeci), et custos ordo seclorum, Sapientia, scripto et de medicina Dei, Ecclesiae arcanum et omnisciente. Aurum, lapis est quasi ovum lucet in Terra.",
        "description:nl": "Thot (Hermes voor de Grieken) is de bewaker van de Orde van de Wereld, de God van Wijsheid, Schrijven en Geneeskunde, de Kerk van het Mysterieuze Alwetende Wezen. Hij kwam op aarde als een schitterende steen in goud.",
        "description:pl": "Thot (Hermes dla Greków) jest strażnikiem Zakonu Świata, Boga Mądrości, Pisania i Medycyny, Kościoła Tajemniczej Wszechwiedzącej Istoty. Przybył na Ziemię jako genialny kamień w złocie.",
        "description:ru": "Тот (Гермес для греков) - хранитель Ордена Мира, Бога Мудрости, Письма и Медицины, Церкви Таинственного Всезнающего Существа. Он прибыл на Землю как блестящий камень в золоте.",
        "description:zh": "Thot 是世界秩序的守護者，智慧之神，寫作和醫學，神秘全知的存在教會。 他作為一塊金色的石頭抵達地球。",
        "heritage": "1",
        "historic": "archaeological_site",
        "name": "معبد الدكة",
        "name:ar": "معبد الدكة",
        "name:en": "Ed Dakka Temple",
        "name:fr": "Temple de Dakka",
        "name:hu": "Dakka templom",
        "tourism": "attraction",
        "wikidata": "Q291241",
        "wikimedia_commons": "Category:Temple of Dakka",
        "wikipedia": "ar:معبد الدكة",
        "@geometry": "center"
      },
      "geometry": {
        "type": "Point",
        "coordinates": [
          32.5457556,
          22.8012443
        ]
      },
      "id": "way/251383452"
    },
    {
      "type": "Feature",
      "properties": {
        "@id": "way/251383453",
        "alt_name": "المحرقة",
        "alt_name:ar": "المحرقة",
        "archaeological_site": "settlement",
        "building": "church",
        "castle_type": "defensive",
        "heritage": "1",
        "historic": "castle",
        "name": "معبد المحرقة",
        "name:ar": "معبد المحرقة",
        "name:en": "Maharraqa",
        "name:hu": "Maharraqa templom-erőd",
        "opening_hours": "24/7",
        "ruins": "yes",
        "tourism": "attraction",
        "wheelchair": "no",
        "wikidata": "Q291839",
        "wikimedia_commons": "Category:Maharraqa",
        "wikipedia": "ar:معبد المحرقة",
        "@geometry": "center"
      },
      "geometry": {
        "type": "Point",
        "coordinates": [
          32.5475926,
          22.8008197
        ]
      },
      "id": "way/251383453"
    },
    {
      "type": "Feature",
      "properties": {
        "@id": "way/259650172",
        "amenity": "place_of_worship",
        "building": "yes",
        "name": "دير القديس مكاريوس",
        "name:ar": "دير القديس مكاريوس",
        "religion": "christian",
        "@geometry": "center"
      },
      "geometry": {
        "type": "Point",
        "coordinates": [
          30.288648,
          29.0863479
        ]
      },
      "id": "way/259650172"
    },
    {
      "type": "Feature",
      "properties": {
        "@id": "way/300665263",
        "building": "monastery",
        "historic": "ruins",
        "historic:civilization": "roman_and_byzantine_egyptian",
        "historic:period": "byzantine_egypt",
        "man_made": "wall",
        "name": "دير سمان",
        "name:de": "Simeonskloster",
        "name:en": "Saint Simeon Monastery",
        "name:fr": "Monastère Saint Siméon",
        "religion": "christian",
        "tourism": "attraction",
        "wikidata": "Q3320333",
        "wikimedia_commons": "Category:Monastery of Saint Simeon in Aswan",
        "wikipedia": "ar:دير الأنبا سمعان بأسوان",
        "@geometry": "center"
      },
      "geometry": {
        "type": "Point",
        "coordinates": [
          32.8757717,
          24.0947147
        ]
      },
      "id": "way/300665263"
    },
    {
      "type": "Feature",
      "properties": {
        "@id": "way/316152049",
        "building": "church",
        "@geometry": "center"
      },
      "geometry": {
        "type": "Point",
        "coordinates": [
          30.5158849,
          30.3860506
        ]
      },
      "id": "way/316152049"
    },
    {
      "type": "Feature",
      "properties": {
        "@id": "way/319004743",
        "addr:city": "Cairo",
        "barrier": "wall",
        "denomination": "coptic_orthodox",
        "historic": "church",
        "landuse": "religious",
        "name": "دير الأنبا سمعان الخراز",
        "name:ar": "دير الأنبا سمعان الخراز",
        "name:en": "Saint Samaan The Tanner Monastery",
        "religion": "christian",
        "website": "http://www.samaanchurch.com/",
        "wheelchair": "limited",
        "wikipedia": "en:Simon the Tanner#The Monastery of Saint Simon.2C Cairo",
        "@geometry": "center"
      },
      "geometry": {
        "type": "Point",
        "coordinates": [
          31.2754164,
          30.0316702
        ]
      },
      "id": "way/319004743"
    },
    {
      "type": "Feature",
      "properties": {
        "@id": "way/322841930",
        "amenity": "place_of_worship",
        "basilica": "minor",
        "building": "church",
        "denomination": "catholic",
        "name": "كنيسة سانت فاتيما",
        "name:ar": "كنيسة سانت فاتيما",
        "name:en": "Basilica of Our Lady of Fatima",
        "name:fr": "Basilique Notre-Dame de Fatima",
        "religion": "christian",
        "wikidata": "Q5052324",
        "wikipedia": "en:Our Lady of Fatima Cathedral, Cairo",
        "@geometry": "center"
      },
      "geometry": {
        "type": "Point",
        "coordinates": [
          31.3445034,
          30.1058718
        ]
      },
      "id": "way/322841930"
    },
    {
      "type": "Feature",
      "properties": {
        "@id": "way/326938597",
        "amenity": "place_of_worship",
        "building": "cathedral",
        "building:levels": "2",
        "denomination": "coptic_orthodox",
        "image": "https://photos.app.goo.gl/kbMa3wXGhtCizRY18",
        "name": "كتدرائية الملاك جبريل",
        "name:ar": "كتدرائية الملاك جبريل",
        "name:en": "Archangel Michael Cathedral for Coptic Orthodox",
        "name:es": "Catedral Ortodoxa Copta del Arcángel Miguel",
        "name:pt": "Catedral Ortodoxa Copta do Arcanjo Miguel",
        "religion": "christian",
        "tourism": "attraction",
        "wikidata": "Q131265047",
        "wikimedia_commons": "Category:Saint Michael's Coptic Orthodox Cathedral in Aswan",
        "wikipedia": "en:Archangel Michael's Coptic Orthodox Cathedral",
        "@geometry": "center"
      },
      "geometry": {
        "type": "Point",
        "coordinates": [
          32.8905126,
          24.0829025
        ]
      },
      "id": "way/326938597"
    },
    {
      "type": "Feature",
      "properties": {
        "@id": "node/328954748",
        "amenity": "place_of_worship",
        "name": "مار يوسف",
        "name:ar": "مار يوسف",
        "name:en": "Mar Youssef",
        "religion": "christian"
      },
      "geometry": {
        "type": "Point",
        "coordinates": [
          31.2303668,
          30.0096227
        ]
      },
      "id": "node/328954748"
    },
    {
      "type": "Feature",
      "properties": {
        "@id": "node/328955627",
        "alt_name": "كنيسة أبو سفن",
        "alt_name:en": "Abu Siphen Church",
        "amenity": "place_of_worship",
        "name": "كنيسة أبو سفن",
        "name:ar": "كنيسة أبو سفن",
        "name:en": "Saint Mercurius Church in Coptic Cairo",
        "religion": "christian",
        "wikidata": "Q7401898",
        "wikipedia": "en:Saint Mercurius Church in Coptic Cairo"
      },
      "geometry": {
        "type": "Point",
        "coordinates": [
          31.2308439,
          30.0125111
        ]
      },
      "id": "node/328955627"
    },
    {
      "type": "Feature",
      "properties": {
        "@id": "way/329381540",
        "amenity": "place_of_worship",
        "building": "church",
        "denomination": "coptic_catholic",
        "name": "كنيسة سيدة السلام",
        "name:ar": "كنيسة سيدة السلام",
        "name:de": "Kirche Sayyidat As-Salam",
        "name:en": "Sayyidat As-Salam Church",
        "name:fr": "Église Sayyidat As-Salam",
        "name:it": "Chiesa di Nostra Signora della Pace",
        "name:kk": "Саййидат Әс-Салам шіркеуі",
        "name:ru": "Церковь Саййидат Ас-Салам",
        "name:tr": "Seyyidat Es-Selam Kilisesi",
        "name:uk": "Церква Саййідат Ас-Салам",
        "religion": "christian",
        "source": "Bing",
        "@geometry": "center"
      },
      "geometry": {
        "type": "Point",
        "coordinates": [
          34.2969303,
          27.8844352
        ]
      },
      "id": "way/329381540"
    },
    {
      "type": "Feature",
      "properties": {
        "@id": "way/329548899",
        "amenity": "place_of_worship",
        "building": "cathedral",
        "denomination": "coptic_orthodox",
        "name": "Cathedral of All Saints Who Live in Heaven",
        "name:cs": "Kostel Všech svatých",
        "name:en": "Cathedral of All Saints Who Live in Heaven",
        "religion": "christian",
        "source": "Bing",
        "@geometry": "center"
      },
      "geometry": {
        "type": "Point",
        "coordinates": [
          34.295383,
          27.8879442
        ]
      },
      "id": "way/329548899"
    },
    {
      "type": "Feature",
      "properties": {
        "@id": "node/329991947",
        "amenity": "place_of_worship",
        "denomination": "maronite",
        "name": "الكنيسة المارونيه",
        "name:ar": "الكنيسة المارونيه",
        "name:en": "Maronite Church",
        "religion": "christian"
      },
      "geometry": {
        "type": "Point",
        "coordinates": [
          31.3270685,
          30.0937603
        ]
      },
      "id": "node/329991947"
    },
    {
      "type": "Feature",
      "properties": {
        "@id": "node/329992717",
        "alt_name": "القلب المقدس",
        "amenity": "place_of_worship",
        "name": "القلب المقدس",
        "name:ar": "القلب المقدس",
        "name:en": "Eglise du Sacre-Coeur",
        "religion": "christian"
      },
      "geometry": {
        "type": "Point",
        "coordinates": [
          31.3343131,
          30.0946817
        ]
      },
      "id": "node/329992717"
    },
    {
      "type": "Feature",
      "properties": {
        "@id": "node/329992756",
        "amenity": "place_of_worship",
        "name:en": "Immaculee conception",
        "religion": "christian"
      },
      "geometry": {
        "type": "Point",
        "coordinates": [
          31.336844,
          30.0948931
        ]
      },
      "id": "node/329992756"
    },
    {
      "type": "Feature",
      "properties": {
        "@id": "node/329992929",
        "alt_name": "القديسة تيريز",
        "amenity": "place_of_worship",
        "name": "القديسة تيريز",
        "name:ar": "القديسة تيريز",
        "name:en": "Sainte Therese",
        "religion": "christian"
      },
      "geometry": {
        "type": "Point",
        "coordinates": [
          31.3344351,
          30.0924588
        ]
      },
      "id": "node/329992929"
    },
    {
      "type": "Feature",
      "properties": {
        "@id": "node/330151682",
        "alt_name": "كنيسة القيامة",
        "amenity": "place_of_worship",
        "name": "كنيسة القيامة",
        "name:ar": "كنيسة القيامة",
        "name:en": "Al-Keyamah Church",
        "religion": "christian",
        "wheelchair": "no"
      },
      "geometry": {
        "type": "Point",
        "coordinates": [
          31.2519055,
          30.0611629
        ]
      },
      "id": "node/330151682"
    },
    {
      "type": "Feature",
      "properties": {
        "@id": "node/330151894",
        "alt_name": "القديسة مريم",
        "amenity": "place_of_worship",
        "name": "القديسة مريم",
        "name:ar": "القديسة مريم",
        "name:en": "Saint Mary Church Faggalah",
        "religion": "christian"
      },
      "geometry": {
        "type": "Point",
        "coordinates": [
          31.2502283,
          30.0607346
        ]
      },
      "id": "node/330151894"
    },
    {
      "type": "Feature",
      "properties": {
        "@id": "node/330152005",
        "amenity": "place_of_worship",
        "name": "كنيسة رؤاساء الملائكة",
        "name:ar": "كنيسة رؤاساء الملائكة",
        "name:en": "Roassa' Al-Malaeka Church",
        "religion": "christian"
      },
      "geometry": {
        "type": "Point",
        "coordinates": [
          31.253931,
          30.0625447
        ]
      },
      "id": "node/330152005"
    },
    {
      "type": "Feature",
      "properties": {
        "@id": "node/330152034",
        "amenity": "place_of_worship",
        "name": "كاتدرائية الأرمن",
        "name:ar": "كاتدرائية الأرمن",
        "name:en": "Armenian Cathedral",
        "religion": "christian"
      },
      "geometry": {
        "type": "Point",
        "coordinates": [
          31.2536307,
          30.0636588
        ]
      },
      "id": "node/330152034"
    },
    {
      "type": "Feature",
      "properties": {
        "@id": "node/330153415",
        "amenity": "place_of_worship",
        "name": "كنيسة القديس أنطونيوس الكبير",
        "name:ar": "كنيسة القديس أنطونيوس الكبير",
        "name:en": "Great St. Antonio Church",
        "note": "correct arabic tag",
        "religion": "christian"
      },
      "geometry": {
        "type": "Point",
        "coordinates": [
          31.2546177,
          30.059588
        ]
      },
      "id": "node/330153415"
    },
    {
      "type": "Feature",
      "properties": {
        "@id": "node/330160485",
        "alt_name": "سانتا دميانا",
        "amenity": "place_of_worship",
        "name": "سانتا دميانا",
        "name:ar": "سانتا دميانا",
        "name:en": "Santa Demiana",
        "religion": "christian"
      },
      "geometry": {
        "type": "Point",
        "coordinates": [
          31.2368221,
          30.0574281
        ]
      },
      "id": "node/330160485"
    },
    {
      "type": "Feature",
      "properties": {
        "@id": "node/330162899",
        "alt_name": "الصعود",
        "amenity": "place_of_worship",
        "name": "الصعود",
        "name:ar": "الصعود",
        "name:en": "Assumption",
        "religion": "christian"
      },
      "geometry": {
        "type": "Point",
        "coordinates": [
          31.255336,
          30.0504211
        ]
      },
      "id": "node/330162899"
    },
    {
      "type": "Feature",
      "properties": {
        "@id": "node/330163025",
        "amenity": "place_of_worship",
        "name": "البعثة الأمريكية",
        "name:ar": "البعثة الأمريكية",
        "religion": "christian"
      },
      "geometry": {
        "type": "Point",
        "coordinates": [
          31.2478006,
          30.0539197
        ]
      },
      "id": "node/330163025"
    },
    {
      "type": "Feature",
      "properties": {
        "@id": "node/330163939",
        "amenity": "place_of_worship",
        "name": "مار مينا",
        "name:ar": "مار مينا",
        "name:en": "St Mina",
        "religion": "christian"
      },
      "geometry": {
        "type": "Point",
        "coordinates": [
          31.2363992,
          30.0252258
        ]
      },
      "id": "node/330163939"
    },
    {
      "type": "Feature",
      "properties": {
        "@id": "node/331166343",
        "alt_name": "سانت تيريزا",
        "amenity": "place_of_worship",
        "name": "سانت تيريزا",
        "name:ar": "سانت تيريزا",
        "name:en": "Saint Therese",
        "religion": "christian"
      },
      "geometry": {
        "type": "Point",
        "coordinates": [
          31.2480012,
          30.0844143
        ]
      },
      "id": "node/331166343"
    },
    {
      "type": "Feature",
      "properties": {
        "@id": "node/331166542",
        "alt_name": "كنيسة الملاك ميخائيل بخماروية",
        "amenity": "place_of_worship",
        "name": "كنيسة الملاك ميخائيل بخماروية",
        "name:ar": "كنيسة الملاك ميخائيل بخماروية",
        "name:en": "Angel Michail Church",
        "note": "correct arabic tag",
        "religion": "christian"
      },
      "geometry": {
        "type": "Point",
        "coordinates": [
          31.2474004,
          30.0833746
        ]
      },
      "id": "node/331166542"
    },
    {
      "type": "Feature",
      "properties": {
        "@id": "node/331422296",
        "amenity": "place_of_worship",
        "name": "عين شمس الإنجيلية",
        "name:ar": "عين شمس الإنجيلية",
        "name:en": "Ain Shams Evangelical",
        "religion": "christian"
      },
      "geometry": {
        "type": "Point",
        "coordinates": [
          31.323075,
          30.128387
        ]
      },
      "id": "node/331422296"
    },
    {
      "type": "Feature",
      "properties": {
        "@id": "node/331448460",
        "amenity": "place_of_worship",
        "name": "إنجيلية",
        "name:ar": "إنجيلية",
        "name:en": "Evangelical",
        "religion": "christian"
      },
      "geometry": {
        "type": "Point",
        "coordinates": [
          31.3278787,
          29.8500523
        ]
      },
      "id": "node/331448460"
    },
    {
      "type": "Feature",
      "properties": {
        "@id": "way/333028542",
        "amenity": "place_of_worship",
        "building": "monastery",
        "denomination": "greek_orthodox",
        "name": "Deir al-Arbain",
        "religion": "christian",
        "@geometry": "center"
      },
      "geometry": {
        "type": "Point",
        "coordinates": [
          33.9652115,
          28.5359256
        ]
      },
      "id": "way/333028542"
    },
    {
      "type": "Feature",
      "properties": {
        "@id": "way/336004896",
        "amenity": "place_of_worship",
        "building": "church",
        "denomination": "coptic_orthodox",
        "name": "Monastery of Saint Macarius the Great",
        "religion": "christian",
        "source": "Bing",
        "wikipedia": "en:Monastery of Saint Macarius the Great",
        "@geometry": "center"
      },
      "geometry": {
        "type": "Point",
        "coordinates": [
          30.4756388,
          30.2920777
        ]
      },
      "id": "way/336004896"
    },
    {
      "type": "Feature",
      "properties": {
        "@id": "way/374953522",
        "historic": "monastery",
        "@geometry": "center"
      },
      "geometry": {
        "type": "Point",
        "coordinates": [
          33.9339058,
          28.558672
        ]
      },
      "id": "way/374953522"
    },
    {
      "type": "Feature",
      "properties": {
        "@id": "way/376827236",
        "amenity": "place_of_worship",
        "building": "church",
        "religion": "christian",
        "@geometry": "center"
      },
      "geometry": {
        "type": "Point",
        "coordinates": [
          31.3305953,
          30.0954928
        ]
      },
      "id": "way/376827236"
    },
    {
      "type": "Feature",
      "properties": {
        "@id": "way/378107408",
        "amenity": "place_of_worship",
        "building": "church",
        "denomination": "orthodox",
        "name": "كنيسة السيدة العذراء مريم",
        "name:ar": "كنيسة السيدة العذراء مريم",
        "name:de": "Kirche der Heiligen Jungfrau Maria",
        "name:en": "Blessed Virgin Mary Church",
        "name:fr": "Église Bienheureuse Vierge Marie",
        "religion": "christian",
        "@geometry": "center"
      },
      "geometry": {
        "type": "Point",
        "coordinates": [
          31.4763346,
          30.0652481
        ]
      },
      "id": "way/378107408"
    },
    {
      "type": "Feature",
      "properties": {
        "@id": "way/393645127",
        "amenity": "place_of_worship",
        "building": "yes",
        "religion": "christian",
        "@geometry": "center"
      },
      "geometry": {
        "type": "Point",
        "coordinates": [
          32.3088384,
          31.2672607
        ]
      },
      "id": "way/393645127"
    },
    {
      "type": "Feature",
      "properties": {
        "@id": "way/393645128",
        "amenity": "place_of_worship",
        "building": "yes",
        "religion": "christian",
        "@geometry": "center"
      },
      "geometry": {
        "type": "Point",
        "coordinates": [
          32.3091684,
          31.2671472
        ]
      },
      "id": "way/393645128"
    },
    {
      "type": "Feature",
      "properties": {
        "@id": "node/414554343",
        "alt_name": "كنيسة مار أطنازيوس",
        "amenity": "place_of_worship",
        "name": "كنيسة مار أطنازيوس",
        "name:ar": "كنيسة مار أطنازيوس",
        "name:en": "St. Athanasios Church",
        "religion": "christian"
      },
      "geometry": {
        "type": "Point",
        "coordinates": [
          31.2863125,
          30.011208
        ]
      },
      "id": "node/414554343"
    },
    {
      "type": "Feature",
      "properties": {
        "@id": "node/415399067",
        "amenity": "place_of_worship",
        "religion": "christian"
      },
      "geometry": {
        "type": "Point",
        "coordinates": [
          31.3741804,
          30.1009416
        ]
      },
      "id": "node/415399067"
    },
    {
      "type": "Feature",
      "properties": {
        "@id": "way/420391135",
        "amenity": "place_of_worship",
        "building": "church",
        "historic": "church",
        "name": "كنيسة مريم العذراء",
        "name:ar": "كنيسة مريم العذراء",
        "name:en": "Virgin Mary Church",
        "name:fa": "کلیسای مریم باکره",
        "religion": "christian",
        "@geometry": "center"
      },
      "geometry": {
        "type": "Point",
        "coordinates": [
          31.2316186,
          30.0069787
        ]
      },
      "id": "way/420391135"
    },
    {
      "type": "Feature",
      "properties": {
        "@id": "way/420391137",
        "amenity": "place_of_worship",
        "building": "church",
        "denomination": "coptic_orthodox",
        "historic": "church",
        "name": "كنيسة القديس جورج",
        "name:ar": "كنيسة القديس جورج",
        "name:en": "Saint George's Church",
        "name:fa": "کلیسای سنت جورج",
        "religion": "christian",
        "@geometry": "center"
      },
      "geometry": {
        "type": "Point",
        "coordinates": [
          31.2313944,
          30.0068232
        ]
      },
      "id": "way/420391137"
    },
    {
      "type": "Feature",
      "properties": {
        "@id": "way/422434859",
        "addr:city": "القاهرة",
        "addr:country": "EG",
        "addr:district": "الزمالك",
        "addr:district:en": "El Zamalek",
        "addr:housenumber": "4",
        "addr:postcode": "11568",
        "addr:province": "القاهرة",
        "addr:province:en": "Cairo",
        "addr:street": "شارع احمد صبري",
        "addr:street:en": "Ahmed Sabry Street",
        "addr:subdistrict": "محمد مظهر",
        "addr:subdistrict:en": "Mohamed Mazhar",
        "amenity": "place_of_worship",
        "building": "church",
        "name": "كنيسة مار يوسف",
        "name:ar": "كنيسة مار يوسف",
        "name:de": "Kirche des Heiligen Josef",
        "name:en": "Saint Joseph's Church",
        "name:es": "Iglesia de San José",
        "religion": "christian",
        "@geometry": "center"
      },
      "geometry": {
        "type": "Point",
        "coordinates": [
          31.2202004,
          30.0622891
        ]
      },
      "id": "way/422434859"
    },
    {
      "type": "Feature",
      "properties": {
        "@id": "way/459054511",
        "addr:housenumber": "222",
        "addr:street": "شارع رمسيس",
        "addr:street:en": "Ramsis Street",
        "amenity": "place_of_worship",
        "building": "yes",
        "denomination": "coptic_orthodox",
        "name": "مار مرقص",
        "name:ar": "مار مرقص",
        "name:de": "Sankt Markus",
        "name:en": "Saint Mark",
        "religion": "christian",
        "@geometry": "center"
      },
      "geometry": {
        "type": "Point",
        "coordinates": [
          31.2754543,
          30.072329
        ]
      },
      "id": "way/459054511"
    },
    {
      "type": "Feature",
      "properties": {
        "@id": "way/459056951",
        "amenity": "place_of_worship",
        "building": "yes",
        "denomination": "coptic_orthodox",
        "name": "Saints Peter and Paul",
        "religion": "christian",
        "@geometry": "center"
      },
      "geometry": {
        "type": "Point",
        "coordinates": [
          31.2750423,
          30.0717655
        ]
      },
      "id": "way/459056951"
    },
    {
      "type": "Feature",
      "properties": {
        "@id": "way/476726261",
        "amenity": "place_of_worship",
        "building": "yes",
        "image": "https://photos.app.goo.gl/Mu2ybANCNaa4HR458",
        "name": "Church of Archangel Michael",
        "religion": "christian",
        "@geometry": "center"
      },
      "geometry": {
        "type": "Point",
        "coordinates": [
          32.646105,
          25.6997737
        ]
      },
      "id": "way/476726261"
    },
    {
      "type": "Feature",
      "properties": {
        "@id": "node/493191894",
        "alt_name": "ميشل أنجيل",
        "amenity": "place_of_worship",
        "name": "ميشل أنجيل",
        "name:ar": "ميشل أنجيل",
        "name:en": "Mickael Angel",
        "religion": "christian",
        "wheelchair": "no"
      },
      "geometry": {
        "type": "Point",
        "coordinates": [
          31.2328384,
          29.9979707
        ]
      },
      "id": "node/493191894"
    },
    {
      "type": "Feature",
      "properties": {
        "@id": "way/512321930",
        "amenity": "place_of_worship",
        "building": "yes",
        "name": "Monastery of the Martyrs",
        "religion": "christian",
        "wikipedia": "en:Monastery of the Martyrs",
        "@geometry": "center"
      },
      "geometry": {
        "type": "Point",
        "coordinates": [
          31.7914082,
          26.5982724
        ]
      },
      "id": "way/512321930"
    },
    {
      "type": "Feature",
      "properties": {
        "@id": "way/515100191",
        "amenity": "place_of_worship",
        "building": "yes",
        "denomination": "coptic_orthodox",
        "name": "Red Monastery",
        "religion": "christian",
        "wikipedia": "en:Red Monastery",
        "@geometry": "center"
      },
      "geometry": {
        "type": "Point",
        "coordinates": [
          31.6199145,
          26.5547453
        ]
      },
      "id": "way/515100191"
    },
    {
      "type": "Feature",
      "properties": {
        "@id": "way/520698791",
        "amenity": "place_of_worship",
        "building": "yes",
        "name": "White Monastery",
        "religion": "christian",
        "source": "bing",
        "wikidata": "Q202661",
        "wikimedia_commons": "Category:White Monastery",
        "wikipedia": "en:White Monastery",
        "@geometry": "center"
      },
      "geometry": {
        "type": "Point",
        "coordinates": [
          31.6457342,
          26.5345534
        ]
      },
      "id": "way/520698791"
    },
    {
      "type": "Feature",
      "properties": {
        "@id": "way/523637916",
        "amenity": "place_of_worship",
        "building": "yes",
        "denomination": "greek_orthodox",
        "name": "Al Ibrahimia Church",
        "religion": "christian",
        "@geometry": "center"
      },
      "geometry": {
        "type": "Point",
        "coordinates": [
          29.926758,
          31.2131791
        ]
      },
      "id": "way/523637916"
    },
    {
      "type": "Feature",
      "properties": {
        "@id": "way/527246366",
        "amenity": "place_of_worship",
        "building": "church",
        "name": "Church of the Great Martyr St. George the Martyr Barbara",
        "name:fr": "Église du Grand Martyr Saint Georges le Martyr Barbara",
        "religion": "christian",
        "@geometry": "center"
      },
      "geometry": {
        "type": "Point",
        "coordinates": [
          31.2228884,
          29.9939266
        ]
      },
      "id": "way/527246366"
    },
    {
      "type": "Feature",
      "properties": {
        "@id": "way/533262488",
        "amenity": "place_of_worship",
        "building": "church",
        "religion": "muslim",
        "@geometry": "center"
      },
      "geometry": {
        "type": "Point",
        "coordinates": [
          31.0637971,
          29.8902436
        ]
      },
      "id": "way/533262488"
    },
    {
      "type": "Feature",
      "properties": {
        "@id": "way/533262491",
        "amenity": "place_of_worship",
        "building": "church",
        "religion": "muslim",
        "@geometry": "center"
      },
      "geometry": {
        "type": "Point",
        "coordinates": [
          31.0676451,
          29.8896971
        ]
      },
      "id": "way/533262491"
    },
    {
      "type": "Feature",
      "properties": {
        "@id": "way/533262495",
        "amenity": "place_of_worship",
        "building": "church",
        "religion": "muslim",
        "@geometry": "center"
      },
      "geometry": {
        "type": "Point",
        "coordinates": [
          31.0636259,
          29.8864693
        ]
      },
      "id": "way/533262495"
    },
    {
      "type": "Feature",
      "properties": {
        "@id": "way/533262499",
        "amenity": "place_of_worship",
        "building": "church",
        "religion": "muslim",
        "@geometry": "center"
      },
      "geometry": {
        "type": "Point",
        "coordinates": [
          31.0620863,
          29.8882983
        ]
      },
      "id": "way/533262499"
    },
    {
      "type": "Feature",
      "properties": {
        "@id": "way/533262503",
        "amenity": "place_of_worship",
        "building": "church",
        "religion": "muslim",
        "@geometry": "center"
      },
      "geometry": {
        "type": "Point",
        "coordinates": [
          31.0588756,
          29.8899017
        ]
      },
      "id": "way/533262503"
    },
    {
      "type": "Feature",
      "properties": {
        "@id": "way/533262508",
        "amenity": "place_of_worship",
        "building": "church",
        "religion": "muslim",
        "@geometry": "center"
      },
      "geometry": {
        "type": "Point",
        "coordinates": [
          31.0619588,
          29.8912156
        ]
      },
      "id": "way/533262508"
    },
    {
      "type": "Feature",
      "properties": {
        "@id": "way/533262517",
        "amenity": "place_of_worship",
        "building": "church",
        "religion": "muslim",
        "@geometry": "center"
      },
      "geometry": {
        "type": "Point",
        "coordinates": [
          31.0594684,
          29.8928701
        ]
      },
      "id": "way/533262517"
    },
    {
      "type": "Feature",
      "properties": {
        "@id": "way/533262527",
        "amenity": "place_of_worship",
        "building": "church",
        "religion": "muslim",
        "@geometry": "center"
      },
      "geometry": {
        "type": "Point",
        "coordinates": [
          31.0574876,
          29.8943478
        ]
      },
      "id": "way/533262527"
    },
    {
      "type": "Feature",
      "properties": {
        "@id": "way/533262534",
        "amenity": "place_of_worship",
        "building": "church",
        "religion": "muslim",
        "@geometry": "center"
      },
      "geometry": {
        "type": "Point",
        "coordinates": [
          31.0540489,
          29.8936256
        ]
      },
      "id": "way/533262534"
    },
    {
      "type": "Feature",
      "properties": {
        "@id": "way/533262535",
        "amenity": "place_of_worship",
        "building": "church",
        "religion": "muslim",
        "@geometry": "center"
      },
      "geometry": {
        "type": "Point",
        "coordinates": [
          31.0560842,
          29.8936094
        ]
      },
      "id": "way/533262535"
    },
    {
      "type": "Feature",
      "properties": {
        "@id": "way/539101962",
        "amenity": "place_of_worship",
        "building": "church",
        "religion": "muslim",
        "@geometry": "center"
      },
      "geometry": {
        "type": "Point",
        "coordinates": [
          30.9809366,
          30.0479225
        ]
      },
      "id": "way/539101962"
    },
    {
      "type": "Feature",
      "properties": {
        "@id": "way/547713993",
        "amenity": "place_of_worship",
        "building": "yes",
        "name": "Saint Mark",
        "religion": "christian",
        "@geometry": "center"
      },
      "geometry": {
        "type": "Point",
        "coordinates": [
          31.0910973,
          29.9724084
        ]
      },
      "id": "way/547713993"
    },
    {
      "type": "Feature",
      "properties": {
        "@id": "way/566174217",
        "addr:city": "دسوق",
        "addr:street": "ميدان المحطة",
        "amenity": "place_of_worship",
        "building": "yes",
        "denomination": "coptic_orthodox",
        "name": "كنيسة الشهيد العظيم مار جرجس",
        "name:ar": "كنيسة الشهيد العظيم مار جرجس",
        "name:en": "Church of St. George the Great Martyr",
        "religion": "christian",
        "wikidata": "Q12236327",
        "wikipedia": "ar:كنيسة الشهيد العظيم مارجرجس (دسوق)",
        "@geometry": "center"
      },
      "geometry": {
        "type": "Point",
        "coordinates": [
          30.6414623,
          31.1318812
        ]
      },
      "id": "way/566174217"
    },
    {
      "type": "Feature",
      "properties": {
        "@id": "node/573794428",
        "amenity": "place_of_worship",
        "religion": "christian"
      },
      "geometry": {
        "type": "Point",
        "coordinates": [
          31.1763063,
          30.0615978
        ]
      },
      "id": "node/573794428"
    },
    {
      "type": "Feature",
      "properties": {
        "@id": "way/583459047",
        "amenity": "place_of_worship",
        "building": "yes",
        "name": "Saint Anthony Church",
        "religion": "christian",
        "@geometry": "center"
      },
      "geometry": {
        "type": "Point",
        "coordinates": [
          30.7493975,
          28.1117409
        ]
      },
      "id": "way/583459047"
    },
    {
      "type": "Feature",
      "properties": {
        "@id": "way/601356320",
        "denomination": "coptic_orthodox",
        "landuse": "cemetery",
        "name": "مقابر المسيحيين الأرثوذوكس",
        "name:ar": "مقابر المسيحيين الأرثوذوكس",
        "religion": "christian",
        "@geometry": "center"
      },
      "geometry": {
        "type": "Point",
        "coordinates": [
          30.6509766,
          31.124343
        ]
      },
      "id": "way/601356320"
    },
    {
      "type": "Feature",
      "properties": {
        "@id": "way/641487873",
        "amenity": "place_of_worship",
        "building": "yes",
        "name": "كنيسه الملاك",
        "name:ar": "كنيسه الملاك",
        "religion": "christian",
        "@geometry": "center"
      },
      "geometry": {
        "type": "Point",
        "coordinates": [
          27.231123,
          31.3402547
        ]
      },
      "id": "way/641487873"
    },
    {
      "type": "Feature",
      "properties": {
        "@id": "way/649120319",
        "amenity": "place_of_worship",
        "building": "yes",
        "religion": "christian",
        "@geometry": "center"
      },
      "geometry": {
        "type": "Point",
        "coordinates": [
          29.5849974,
          30.8772368
        ]
      },
      "id": "way/649120319"
    },
    {
      "type": "Feature",
      "properties": {
        "@id": "way/655944901",
        "amenity": "place_of_worship",
        "building": "yes",
        "denomination": "roman_catholic",
        "lit": "yes",
        "name": "كنيسة سانت كاترين",
        "name:ar": "كنيسة سانت كاترين",
        "name:de": "St.-Katharinen-Kathedrale",
        "name:en": "Saint Catherine Cathedral",
        "name:es": "Catedral de Santa Catalina",
        "name:it": "Cattedrale di Santa Caterina",
        "religion": "christian",
        "wikidata": "Q1450280",
        "wikimedia_commons": "Category:St. Catherine's Cathedral, Alexandria",
        "wikipedia": "ar:كاتدرائية سانت كاترين",
        "@geometry": "center"
      },
      "geometry": {
        "type": "Point",
        "coordinates": [
          29.8947063,
          31.194551
        ]
      },
      "id": "way/655944901"
    },
    {
      "type": "Feature",
      "properties": {
        "@id": "way/655944907",
        "addr:city": "الإسكندرية",
        "amenity": "place_of_worship",
        "building": "yes",
        "denomination": "greek_orthodox",
        "name": "الإغريق الأرتدكس",
        "name:ar": "الإغريق الأرتدكس",
        "name:el": "Ιερός Καθεδρικός Ναός Ευαγγελισμού της Θεοτόκου Αλεξάνδρειας",
        "name:en": "Cathedral of Evangelismos;Greek Orthodox Patriarchate of Alexandria",
        "name:es": "Iglesia Ortodoxa Griega",
        "religion": "christian",
        "wikidata": "Q1356821;Q251268",
        "wikipedia": "en:Cathedral of Evangelismos",
        "@geometry": "center"
      },
      "geometry": {
        "type": "Point",
        "coordinates": [
          29.895968,
          31.195215
        ]
      },
      "id": "way/655944907"
    },
    {
      "type": "Feature",
      "properties": {
        "@id": "way/656519364",
        "amenity": "place_of_worship",
        "building": "yes",
        "religion": "christian",
        "@geometry": "center"
      },
      "geometry": {
        "type": "Point",
        "coordinates": [
          29.8983613,
          31.1886258
        ]
      },
      "id": "way/656519364"
    },
    {
      "type": "Feature",
      "properties": {
        "@id": "way/661386026",
        "addr:city": "وديان",
        "addr:city:ar": "وديان",
        "addr:city:en": "Wudyan",
        "amenity": "place_of_worship",
        "building": "yes",
        "denomination": "coptic_orthodox",
        "language:ar": "main",
        "name": "كاتدرائية ميلاد المسيح",
        "name:ar": "كاتدرائية ميلاد المسيح",
        "name:en": "Cathedral of the Nativity",
        "name:fr": "Cathédrale de la Nativité",
        "name:pl": "Katedra Narodzenia Chrystusa",
        "religion": "christian",
        "start_date": "2019-01-06",
        "wikidata": "Q47166968",
        "wikimedia_commons": "Category:Cathedral of the Nativity (Cairo)",
        "wikipedia": "ar:كاتدرائية ميلاد المسيح",
        "wikipedia:ar": "كاتدرائية ميلاد المسيح",
        "@geometry": "center"
      },
      "geometry": {
        "type": "Point",
        "coordinates": [
          31.7204295,
          29.981197
        ]
      },
      "id": "way/661386026"
    },
    {
      "type": "Feature",
      "properties": {
        "@id": "way/665565303",
        "amenity": "place_of_worship",
        "building": "church",
        "denomination": "coptic_catholic",
        "name": "Orthodox Church",
        "religion": "christian",
        "@geometry": "center"
      },
      "geometry": {
        "type": "Point",
        "coordinates": [
          33.6581293,
          27.363316
        ]
      },
      "id": "way/665565303"
    },
    {
      "type": "Feature",
      "properties": {
        "@id": "node/673417163",
        "alt_name": "كنيسة مار مرقس بالمعادي",
        "amenity": "place_of_worship",
        "denomination": "coptic_orthodox",
        "name": "St. Mark Church Maadi",
        "name:ar": "كنيسة مار مرقس بالمعادي",
        "name:en": "St. Mark Church Maadi",
        "religion": "christian"
      },
      "geometry": {
        "type": "Point",
        "coordinates": [
          31.2654585,
          29.9635686
        ]
      },
      "id": "node/673417163"
    },
    {
      "type": "Feature",
      "properties": {
        "@id": "way/686194642",
        "amenity": "place_of_worship",
        "building": "yes",
        "denomination": "Evangelical_Church",
        "name": "Kasr El Dobara Evangelical Church",
        "religion": "christian",
        "wikidata": "Q63433351",
        "wikimedia_commons": "Category:Kasr El Dobara Evangelical Church",
        "@geometry": "center"
      },
      "geometry": {
        "type": "Point",
        "coordinates": [
          31.2347799,
          30.0421628
        ]
      },
      "id": "way/686194642"
    },
    {
      "type": "Feature",
      "properties": {
        "@id": "way/687256923",
        "amenity": "place_of_worship",
        "building": "yes",
        "name": "saint Mary chruch and The martyr Abanoub",
        "religion": "christian",
        "@geometry": "center"
      },
      "geometry": {
        "type": "Point",
        "coordinates": [
          30.6707192,
          28.3691198
        ]
      },
      "id": "way/687256923"
    },
    {
      "type": "Feature",
      "properties": {
        "@id": "way/687937956",
        "landuse": "cemetery",
        "religion": "christian",
        "@geometry": "center"
      },
      "geometry": {
        "type": "Point",
        "coordinates": [
          31.418549,
          29.9821386
        ]
      },
      "id": "way/687937956"
    },
    {
      "type": "Feature",
      "properties": {
        "@id": "way/699081142",
        "amenity": "hospital",
        "denomination": "coptic_orthodox",
        "healthcare": "hospital",
        "name": "مستشفى العذراء الخيرى",
        "name:ar": "القديسة مريم",
        "name:en": "Saint Mary Shrine Al-Zeitoun",
        "@geometry": "center"
      },
      "geometry": {
        "type": "Point",
        "coordinates": [
          31.3153309,
          30.104393
        ]
      },
      "id": "way/699081142"
    },
    {
      "type": "Feature",
      "properties": {
        "@id": "way/699525712",
        "archaeological_site": "settlement",
        "building": "church",
        "heritage": "1",
        "historic": "archaeological_site",
        "layer": "-1",
        "name": "معبد رع وتحوت",
        "name:ar": "معبد رع وتحوت",
        "name:en": "Re & Thot Temple",
        "name:fr": "Temple Re & Thot",
        "opening_hours": "24/7",
        "tourism": "attraction",
        "wheelchair": "no",
        "@geometry": "center"
      },
      "geometry": {
        "type": "Point",
        "coordinates": [
          32.5446513,
          22.7941638
        ]
      },
      "id": "way/699525712"
    },
    {
      "type": "Feature",
      "properties": {
        "@id": "way/703031139",
        "alt_name:en": "Alexandria (Chatby) British Protestant Cemetery",
        "denomination": "anglican",
        "landuse": "cemetery",
        "name": "Anglican Church Cemetery",
        "name:en": "Anglican Church Cemetery",
        "religion": "christian",
        "wikidata": "Q65455957",
        "@geometry": "center"
      },
      "geometry": {
        "type": "Point",
        "coordinates": [
          29.9164001,
          31.2068786
        ]
      },
      "id": "way/703031139"
    },
    {
      "type": "Feature",
      "properties": {
        "@id": "way/705834570",
        "addr:district": "Heliopolis",
        "addr:housenumber": "65",
        "addr:street:ar": "نخلة المطيعي",
        "addr:street:en": "Nakhla Al Motei",
        "amenity": "place_of_worship",
        "building": "yes",
        "name:ar": "اجتماع الاخوة",
        "name:en": "Brethren Church",
        "religion": "christian",
        "@geometry": "center"
      },
      "geometry": {
        "type": "Point",
        "coordinates": [
          31.3451157,
          30.0991579
        ]
      },
      "id": "way/705834570"
    },
    {
      "type": "Feature",
      "properties": {
        "@id": "way/761734538",
        "addr:city": "القاهرة",
        "amenity": "place_of_worship",
        "building": "yes",
        "check_date": "2024-10-21",
        "denomination": "anglican",
        "name": "All Saints",
        "religion": "christian",
        "roof:shape": "cone",
        "wikidata": "Q15179391",
        "wikimedia_commons": "Category:All Saints' Cathedral, Cairo",
        "wikipedia": "ru:Собор Всех Святых (Каир)",
        "@geometry": "center"
      },
      "geometry": {
        "type": "Point",
        "coordinates": [
          31.2237624,
          30.0580457
        ]
      },
      "id": "way/761734538"
    },
    {
      "type": "Feature",
      "properties": {
        "@id": "way/762740018",
        "alt_name": "كنيسة سيدة الكرمل للآباء الفرنسيسكان بولاق",
        "amenity": "place_of_worship",
        "building": "yes",
        "name": "كنيسة سيدة الكرمل للآباء الفرنسيسكان بولاق",
        "name:ar": "كنيسة سيدة الكرمل للآباء الفرنسيسكان بولاق",
        "name:en": "Church of Carmelite Lady for Franciscan Padres",
        "note": "correct arabic tag",
        "religion": "christian",
        "@geometry": "center"
      },
      "geometry": {
        "type": "Point",
        "coordinates": [
          31.23309,
          30.0567818
        ]
      },
      "id": "way/762740018"
    },
    {
      "type": "Feature",
      "properties": {
        "@id": "way/767225408",
        "addr:city": "القاهرة",
        "amenity": "place_of_worship",
        "building": "yes",
        "religion": "christian",
        "roof:shape": "flat",
        "@geometry": "center"
      },
      "geometry": {
        "type": "Point",
        "coordinates": [
          31.2396744,
          30.056877
        ]
      },
      "id": "way/767225408"
    },
    {
      "type": "Feature",
      "properties": {
        "@id": "node/768032236",
        "alt_name": "دير أنبا حور",
        "amenity": "place_of_worship",
        "int_name": "Dayr al Anbā Hūr, Dayr al Anba Hur",
        "name": "دير أنبا حور",
        "name:ar": "دير أنبا حور",
        "name:ar1": "دير أنبا حور",
        "name:de": "Dayr al Anba Hur",
        "name:en": "Dayr al Anba Hur",
        "name:fr": "Dayr al Anba Hur",
        "religion": "christian"
      },
      "geometry": {
        "type": "Point",
        "coordinates": [
          30.7994233,
          28.0829615
        ]
      },
      "id": "node/768032236"
    },
    {
      "type": "Feature",
      "properties": {
        "@id": "node/768078789",
        "alt_name": "الأنبا باخوم",
        "amenity": "place_of_worship",
        "int_name": "Al Anbā Bākhūm, Al Anba Bakhum",
        "name": "الأنبا باخوم",
        "name:ar": "الأنبا باخوم",
        "name:ar1": "الأنبا باخوم",
        "name:de": "Al Anba Bakhum",
        "name:en": "Al Anba Bakhum",
        "name:fr": "Al Anba Bakhum",
        "religion": "christian"
      },
      "geometry": {
        "type": "Point",
        "coordinates": [
          32.833333,
          24.966667
        ]
      },
      "id": "node/768078789"
    },
    {
      "type": "Feature",
      "properties": {
        "@id": "node/768087181",
        "alt_name": "دير ريفة",
        "amenity": "place_of_worship",
        "int_name": "Deir Rifa, Deir Rifa",
        "name": "دير ريفة",
        "name:ar": "دير ريفة",
        "name:ar1": "دير ريفة",
        "name:de": "Deir Rifa",
        "name:en": "Deir Rifa",
        "name:fr": "Deir Rifa",
        "religion": "christian"
      },
      "geometry": {
        "type": "Point",
        "coordinates": [
          31.186389,
          27.078056
        ]
      },
      "id": "node/768087181"
    },
    {
      "type": "Feature",
      "properties": {
        "@id": "node/768091513",
        "alt_name": "دير الأمير تادرس",
        "amenity": "place_of_worship",
        "int_name": "El Amir Tadros Monastery, Al Amir Tadros Monastery",
        "name": "دير الأمير تادرس",
        "name:ar": "دير الأمير تادرس",
        "name:ar1": "دير الأمير تادرس",
        "name:de": "Al Amir Tadros Monastery",
        "name:en": "Al Amir Tadros Monastery",
        "name:fr": "Al Amir Tadros Monastery",
        "religion": "christian"
      },
      "geometry": {
        "type": "Point",
        "coordinates": [
          30.966667,
          27.383333
        ]
      },
      "id": "node/768091513"
    },
    {
      "type": "Feature",
      "properties": {
        "@id": "node/768095070",
        "alt_name": "دير البراموس",
        "amenity": "place_of_worship",
        "int_name": "Deir Barâmûs, Deir Baramus",
        "name": "دير البراموس",
        "name:ar": "دير البراموس",
        "name:ar1": "دير البراموس",
        "name:de": "Deir Baramus",
        "name:en": "Deir Baramus",
        "name:fr": "Deir Baramus",
        "religion": "christian",
        "wikidata": "Q4120046",
        "wikimedia_commons": "Category:Paromeos Monastery",
        "wikipedia": "en:Paromeos Monastery"
      },
      "geometry": {
        "type": "Point",
        "coordinates": [
          30.2706403,
          30.3570998
        ]
      },
      "id": "node/768095070"
    },
    {
      "type": "Feature",
      "properties": {
        "@id": "node/768095209",
        "alt_name": "دير السرياني",
        "amenity": "place_of_worship",
        "int_name": "Dayr as Siryānī, Dayr al Siryani, Deir Suriani",
        "name": "دير السرياني",
        "name:ar": "دير السرياني",
        "name:ar1": "دير السرياني",
        "name:de": "Dayr al Siryani",
        "name:en": "Dayr al Siryani",
        "name:fr": "Dayr al Siryani",
        "religion": "christian"
      },
      "geometry": {
        "type": "Point",
        "coordinates": [
          30.3548726,
          30.3178594
        ]
      },
      "id": "node/768095209"
    },
    {
      "type": "Feature",
      "properties": {
        "@id": "node/768095210",
        "alt_name": "دير الأنبا بشوي",
        "alt_name:pl": "Klasztor Świętego Biszwiego",
        "amenity": "place_of_worship",
        "denomination": "coptic",
        "int_name": "Deir Amba Bishôi, Deir Amba Bishoi, Dayr al Anba Bishuy",
        "name": "دير الأنبا بشوي",
        "name:ar": "دير الأنبا بشوي",
        "name:ar1": "دير الأنبا بشوي",
        "name:de": "Deir Amba Bishoi",
        "name:en": "Saint Bishoy Monastery",
        "name:fr": "Deir Amba Bishoi",
        "name:pl": "Klasztor Świętego Paisjusza",
        "religion": "christian",
        "wikidata": "Q3320206",
        "wikimedia_commons": "Category:Monastery of Saint Bishoy",
        "wikipedia": "en:Monastery of Saint Pishoy"
      },
      "geometry": {
        "type": "Point",
        "coordinates": [
          30.3600656,
          30.3190367
        ]
      },
      "id": "node/768095210"
    },
    {
      "type": "Feature",
      "properties": {
        "@id": "node/768554316",
        "alt_name": "دير الملاك",
        "amenity": "place_of_worship",
        "int_name": "Dayr al Malāk, Dayr al Malak",
        "name": "دير الملاك",
        "name:ar": "دير الملاك",
        "name:ar1": "دير الملاك",
        "name:de": "Dayr al Malak",
        "name:en": "Dayr al Malak",
        "name:fr": "Dayr al Malak",
        "religion": "christian"
      },
      "geometry": {
        "type": "Point",
        "coordinates": [
          30.866667,
          27.766667
        ]
      },
      "id": "node/768554316"
    },
    {
      "type": "Feature",
      "properties": {
        "@id": "node/768556847",
        "alt_name": "دير أبو خشبة",
        "amenity": "place_of_worship",
        "int_name": "Dayr Abū Khashabah, Dayr Abu Khashabah",
        "name": "دير أبو خشبة",
        "name:ar": "دير أبو خشبة",
        "name:ar1": "دير أبو خشبة",
        "name:de": "Dayr Abu Khashabah",
        "name:en": "Dayr Abu Khashabah",
        "name:fr": "Dayr Abu Khashabah",
        "religion": "christian"
      },
      "geometry": {
        "type": "Point",
        "coordinates": [
          30.875833,
          29.194722
        ]
      },
      "id": "node/768556847"
    },
    {
      "type": "Feature",
      "properties": {
        "@id": "node/768557601",
        "alt_name": "دير الميمون",
        "amenity": "place_of_worship",
        "int_name": "Dayr al Maymūn, Dayr al Maymun",
        "name": "دير الميمون",
        "name:ar": "دير الميمون",
        "name:ar1": "دير الميمون",
        "name:de": "Dayr al Maymun",
        "name:en": "Dayr al Maymun",
        "name:fr": "Dayr al Maymun",
        "religion": "christian",
        "wikidata": "Q12212334",
        "wikipedia": "en:Dayr al-Maymūn"
      },
      "geometry": {
        "type": "Point",
        "coordinates": [
          31.216667,
          29.216667
        ]
      },
      "id": "node/768557601"
    },
    {
      "type": "Feature",
      "properties": {
        "@id": "node/768558466",
        "alt_name": "دير الملاك",
        "amenity": "place_of_worship",
        "int_name": "Dayr al Malāk, Dayr al Malak",
        "name": "دير الملاك",
        "name:ar": "دير الملاك",
        "name:ar1": "دير الملاك",
        "name:de": "Dayr al Malak",
        "name:en": "Dayr al Malak",
        "name:fr": "Dayr al Malak",
        "religion": "christian"
      },
      "geometry": {
        "type": "Point",
        "coordinates": [
          32.316667,
          26.066667
        ]
      },
      "id": "node/768558466"
    },
    {
      "type": "Feature",
      "properties": {
        "@id": "node/768582845",
        "alt_name": "دير الست دميانة",
        "amenity": "place_of_worship",
        "int_name": "El Sitt Dimyanna Monastery, Al Sitt Dimyanna Monastery",
        "name": "دير الست دميانة",
        "name:ar": "دير الست دميانة",
        "name:ar1": "دير الست دميانة",
        "name:de": "Al Sitt Dimyanna Monastery",
        "name:en": "Al Sitt Dimyanna Monastery",
        "name:fr": "Al Sitt Dimyanna Monastery",
        "religion": "christian"
      },
      "geometry": {
        "type": "Point",
        "coordinates": [
          31.9070457,
          26.192365
        ]
      },
      "id": "node/768582845"
    },
    {
      "type": "Feature",
      "properties": {
        "@id": "node/768583075",
        "alt_name": "دير العجائبي",
        "amenity": "place_of_worship",
        "int_name": "Dayr al ‘Ajā’ibī, Dayr al Ajaibi",
        "name": "دير العجائبي",
        "name:ar": "دير العجائبي",
        "name:ar1": "دير العجائبي",
        "name:de": "Dayr al Ajaibi",
        "name:en": "Dayr al Ajaibi",
        "name:fr": "Dayr al Ajaibi",
        "religion": "christian"
      },
      "geometry": {
        "type": "Point",
        "coordinates": [
          32.266667,
          26
        ]
      },
      "id": "node/768583075"
    },
    {
      "type": "Feature",
      "properties": {
        "@id": "node/768585120",
        "alt_name": "دير الجرنوس",
        "amenity": "place_of_worship",
        "int_name": "Deir el Garnûs, Deir al Garnus",
        "name": "دير الجرنوس",
        "name:ar": "دير الجرنوس",
        "name:ar1": "دير الجرنوس",
        "name:de": "Deir al Garnus",
        "name:en": "Deir al Garnus",
        "name:fr": "Deir al Garnus",
        "religion": "christian"
      },
      "geometry": {
        "type": "Point",
        "coordinates": [
          30.703889,
          28.61
        ]
      },
      "id": "node/768585120"
    },
    {
      "type": "Feature",
      "properties": {
        "@id": "node/768731596",
        "alt_name": "الدير المحرق",
        "amenity": "place_of_worship",
        "int_name": "Ad Dayr al Muḩarraq, Al Dayr al Muharraq",
        "name": "الدير المحرق",
        "name:ar": "الدير المحرق",
        "name:ar1": "الدير المحرق",
        "name:de": "Al Dayr al Muharraq",
        "name:en": "Al Dayr al Muharraq",
        "name:fr": "Al Dayr al Muharraq",
        "religion": "christian"
      },
      "geometry": {
        "type": "Point",
        "coordinates": [
          30.775,
          27.380556
        ]
      },
      "id": "node/768731596"
    },
    {
      "type": "Feature",
      "properties": {
        "@id": "node/768735647",
        "alt_name": "دير القديس مار جرجس",
        "amenity": "place_of_worship",
        "int_name": "Saint George Monastery, Saint George Monastery",
        "name": "دير القديس مار جرجس",
        "name:ar": "دير القديس مار جرجس",
        "name:ar1": "دير القديس مار جرجس",
        "name:de": "Saint George Monastery",
        "name:en": "Saint George Monastery",
        "name:fr": "Saint George Monastery",
        "religion": "christian"
      },
      "geometry": {
        "type": "Point",
        "coordinates": [
          32.6984581,
          25.8282065
        ]
      },
      "id": "node/768735647"
    },
    {
      "type": "Feature",
      "properties": {
        "@id": "node/768735650",
        "alt_name": "دير أنبا شنودة",
        "amenity": "place_of_worship",
        "int_name": "Amba Shinûda Monastery, Amba Shinuda Monastery",
        "name": "دير أنبا شنودة",
        "name:ar": "دير أنبا شنودة",
        "name:ar1": "دير أنبا شنودة",
        "name:de": "Amba Shinuda Monastery",
        "name:en": "Amba Shinuda Monastery",
        "name:fr": "Amba Shinuda Monastery",
        "religion": "christian"
      },
      "geometry": {
        "type": "Point",
        "coordinates": [
          32.7,
          25.85
        ]
      },
      "id": "node/768735650"
    },
    {
      "type": "Feature",
      "properties": {
        "@id": "node/768736223",
        "alt_name": "دير الأنبا تودرس المحارب",
        "amenity": "place_of_worship",
        "denomination": "koptic",
        "int_name": "Dayr al Muḩārib, Dayr al Muharib",
        "name": "دير الأنبا تودرس المحارب",
        "name:ar": "دير الأنبا تودرس المحارب",
        "name:ar1": "دير الأنبا تودرس المحارب",
        "name:de": "Dayr al Muharib / Theodorus-Kloster",
        "name:en": "Dayr al Muharib / Saint Tawdros",
        "name:fa": "صومعه آنبا تودروس جنگجو",
        "name:fr": "Dayr al Muharib / Saint Tawdros",
        "religion": "christian",
        "source": "DuMont Reise-Taschenbuch Ägypten - Die klassische Nilreise"
      },
      "geometry": {
        "type": "Point",
        "coordinates": [
          32.5891158,
          25.7169435
        ]
      },
      "id": "node/768736223"
    },
    {
      "type": "Feature",
      "properties": {
        "@id": "node/768736250",
        "alt_name": "دير الأنبا باخوم",
        "amenity": "place_of_worship",
        "int_name": "Dayr al Anbā Bākhūm, Dayr al Anba Bakhum",
        "name": "دير الأنبا باخوم",
        "name:ar": "دير الأنبا باخوم",
        "name:ar1": "دير الأنبا باخوم",
        "name:de": "Dayr al Anba Bakhum",
        "name:en": "Dayr al Anba Bakhum",
        "name:fr": "Dayr al Anba Bakhum",
        "religion": "christian",
        "wikidata": "Q14207565",
        "wikimedia_commons": "Category:Deir el-Anba Bakhum, Luxor"
      },
      "geometry": {
        "type": "Point",
        "coordinates": [
          32.7,
          25.7
        ]
      },
      "id": "node/768736250"
    },
    {
      "type": "Feature",
      "properties": {
        "@id": "node/768738364",
        "alt_name": "دير الشهداء",
        "amenity": "place_of_worship",
        "int_name": "Dayr ash Shuhadā’, Dayr al Shuhada",
        "name": "دير الشهداء",
        "name:ar": "دير الشهداء",
        "name:ar1": "دير الشهداء",
        "name:de": "Dayr al Shuhada",
        "name:en": "Dayr al Shuhada",
        "name:fr": "Dayr al Shuhada",
        "religion": "christian"
      },
      "geometry": {
        "type": "Point",
        "coordinates": [
          32.543056,
          25.255556
        ]
      },
      "id": "node/768738364"
    },
    {
      "type": "Feature",
      "properties": {
        "@id": "node/768753349",
        "alt_name": "دير درنكة",
        "amenity": "place_of_worship",
        "int_name": "Deir Durunka, Deir Durunka",
        "name": "دير درنكة",
        "name:ar": "دير درنكة",
        "name:ar1": "دير درنكة",
        "name:de": "Deir Durunka",
        "name:en": "Deir Durunka",
        "name:fr": "Deir Durunka",
        "religion": "christian"
      },
      "geometry": {
        "type": "Point",
        "coordinates": [
          31.168056,
          27.110833
        ]
      },
      "id": "node/768753349"
    },
    {
      "type": "Feature",
      "properties": {
        "@id": "node/768769484",
        "alt_name": "دير أبي سيفين",
        "amenity": "place_of_worship",
        "int_name": "Abi Seifein Monastery, Abi Seifein Monastery",
        "name": "دير أبي سيفين",
        "name:ar": "دير أبي سيفين",
        "name:ar1": "دير أبي سيفين",
        "name:de": "Abi Seifein Monastery",
        "name:en": "Abi Seifein Monastery",
        "name:fr": "Abi Seifein Monastery",
        "religion": "christian"
      },
      "geometry": {
        "type": "Point",
        "coordinates": [
          31.25,
          29.933333
        ]
      },
      "id": "node/768769484"
    },
    {
      "type": "Feature",
      "properties": {
        "@id": "node/768769500",
        "alt_name": "دير العذراء",
        "amenity": "place_of_worship",
        "int_name": "Dayr al ‘Adhrā’, Dayr al Adhra, Deir al Adra",
        "name": "دير العذراء",
        "name:ar": "دير العذراء",
        "name:ar1": "دير العذراء",
        "name:de": "Dayr al Adhra",
        "name:en": "Dayr al Adhra",
        "name:fr": "Dayr al Adhra",
        "religion": "christian"
      },
      "geometry": {
        "type": "Point",
        "coordinates": [
          31.25,
          29.95
        ]
      },
      "id": "node/768769500"
    },
    {
      "type": "Feature",
      "properties": {
        "@id": "node/768809676",
        "alt_name": "دير مار بقطر",
        "amenity": "place_of_worship",
        "int_name": "Mari Buqtur Monastery, Mari Buqtur Monastery",
        "name": "دير مار بقطر",
        "name:ar": "دير مار بقطر",
        "name:ar1": "دير مار بقطر",
        "name:de": "Mari Buqtur Monastery",
        "name:en": "Mari Buqtur Monastery",
        "name:fr": "Mari Buqtur Monastery",
        "religion": "christian"
      },
      "geometry": {
        "type": "Point",
        "coordinates": [
          32.833333,
          25.85
        ]
      },
      "id": "node/768809676"
    },
    {
      "type": "Feature",
      "properties": {
        "@id": "node/768810648",
        "alt_name": "دير الوسطاني",
        "amenity": "place_of_worship",
        "int_name": "El Wasṭâni Monastery, Al Wastani Monastery",
        "name": "دير الوسطاني",
        "name:ar": "دير الوسطاني",
        "name:ar1": "دير الوسطاني",
        "name:de": "Al Wastani Monastery",
        "name:en": "Al Wastani Monastery",
        "name:fr": "Al Wastani Monastery",
        "religion": "christian"
      },
      "geometry": {
        "type": "Point",
        "coordinates": [
          31.783333,
          26.6
        ]
      },
      "id": "node/768810648"
    },
    {
      "type": "Feature",
      "properties": {
        "@id": "node/768810735",
        "alt_name": "دير صموئيل",
        "amenity": "place_of_worship",
        "int_name": "Deir Samweil, Deir Samweil, Samweil Monastery",
        "name": "دير الانبا صموئيل",
        "name:ar": "دير صموئيل",
        "name:de": "Deir Samweil",
        "name:en": "Deir Samweil",
        "name:fr": "Deir Samweil",
        "religion": "christian",
        "wikidata": "Q14207574",
        "wikimedia_commons": "Category:Monastery of Saint Samuel the Confessor",
        "wikipedia": "en:Monastery of Saint Samuel the Confessor"
      },
      "geometry": {
        "type": "Point",
        "coordinates": [
          30.5079375,
          28.9123982
        ]
      },
      "id": "node/768810735"
    },
    {
      "type": "Feature",
      "properties": {
        "@id": "way/771788817",
        "amenity": "place_of_worship",
        "name": "مار مينا",
        "name:ar": "مار مينا",
        "name:en": "Mar Mina",
        "religion": "christian",
        "@geometry": "center"
      },
      "geometry": {
        "type": "Point",
        "coordinates": [
          31.2308914,
          29.9967887
        ]
      },
      "id": "way/771788817"
    },
    {
      "type": "Feature",
      "properties": {
        "@id": "way/771817571",
        "amenity": "place_of_worship",
        "building": "church",
        "denomination": "coptic",
        "name": "دير العذراء - السريان",
        "name:ar": "دير العذراء - السريان",
        "name:en": "Monastery of Saint Mary Deipara",
        "name:pl": "Klasztor Syryjczyków",
        "religion": "christian",
        "tourism": "attraction",
        "wikipedia": "pl:Klasztor Syryjczyków",
        "@geometry": "center"
      },
      "geometry": {
        "type": "Point",
        "coordinates": [
          30.3592893,
          30.3188437
        ]
      },
      "id": "way/771817571"
    },
    {
      "type": "Feature",
      "properties": {
        "@id": "way/772030018",
        "addr:country": "EG",
        "addr:district": "الازبكيه",
        "addr:district:en": "Al Azbakeya",
        "addr:housenumber": "11",
        "addr:postcode": "11669",
        "addr:province": "القاهرة",
        "addr:province:en": "Cairo",
        "addr:street": "شارع نجيب الريحاني",
        "addr:street:en": "Naguib Al Rihani Street",
        "addr:subdistrict": "الجياره",
        "addr:subdistrict:en": "El Gayara",
        "amenity": "place_of_worship",
        "building": "yes",
        "name": "Église Saint Georges",
        "name:fr": "Église Saint Georges",
        "religion": "christian",
        "roof:shape": "flat",
        "@geometry": "center"
      },
      "geometry": {
        "type": "Point",
        "coordinates": [
          31.2447995,
          30.0564458
        ]
      },
      "id": "way/772030018"
    },
    {
      "type": "Feature",
      "properties": {
        "@id": "way/772537747",
        "amenity": "place_of_worship",
        "building": "yes",
        "denomination": "presbyterian",
        "name:en": "Evangelical Presbyterian Church",
        "religion": "christian",
        "roof:shape": "flat",
        "@geometry": "center"
      },
      "geometry": {
        "type": "Point",
        "coordinates": [
          31.2476176,
          30.0539653
        ]
      },
      "id": "way/772537747"
    },
    {
      "type": "Feature",
      "properties": {
        "@id": "way/773085991",
        "addr:country": "EG",
        "addr:district": "مدينه الاقصر",
        "addr:district:en": "Luxor City",
        "addr:housenumber": "93",
        "addr:postcode": "85951",
        "addr:province": "الاقصر",
        "addr:province:en": "Luxor",
        "addr:street": "شارع معبد الكرنك",
        "addr:street:en": "Maabad Al Karnak Street",
        "amenity": "place_of_worship",
        "building": "church",
        "denomination": "coptic_orthodox",
        "name:en": "Cathedral of the Blessed Virgin Mary",
        "name:fr": "Cathédrale de la Sainte Vierge Marie",
        "religion": "christian",
        "wikidata": "Q137425697",
        "@geometry": "center"
      },
      "geometry": {
        "type": "Point",
        "coordinates": [
          32.6447981,
          25.7054116
        ]
      },
      "id": "way/773085991"
    },
    {
      "type": "Feature",
      "properties": {
        "@id": "way/774515225",
        "amenity": "place_of_worship",
        "building": "church",
        "name": "كنيسة العذراء مريم",
        "name:ar": "كنيسة العذراء مريم",
        "religion": "christian",
        "@geometry": "center"
      },
      "geometry": {
        "type": "Point",
        "coordinates": [
          27.2432976,
          31.3542376
        ]
      },
      "id": "way/774515225"
    },
    {
      "type": "Feature",
      "properties": {
        "@id": "way/783415665",
        "addr:country": "EG",
        "addr:district": "المعادى",
        "addr:district:en": "El Maadi",
        "addr:housenumber": "52",
        "addr:postcode": "11728",
        "addr:province": "القاهرة",
        "addr:province:en": "Cairo",
        "addr:street": "شارع 18",
        "addr:street:en": "Street 18",
        "addr:subdistrict": "السرايات الشرقيه",
        "addr:subdistrict:en": "East Al Sarayat",
        "alt_name": "كنيسة مار مرقس بالمعادي",
        "amenity": "place_of_worship",
        "building": "yes",
        "denomination": "coptic_orthodox",
        "name": "كنيسة مار مرقس بالمعادي",
        "name:ar": "كنيسة مار مرقس بالمعادي",
        "name:en": "St. Mark Maadi",
        "religion": "christian",
        "@geometry": "center"
      },
      "geometry": {
        "type": "Point",
        "coordinates": [
          31.265096,
          29.9632489
        ]
      },
      "id": "way/783415665"
    },
    {
      "type": "Feature",
      "properties": {
        "@id": "way/801409083",
        "amenity": "place_of_worship",
        "denomination": "coptic",
        "name:en": "Saint Mary, Lady of Kneeling Church",
        "name:es": "Santa María, Señora de la Iglesia Arrodillada",
        "religion": "christian",
        "@geometry": "center"
      },
      "geometry": {
        "type": "Point",
        "coordinates": [
          31.2467033,
          30.0654463
        ]
      },
      "id": "way/801409083"
    },
    {
      "type": "Feature",
      "properties": {
        "@id": "way/907680228",
        "amenity": "place_of_worship",
        "building": "yes",
        "religion": "christian",
        "@geometry": "center"
      },
      "geometry": {
        "type": "Point",
        "coordinates": [
          33.9758475,
          28.5559109
        ]
      },
      "id": "way/907680228"
    },
    {
      "type": "Feature",
      "properties": {
        "@id": "way/907700037",
        "amenity": "place_of_worship",
        "building": "house",
        "religion": "christian",
        "@geometry": "center"
      },
      "geometry": {
        "type": "Point",
        "coordinates": [
          33.9773897,
          28.5467972
        ]
      },
      "id": "way/907700037"
    },
    {
      "type": "Feature",
      "properties": {
        "@id": "way/908330437",
        "amenity": "place_of_worship",
        "building": "yes",
        "name": "مصلى للثالوث المقدس",
        "name:ar": "مصلى للثالوث المقدس",
        "name:br": "Chapel an Drinded Santel",
        "name:de": "Kapelle zur Heiligen Dreifaltigkeit",
        "name:en": "Chapel to the Holy Trinity",
        "name:es": "Capilla de la Santísima Trinidad",
        "name:it": "Cappella alla Santissima Trinità",
        "name:ru": "Часовня Святой Троицы",
        "religion": "christian",
        "@geometry": "center"
      },
      "geometry": {
        "type": "Point",
        "coordinates": [
          33.9752457,
          28.5386413
        ]
      },
      "id": "way/908330437"
    },
    {
      "type": "Feature",
      "properties": {
        "@id": "way/921858078",
        "addr:postcode": "11571",
        "addr:street": "شارع مدارس لافاندا",
        "air_conditioning": "yes",
        "amenity": "place_of_worship",
        "building": "yes",
        "denomination": "orthodox",
        "description": "http://www.stmark-loka.com/",
        "name": "كنيسة الرسولين الأنجيلين مارمرقس و مارلوقا",
        "religion": "christian",
        "@geometry": "center"
      },
      "geometry": {
        "type": "Point",
        "coordinates": [
          31.2978142,
          29.9969956
        ]
      },
      "id": "way/921858078"
    },
    {
      "type": "Feature",
      "properties": {
        "@id": "way/922017271",
        "addr:postcode": "11535",
        "addr:street": "شارع السكه البيضاء",
        "air_conditioning": "yes",
        "amenity": "place_of_worship",
        "building": "yes",
        "denomination": "orthodox",
        "name": "كنيسة السيدة العذراء مريم",
        "religion": "christian",
        "@geometry": "center"
      },
      "geometry": {
        "type": "Point",
        "coordinates": [
          31.2838229,
          30.0666866
        ]
      },
      "id": "way/922017271"
    },
    {
      "type": "Feature",
      "properties": {
        "@id": "way/922976164",
        "addr:postcode": "11734",
        "addr:street": "شارع الشهيد احمد المنسى",
        "air_conditioning": "yes",
        "amenity": "place_of_worship",
        "building": "yes",
        "denomination": "catholic",
        "name": "العائلة المقدسة",
        "religion": "christian",
        "@geometry": "center"
      },
      "geometry": {
        "type": "Point",
        "coordinates": [
          31.3114804,
          30.1047198
        ]
      },
      "id": "way/922976164"
    },
    {
      "type": "Feature",
      "properties": {
        "@id": "way/922977953",
        "amenity": "place_of_worship",
        "building": "yes",
        "denomination": "orthodox",
        "name": "كنيسة السيدة العذراء (الظهور)",
        "religion": "christian",
        "@geometry": "center"
      },
      "geometry": {
        "type": "Point",
        "coordinates": [
          31.3154438,
          30.1046732
        ]
      },
      "id": "way/922977953"
    },
    {
      "type": "Feature",
      "properties": {
        "@id": "node/969756018",
        "amenity": "place_of_worship",
        "name": "دير الأنبا بولا",
        "name:ar": "دير الأنبا بولا",
        "name:de": "Paulus-Kloster",
        "name:en": "Saint Paul Monastery",
        "religion": "christian",
        "wikidata": "Q488773",
        "wikimedia_commons": "Category:Monastery of Saint Paul the Anchorite",
        "wikipedia": "en:Monastery of Saint Paul the Anchorite"
      },
      "geometry": {
        "type": "Point",
        "coordinates": [
          32.5506905,
          28.8474343
        ]
      },
      "id": "node/969756018"
    },
    {
      "type": "Feature",
      "properties": {
        "@id": "way/993147265",
        "amenity": "place_of_worship",
        "religion": "christian",
        "@geometry": "center"
      },
      "geometry": {
        "type": "Point",
        "coordinates": [
          31.8110749,
          31.4131804
        ]
      },
      "id": "way/993147265"
    },
    {
      "type": "Feature",
      "properties": {
        "@id": "way/1003878530",
        "building": "cathedral",
        "@geometry": "center"
      },
      "geometry": {
        "type": "Point",
        "coordinates": [
          31.253732,
          30.0637039
        ]
      },
      "id": "way/1003878530"
    },
    {
      "type": "Feature",
      "properties": {
        "@id": "way/1008237824",
        "amenity": "place_of_worship",
        "building": "church",
        "name": "كنيسه نجع الدير",
        "name:ar": "كنيسه نجع الدير",
        "name:en": "Naga El Deer Church",
        "religion": "christian",
        "@geometry": "center"
      },
      "geometry": {
        "type": "Point",
        "coordinates": [
          31.8058234,
          26.4059352
        ]
      },
      "id": "way/1008237824"
    },
    {
      "type": "Feature",
      "properties": {
        "@id": "way/1011996547",
        "amenity": "place_of_worship",
        "building": "yes",
        "name": "Al-Qiddissin church",
        "name:ar": "كنسيه القديسين",
        "religion": "christian",
        "@geometry": "center"
      },
      "geometry": {
        "type": "Point",
        "coordinates": [
          29.992118,
          31.2631963
        ]
      },
      "id": "way/1011996547"
    },
    {
      "type": "Feature",
      "properties": {
        "@id": "way/1020907769",
        "addr:city": "طما",
        "addr:housenumber": "1",
        "addr:postcode": "82611",
        "addr:street": "شارع الجيش",
        "building": "cathedral",
        "building:levels": "1",
        "name": "كاتدرائية الشهيد أبو فام الأوسيمي",
        "@geometry": "center"
      },
      "geometry": {
        "type": "Point",
        "coordinates": [
          31.4343908,
          26.904307
        ]
      },
      "id": "way/1020907769"
    },
    {
      "type": "Feature",
      "properties": {
        "@id": "way/1036614137",
        "building": "church",
        "@geometry": "center"
      },
      "geometry": {
        "type": "Point",
        "coordinates": [
          30.7651033,
          30.9609944
        ]
      },
      "id": "way/1036614137"
    },
    {
      "type": "Feature",
      "properties": {
        "@id": "way/1057242854",
        "amenity": "place_of_worship",
        "building": "church",
        "contact:facebook": "https://www.facebook.com/Kanestabo/",
        "denomination": "coptic_orthodox",
        "name": "كنيسة الشهيد العظيم إبي سيفين بأبيوها",
        "name:ar": "كنيسة الشهيد العظيم إبي سيفين بأبيوها",
        "name:en": "The Great Martyr Abi Sefein Church in Abnuha",
        "religion": "christian",
        "@geometry": "center"
      },
      "geometry": {
        "type": "Point",
        "coordinates": [
          30.830111,
          27.9672406
        ]
      },
      "id": "way/1057242854"
    },
    {
      "type": "Feature",
      "properties": {
        "@id": "way/1057701992",
        "amenity": "place_of_worship",
        "building": "church",
        "denomination": "coptic_orthodox",
        "name": "كنيسة السيدة العذراء مريم ايبارشية أسوان و توابعها",
        "name:ar": "كنيسة السيدة العذراء مريم ايبارشية أسوان و توابعها",
        "name:en": "Saint Mary Church Edfu",
        "religion": "christian",
        "@geometry": "center"
      },
      "geometry": {
        "type": "Point",
        "coordinates": [
          32.8769898,
          24.9764549
        ]
      },
      "id": "way/1057701992"
    },
    {
      "type": "Feature",
      "properties": {
        "@id": "way/1057706666",
        "amenity": "place_of_worship",
        "name": "كنيسة مارجرجس في غمازة الكبرى",
        "name:ar": "كنيسة مارجرجس في غمازة الكبرى",
        "name:en": "Saint George Church in Ghammaza Al Kobra",
        "religion": "christian",
        "@geometry": "center"
      },
      "geometry": {
        "type": "Point",
        "coordinates": [
          31.3001205,
          29.7116034
        ]
      },
      "id": "way/1057706666"
    },
    {
      "type": "Feature",
      "properties": {
        "@id": "way/1059057192",
        "denomination": "protestant",
        "landuse": "cemetery",
        "name": "Cairo New British Protestant Cemetery",
        "name:en": "Cairo New British Protestant Cemetery",
        "religion": "christian",
        "wikidata": "Q65455854",
        "wikimedia_commons": "Category:Cairo New British Protestant Cemetery",
        "@geometry": "center"
      },
      "geometry": {
        "type": "Point",
        "coordinates": [
          31.2320878,
          30.0145392
        ]
      },
      "id": "way/1059057192"
    },
    {
      "type": "Feature",
      "properties": {
        "@id": "way/1065075857",
        "amenity": "place_of_worship",
        "building": "yes",
        "religion": "christian",
        "@geometry": "center"
      },
      "geometry": {
        "type": "Point",
        "coordinates": [
          31.6804818,
          30.1024818
        ]
      },
      "id": "way/1065075857"
    },
    {
      "type": "Feature",
      "properties": {
        "@id": "way/1067251945",
        "amenity": "monastery",
        "denomination": "orthodox",
        "name": "دير السيدة العذراء مريم والشهيد العظيم مرقوريوس أبو سيفين",
        "name:ar": "دير السيدة العذراء مريم والشهيد العظيم مرقوريوس أبو سيفين - الرابية",
        "name:en": "Monastery of the Virgin Mary and the Great Martyr Mercurius (Abou Seifain)",
        "religion": "christian",
        "@geometry": "center"
      },
      "geometry": {
        "type": "Point",
        "coordinates": [
          31.7021028,
          30.2025605
        ]
      },
      "id": "way/1067251945"
    },
    {
      "type": "Feature",
      "properties": {
        "@id": "way/1067255105",
        "amenity": "place_of_worship",
        "building": "yes",
        "denomination": "orthodox",
        "name": "كنيسة القديس العظيم الأنبا هرمينا السائح",
        "name:ar": "كنيسة القديس العظيم الأنبا هرمينا السائح",
        "name:en": "Church of Saint Hermina the Anchorite",
        "religion": "christian",
        "@geometry": "center"
      },
      "geometry": {
        "type": "Point",
        "coordinates": [
          31.6945772,
          30.2126515
        ]
      },
      "id": "way/1067255105"
    },
    {
      "type": "Feature",
      "properties": {
        "@id": "way/1090783479",
        "building": "church",
        "@geometry": "center"
      },
      "geometry": {
        "type": "Point",
        "coordinates": [
          31.762008,
          30.345495
        ]
      },
      "id": "way/1090783479"
    },
    {
      "type": "Feature",
      "properties": {
        "@id": "way/1124094350",
        "addr:city": "الإسكندرية",
        "addr:city:ar": "الإسكندرية",
        "addr:country": "EG",
        "amenity": "place_of_worship",
        "building": "cathedral",
        "denomination": "anglican",
        "name": "كاتدرائية مار مرقس الأنجليكانية",
        "name:ar": "كاتدرائية مار مرقس الأنجليكانية",
        "name:en": "Saint Mark Anglican Cathedral",
        "name:es": "Catedral Anglicana de San Marcos",
        "religion": "christian",
        "wikidata": "Q110259801",
        "wikimedia_commons": "Category:Saint Mark Anglican Cathedral",
        "@geometry": "center"
      },
      "geometry": {
        "type": "Point",
        "coordinates": [
          29.8943632,
          31.1974104
        ]
      },
      "id": "way/1124094350"
    },
    {
      "type": "Feature",
      "properties": {
        "@id": "way/1124108678",
        "addr:country": "EG",
        "addr:district": "باب شرق",
        "addr:district:en": "Bab Sharq",
        "addr:housenumber": "159",
        "addr:postcode": "21524",
        "addr:province": "الاسكندرية",
        "addr:province:en": "Alexandria",
        "addr:street": "شارع بورسعيد",
        "addr:street:en": "Port Said Street",
        "addr:subdistrict": "الابراهيميه بحرى",
        "addr:subdistrict:en": "Al Ibrahimeya Bahary",
        "amenity": "place_of_worship",
        "building": "yes",
        "denomination": "catholic",
        "name": "Sacred Heart Catholic Church",
        "religion": "christian",
        "@geometry": "center"
      },
      "geometry": {
        "type": "Point",
        "coordinates": [
          29.928485,
          31.2171162
        ]
      },
      "id": "way/1124108678"
    },
    {
      "type": "Feature",
      "properties": {
        "@id": "node/1125990154",
        "amenity": "place_of_worship",
        "religion": "christian"
      },
      "geometry": {
        "type": "Point",
        "coordinates": [
          31.2404809,
          30.0603851
        ]
      },
      "id": "node/1125990154"
    },
    {
      "type": "Feature",
      "properties": {
        "@id": "node/1126061218",
        "amenity": "place_of_worship",
        "religion": "christian"
      },
      "geometry": {
        "type": "Point",
        "coordinates": [
          32.2873357,
          30.6061165
        ]
      },
      "id": "node/1126061218"
    },
    {
      "type": "Feature",
      "properties": {
        "@id": "node/1133540892",
        "amenity": "place_of_worship",
        "name": "كنيسة وكالة البلح",
        "name:ar": "كنيسة وكالة البلح",
        "name:en": "Wekalet Al-Balah Church",
        "religion": "christian"
      },
      "geometry": {
        "type": "Point",
        "coordinates": [
          31.2283884,
          30.0609441
        ]
      },
      "id": "node/1133540892"
    },
    {
      "type": "Feature",
      "properties": {
        "@id": "way/1140891478",
        "amenity": "place_of_worship",
        "building": "yes",
        "religion": "christian",
        "@geometry": "center"
      },
      "geometry": {
        "type": "Point",
        "coordinates": [
          31.0896846,
          30.6383905
        ]
      },
      "id": "way/1140891478"
    },
    {
      "type": "Feature",
      "properties": {
        "@id": "way/1175361568",
        "amenity": "place_of_worship",
        "name": "كنيسة العهد الجديد",
        "religion": "christian",
        "@geometry": "center"
      },
      "geometry": {
        "type": "Point",
        "coordinates": [
          30.7084863,
          28.3108652
        ]
      },
      "id": "way/1175361568"
    },
    {
      "type": "Feature",
      "properties": {
        "@id": "way/1175765760",
        "building": "church",
        "name": "نادي الكنيسة الانجيلية",
        "@geometry": "center"
      },
      "geometry": {
        "type": "Point",
        "coordinates": [
          30.8368185,
          28.0034317
        ]
      },
      "id": "way/1175765760"
    },
    {
      "type": "Feature",
      "properties": {
        "@id": "way/1175765761",
        "building": "church",
        "name": "الكنيسة الانجيلة المشيخية",
        "office": "religion",
        "religion": "christian",
        "@geometry": "center"
      },
      "geometry": {
        "type": "Point",
        "coordinates": [
          30.8366355,
          28.0032973
        ]
      },
      "id": "way/1175765761"
    },
    {
      "type": "Feature",
      "properties": {
        "@id": "way/1176542042",
        "amenity": "place_of_worship",
        "building": "yes",
        "name": "كنيسة السيدة العذراء والانبا ابرام بالشرفا",
        "religion": "christian",
        "@geometry": "center"
      },
      "geometry": {
        "type": "Point",
        "coordinates": [
          30.77077,
          28.1178426
        ]
      },
      "id": "way/1176542042"
    },
    {
      "type": "Feature",
      "properties": {
        "@id": "way/1176633899",
        "denomination": "sunni",
        "historic": "monastery",
        "name": "AL NOOR MOSQUUE",
        "religion": "muslim",
        "@geometry": "center"
      },
      "geometry": {
        "type": "Point",
        "coordinates": [
          30.74628,
          28.1272797
        ]
      },
      "id": "way/1176633899"
    },
    {
      "type": "Feature",
      "properties": {
        "@id": "way/1176633913",
        "amenity": "monastery",
        "community:gender": "male",
        "denomination": "sunni",
        "historic": "monastery",
        "name": "othman ibn affan mosque",
        "opening_hours": "24/7",
        "outdoor_seating": "yes",
        "religion": "muslim",
        "wheelchair": "yes",
        "@geometry": "center"
      },
      "geometry": {
        "type": "Point",
        "coordinates": [
          30.7426322,
          28.124954
        ]
      },
      "id": "way/1176633913"
    },
    {
      "type": "Feature",
      "properties": {
        "@id": "way/1176929380",
        "amenity": "place_of_worship",
        "basilica": "minor",
        "building": "church",
        "denomination": "catholic",
        "name:en": "Basilica of St. Therese of the Child Jesus",
        "name:fr": "Basilique Sainte-Thérèse de l'Enfant-Jésus",
        "religion": "christian",
        "source": "Maxar",
        "wikidata": "Q4255555",
        "wikipedia": "en:Basilica of St Therese of the Child Jesus, Cairo",
        "@geometry": "center"
      },
      "geometry": {
        "type": "Point",
        "coordinates": [
          31.2461867,
          30.0849348
        ]
      },
      "id": "way/1176929380"
    },
    {
      "type": "Feature",
      "properties": {
        "@id": "way/1178018879",
        "amenity": "place_of_worship",
        "building": "church",
        "denomination": "coptic_orthodox",
        "name": "Saint George Coptic Church",
        "name:en": "Saint George Coptic Church",
        "religion": "christian",
        "wikidata": "Q124645578",
        "wikimedia_commons": "Category:Saint George Coptic Church, Alexandria",
        "@geometry": "center"
      },
      "geometry": {
        "type": "Point",
        "coordinates": [
          29.9143481,
          31.2064627
        ]
      },
      "id": "way/1178018879"
    },
    {
      "type": "Feature",
      "properties": {
        "@id": "node/1179120699",
        "amenity": "place_of_worship",
        "denomination": "coptic_orthodox",
        "name": "كنيسة القديسين",
        "name:ar": "كنيسة القديسين",
        "name:en": "Al-Qiddissin",
        "religion": "christian",
        "wikidata": "Q17130584",
        "wikipedia": "ar:كنيسة القديسين"
      },
      "geometry": {
        "type": "Point",
        "coordinates": [
          29.9919724,
          31.2631918
        ]
      },
      "id": "node/1179120699"
    },
    {
      "type": "Feature",
      "properties": {
        "@id": "way/1186355613",
        "amenity": "monastery",
        "name": "دير السيدة العذراء - الجنادله ️",
        "@geometry": "center"
      },
      "geometry": {
        "type": "Point",
        "coordinates": [
          31.2834305,
          26.9271333
        ]
      },
      "id": "way/1186355613"
    },
    {
      "type": "Feature",
      "properties": {
        "@id": "way/1190013796",
        "amenity": "place_of_worship",
        "name": "كنيسة السبتية",
        "name:ar": "كنيسة السبتية",
        "name:en": "Adventist Church",
        "religion": "christian",
        "@geometry": "center"
      },
      "geometry": {
        "type": "Point",
        "coordinates": [
          31.3137327,
          30.094206
        ]
      },
      "id": "way/1190013796"
    },
    {
      "type": "Feature",
      "properties": {
        "@id": "node/1190059095",
        "amenity": "place_of_worship",
        "name": "كنيسة السيدة العذراء",
        "name:ar": "كنيسة السيدة العذراء",
        "name:en": "Al-Sayeda Al-Azraa Church",
        "religion": "christian"
      },
      "geometry": {
        "type": "Point",
        "coordinates": [
          29.6650027,
          30.8520493
        ]
      },
      "id": "node/1190059095"
    },
    {
      "type": "Feature",
      "properties": {
        "@id": "node/1190059182",
        "amenity": "place_of_worship",
        "name": "كاتدرائية مارمينا",
        "name:ar": "كاتدرائية مارمينا",
        "name:en": "Marmina Cathedral",
        "religion": "christian"
      },
      "geometry": {
        "type": "Point",
        "coordinates": [
          29.6661722,
          30.8515518
        ]
      },
      "id": "node/1190059182"
    },
    {
      "type": "Feature",
      "properties": {
        "@id": "way/1190220460",
        "amenity": "place_of_worship",
        "building": "yes",
        "name": "كنيسة السيدة العذراء العمرانية",
        "name:en": "St Mary church",
        "religion": "christian",
        "@geometry": "center"
      },
      "geometry": {
        "type": "Point",
        "coordinates": [
          31.2026928,
          30.0051063
        ]
      },
      "id": "way/1190220460"
    },
    {
      "type": "Feature",
      "properties": {
        "@id": "node/1194575835",
        "amenity": "place_of_worship",
        "denomination": "evangelical",
        "name": "كنيسة مصرالجديدة الإنجيلية",
        "name:ar": "كنيسة مصرالجديدة الإنجيلية",
        "name:en": "Heliopolis Evangelical Church",
        "name:fr": "Église évangélique Héliopolis",
        "religion": "christian"
      },
      "geometry": {
        "type": "Point",
        "coordinates": [
          31.3279636,
          30.0911699
        ]
      },
      "id": "node/1194575835"
    },
    {
      "type": "Feature",
      "properties": {
        "@id": "way/1203850096",
        "amenity": "place_of_worship",
        "building": "yes",
        "denomination": "catholic",
        "name": "Cathedral of the Resurrection (Coptic Rite)",
        "religion": "christian",
        "@geometry": "center"
      },
      "geometry": {
        "type": "Point",
        "coordinates": [
          29.9029744,
          31.2009216
        ]
      },
      "id": "way/1203850096"
    },
    {
      "type": "Feature",
      "properties": {
        "@id": "way/1210136542",
        "denomination": "coptic_catholic",
        "landuse": "religious",
        "religion": "christian",
        "@geometry": "center"
      },
      "geometry": {
        "type": "Point",
        "coordinates": [
          31.2697325,
          29.9539124
        ]
      },
      "id": "way/1210136542"
    },
    {
      "type": "Feature",
      "properties": {
        "@id": "way/1226186968",
        "amenity": "place_of_worship",
        "building": "church",
        "denomination": "coptic_orthodox",
        "religion": "christian",
        "@geometry": "center"
      },
      "geometry": {
        "type": "Point",
        "coordinates": [
          31.2460715,
          30.0644334
        ]
      },
      "id": "way/1226186968"
    },
    {
      "type": "Feature",
      "properties": {
        "@id": "way/1229272963",
        "addr:city": "Cairo",
        "amenity": "place_of_worship",
        "building": "church",
        "denomination": "coptic_orthodox",
        "landuse": "religious",
        "name": "Church of Saint Paula",
        "religion": "christian",
        "website": "http://www.samaanchurch.com/en/about_us.php",
        "@geometry": "center"
      },
      "geometry": {
        "type": "Point",
        "coordinates": [
          31.2760087,
          30.0310386
        ]
      },
      "id": "way/1229272963"
    },
    {
      "type": "Feature",
      "properties": {
        "@id": "way/1229272972",
        "addr:city": "Cairo",
        "amenity": "place_of_worship",
        "building": "yes",
        "denomination": "catholic",
        "name": "Church of Saint Mark",
        "religion": "christian",
        "website": "http://www.samaanchurch.com/en/church_churches.php",
        "@geometry": "center"
      },
      "geometry": {
        "type": "Point",
        "coordinates": [
          31.2755133,
          30.0305986
        ]
      },
      "id": "way/1229272972"
    },
    {
      "type": "Feature",
      "properties": {
        "@id": "way/1230273207",
        "addr:city": "Cairo",
        "amenity": "place_of_worship",
        "building": "church",
        "denomination": "coptic_orthodox",
        "name": "دير القديس سمعان الخراز",
        "name:ar": "دير القديس سمعان الخراز",
        "name:en": "Virgin Mary and St. Simon the Tanner Cathedral",
        "note": "correct arabic tag",
        "religion": "christian",
        "website": "http://www.samaanchurch.com/en/church_churches.php",
        "@geometry": "center"
      },
      "geometry": {
        "type": "Point",
        "coordinates": [
          31.2767974,
          30.0306561
        ]
      },
      "id": "way/1230273207"
    },
    {
      "type": "Feature",
      "properties": {
        "@id": "way/1239971242",
        "amenity": "place_of_worship",
        "building": "yes",
        "name": "كنيسة القديس يوسف البار",
        "name:ar": "كنيسة القديس يوسف البار",
        "name:en": "Saint Joseph Church",
        "religion": "christian",
        "@geometry": "center"
      },
      "geometry": {
        "type": "Point",
        "coordinates": [
          31.8388405,
          26.4985877
        ]
      },
      "id": "way/1239971242"
    },
    {
      "type": "Feature",
      "properties": {
        "@id": "way/1240406599",
        "barrier": "wall",
        "denomination": "coptic_orthodox",
        "landuse": "cemetery",
        "religion": "christian",
        "@geometry": "center"
      },
      "geometry": {
        "type": "Point",
        "coordinates": [
          31.232298,
          30.0058577
        ]
      },
      "id": "way/1240406599"
    },
    {
      "type": "Feature",
      "properties": {
        "@id": "way/1240406600",
        "barrier": "wall",
        "denomination": "greek_catholic",
        "landuse": "cemetery",
        "religion": "christian",
        "@geometry": "center"
      },
      "geometry": {
        "type": "Point",
        "coordinates": [
          31.2311273,
          30.0049892
        ]
      },
      "id": "way/1240406600"
    },
    {
      "type": "Feature",
      "properties": {
        "@id": "way/1240729445",
        "alt_name": "كنيسة القديسة مريم العذراء",
        "alt_name:de": "Hängende Kirche",
        "alt_name:en": "Saint Virgin Mary's Church",
        "barrier": "wall",
        "denomination": "coptic_orthodox",
        "historic": "church",
        "landuse": "religious",
        "name": "الكنيسة المعلقة",
        "name:ar": "الكنيسة المعلقة",
        "name:de": "Kirche der Heiligen Jungfrau Maria",
        "name:en": "Hanging Church",
        "name:es": "Iglesia Colgante",
        "name:fa": "کلیسای معلق",
        "name:ml": "വിശുദ്ധ കന്യക മറിയത്തിന്റെ പള്ളി",
        "name:pt": "Igreja Suspensa",
        "name:zh": "悬空教堂",
        "religion": "christian",
        "tourism": "attraction",
        "wikidata": "Q2422298",
        "wikimedia_commons": "Category:Hanging Church",
        "wikipedia": "en:Hanging Church",
        "@geometry": "center"
      },
      "geometry": {
        "type": "Point",
        "coordinates": [
          31.2301665,
          30.0052517
        ]
      },
      "id": "way/1240729445"
    },
    {
      "type": "Feature",
      "properties": {
        "@id": "way/1240981844",
        "amenity": "place_of_worship",
        "building": "yes",
        "religion": "christian",
        "@geometry": "center"
      },
      "geometry": {
        "type": "Point",
        "coordinates": [
          29.8814367,
          31.2083431
        ]
      },
      "id": "way/1240981844"
    },
    {
      "type": "Feature",
      "properties": {
        "@id": "node/1240997364",
        "amenity": "place_of_worship",
        "religion": "christian"
      },
      "geometry": {
        "type": "Point",
        "coordinates": [
          31.2796341,
          30.0369608
        ]
      },
      "id": "node/1240997364"
    },
    {
      "type": "Feature",
      "properties": {
        "@id": "way/1244575526",
        "amenity": "place_of_worship",
        "building": "yes",
        "name": "Virgin Mary Church",
        "religion": "christian",
        "@geometry": "center"
      },
      "geometry": {
        "type": "Point",
        "coordinates": [
          31.2318402,
          30.007405
        ]
      },
      "id": "way/1244575526"
    },
    {
      "type": "Feature",
      "properties": {
        "@id": "way/1244575533",
        "denomination": "greek_orthodox",
        "historic": "church",
        "landuse": "religious",
        "name": "كنيسة القديس جورج",
        "name:ar": "كنيسة القديس جورج",
        "name:en": "Saint George's Church",
        "name:es": "Iglesia ortodoxa de San Jorge",
        "name:fa": "کلیسای سنت جورج",
        "name:ml": "സെന്റ് ജോർജ് പള്ളി",
        "name:pt": "Igreja de São Jorge",
        "religion": "christian",
        "tourism": "attraction",
        "wikidata": "Q4255568",
        "wikimedia_commons": "Category:Saint George Church in Coptic Cairo",
        "wikipedia": "en:Church of St. George (Cairo)",
        "@geometry": "center"
      },
      "geometry": {
        "type": "Point",
        "coordinates": [
          31.2300186,
          30.00654
        ]
      },
      "id": "way/1244575533"
    },
    {
      "type": "Feature",
      "properties": {
        "@id": "way/1244575543",
        "barrier": "wall",
        "denomination": "coptic_orthodox",
        "historic": "church",
        "landuse": "religious",
        "name": "كنيسة القديسة برباره الأثرية",
        "name:ar": "كنيسة القديسة برباره الأثرية",
        "name:de": "Kirche der Heiligen Barbara",
        "name:en": "Saint Barbara Church",
        "name:fa": "کلیسای باستانی سنت باربارا",
        "religion": "christian",
        "tourism": "attraction",
        "wikidata": "Q7401018",
        "wikimedia_commons": "Category:Saint Barbara Church in Coptic Cairo",
        "wikipedia": "en:Saint Barbara Church in Coptic Cairo",
        "@geometry": "center"
      },
      "geometry": {
        "type": "Point",
        "coordinates": [
          31.2313165,
          30.006132
        ]
      },
      "id": "way/1244575543"
    },
    {
      "type": "Feature",
      "properties": {
        "@id": "way/1246333023",
        "amenity": "place_of_worship",
        "building": "church",
        "historic": "ruins",
        "historic:civilization": "ancient_egyptian",
        "name": "دير الأبا إرميا",
        "name:ar": "دير الأبا إرميا",
        "name:en": "Deir Apa Jeremiah",
        "name:ru": "Монастырь отца Иеремии",
        "religion": "christian",
        "ruins": "monastery",
        "@geometry": "center"
      },
      "geometry": {
        "type": "Point",
        "coordinates": [
          31.2193434,
          29.8664148
        ]
      },
      "id": "way/1246333023"
    },
    {
      "type": "Feature",
      "properties": {
        "@id": "way/1253926528",
        "addr:street": "شارع الميناء الشرقية",
        "amenity": "place_of_worship",
        "building": "yes",
        "denomination": "armenian_catholic",
        "name": "كنيسة الأرمن الكاثوليك",
        "name:ar": "كنيسة الأرمن الكاثوليك",
        "religion": "christian",
        "wikidata": "Q124643957",
        "@geometry": "center"
      },
      "geometry": {
        "type": "Point",
        "coordinates": [
          29.8967296,
          31.1994659
        ]
      },
      "id": "way/1253926528"
    },
    {
      "type": "Feature",
      "properties": {
        "@id": "node/1259516953",
        "amenity": "place_of_worship",
        "religion": "christian"
      },
      "geometry": {
        "type": "Point",
        "coordinates": [
          31.2410663,
          30.0436259
        ]
      },
      "id": "node/1259516953"
    },
    {
      "type": "Feature",
      "properties": {
        "@id": "way/1268833729",
        "addr:city": "القصر",
        "amenity": "monastery",
        "denomination": "coptic_orthodox",
        "landuse": "religious",
        "name": "دير القديس الانبا بلامون السائح للاقباط الأرثوذكس بالقصر و الصياد",
        "name:ar": "دير القديس الانبا بلامون السائح للاقباط الأرثوذكس بالقصر و الصياد",
        "name:en": "Monastery of Saint Palaemon",
        "religion": "christian",
        "@geometry": "center"
      },
      "geometry": {
        "type": "Point",
        "coordinates": [
          32.3077704,
          26.0639326
        ]
      },
      "id": "way/1268833729"
    },
    {
      "type": "Feature",
      "properties": {
        "@id": "way/1268833730",
        "addr:city": "الرحمانيه قبلي",
        "addr:street": "Al-Murabba Street",
        "amenity": "place_of_worship",
        "building": "yes",
        "denomination": "coptic_orthodox",
        "name": "كاتدرائية رئيس الملائكة الجليل ميخائيل بالرحمانية قبلى إيبارشيه دشنا و توابعها",
        "name:ar": "كاتدرائية رئيس الملائكة الجليل ميخائيل بالرحمانية قبلى إيبارشيه دشنا و توابعها",
        "religion": "christian",
        "@geometry": "center"
      },
      "geometry": {
        "type": "Point",
        "coordinates": [
          32.2982182,
          26.0657991
        ]
      },
      "id": "way/1268833730"
    },
    {
      "type": "Feature",
      "properties": {
        "@id": "way/1281362878",
        "amenity": "place_of_worship",
        "building": "church",
        "denomination": "coptic_orthodox",
        "name:de": "Markuskirche",
        "name:en": "St. Mark's Church",
        "religion": "christian",
        "wikidata": "Q125865811",
        "wikimedia_commons": "Category:Saint Mark's Coptic Orthodox Church, Rosetta",
        "@geometry": "center"
      },
      "geometry": {
        "type": "Point",
        "coordinates": [
          30.4205056,
          31.4049719
        ]
      },
      "id": "way/1281362878"
    },
    {
      "type": "Feature",
      "properties": {
        "@id": "way/1283187417",
        "amenity": "place_of_worship",
        "building": "yes",
        "name": "Church of Martyr St.Abanoub",
        "religion": "christian",
        "@geometry": "center"
      },
      "geometry": {
        "type": "Point",
        "coordinates": [
          33.8336225,
          27.2183164
        ]
      },
      "id": "way/1283187417"
    },
    {
      "type": "Feature",
      "properties": {
        "@id": "way/1284300558",
        "amenity": "place_of_worship",
        "building": "yes",
        "denomination": "coptic_orthodox",
        "name": "كنيسة السيدة العذراء مريم و القديس القوى الأنبا موسى",
        "name:ar": "كنيسة السيدة العذراء مريم و القديس القوى الأنبا موسى",
        "name:en": "Saint Mary and St. Moses the Black Coptic Orthodox Church",
        "religion": "christian",
        "wikidata": "Q130426928",
        "wikimedia_commons": "File:Saint Mary and St. Moses the Black Coptic Orthodox Church 01.jpg",
        "@geometry": "center"
      },
      "geometry": {
        "type": "Point",
        "coordinates": [
          29.892219,
          31.1989117
        ]
      },
      "id": "way/1284300558"
    },
    {
      "type": "Feature",
      "properties": {
        "@id": "way/1291806438",
        "addr:city": "Gardenia City, Nasr City, Cairo, Egypt",
        "addr:place": "مدينة جاردينيا",
        "building": "church",
        "image": "https://lh3.googleusercontent.com/p/AF1QipNO8Z4g9aCN7nWl0nXUlPrY1IaDYUjpwBmpVzb5=s680-w680-h510",
        "name": "St Tadrous El Shotby & St. Tadrous El Mishreke (The Oriental)Church, Gardenia City",
        "@geometry": "center"
      },
      "geometry": {
        "type": "Point",
        "coordinates": [
          31.3948807,
          30.071441
        ]
      },
      "id": "way/1291806438"
    },
    {
      "type": "Feature",
      "properties": {
        "@id": "way/1292165667",
        "building": "church",
        "name": "St Antony Church, Shoubra كنيسة الأنبا أنطونيوس شبرا",
        "@geometry": "center"
      },
      "geometry": {
        "type": "Point",
        "coordinates": [
          31.2526173,
          30.0723551
        ]
      },
      "id": "way/1292165667"
    },
    {
      "type": "Feature",
      "properties": {
        "@id": "way/1296400037",
        "amenity": "place_of_worship",
        "name": "Mivida Church",
        "religion": "christian",
        "@geometry": "center"
      },
      "geometry": {
        "type": "Point",
        "coordinates": [
          31.5343317,
          30.0163466
        ]
      },
      "id": "way/1296400037"
    },
    {
      "type": "Feature",
      "properties": {
        "@id": "way/1316153852",
        "landuse": "cemetery",
        "name": "Egyptian Greek Orthodox Cemetery",
        "name:en": "Egyptian Greek Orthodox Cemetery",
        "name:fr": "Cimetière grec orthodoxe égyptien",
        "religion": "christian",
        "wikidata": "Q130314328",
        "wikimedia_commons": "Category:Egyptian Greek Orthodox Cemetery in Alexandria",
        "@geometry": "center"
      },
      "geometry": {
        "type": "Point",
        "coordinates": [
          29.9167865,
          31.2060237
        ]
      },
      "id": "way/1316153852"
    },
    {
      "type": "Feature",
      "properties": {
        "@id": "way/1316157239",
        "landuse": "cemetery",
        "name": "Armenian Cemetery",
        "name:en": "Armenian Cemetery",
        "name:fr": "Cimetière Arménien",
        "religion": "christian",
        "wikidata": "Q130314243",
        "wikimedia_commons": "Category:Armenian cemetery in Alexandria",
        "@geometry": "center"
      },
      "geometry": {
        "type": "Point",
        "coordinates": [
          29.9170198,
          31.2055294
        ]
      },
      "id": "way/1316157239"
    },
    {
      "type": "Feature",
      "properties": {
        "@id": "way/1316182277",
        "denomination": "coptic_orthodox",
        "landuse": "cemetery",
        "religion": "christian",
        "wikidata": "Q130314914",
        "wikimedia_commons": "Category:Coptic Orthodox cemetery in Shatby",
        "@geometry": "center"
      },
      "geometry": {
        "type": "Point",
        "coordinates": [
          29.9148325,
          31.2064681
        ]
      },
      "id": "way/1316182277"
    },
    {
      "type": "Feature",
      "properties": {
        "@id": "way/1323882812",
        "amenity": "place_of_worship",
        "building": "yes",
        "religion": "christian",
        "@geometry": "center"
      },
      "geometry": {
        "type": "Point",
        "coordinates": [
          29.9162251,
          31.203413
        ]
      },
      "id": "way/1323882812"
    },
    {
      "type": "Feature",
      "properties": {
        "@id": "way/1323882822",
        "amenity": "place_of_worship",
        "building": "yes",
        "religion": "christian",
        "@geometry": "center"
      },
      "geometry": {
        "type": "Point",
        "coordinates": [
          29.9152425,
          31.2054816
        ]
      },
      "id": "way/1323882822"
    },
    {
      "type": "Feature",
      "properties": {
        "@id": "way/1324391527",
        "amenity": "place_of_worship",
        "building": "church",
        "name": "كنيسة الدبانة",
        "name:ar": "كنيسة الدبانة‎",
        "religion": "christian",
        "wikidata": "Q112764051",
        "wikimedia_commons": "Category:Kanīsat ad Dabbānah",
        "@geometry": "center"
      },
      "geometry": {
        "type": "Point",
        "coordinates": [
          29.8970074,
          31.1974948
        ]
      },
      "id": "way/1324391527"
    },
    {
      "type": "Feature",
      "properties": {
        "@id": "way/1379086879",
        "amenity": "monastery",
        "building": "yes",
        "name": "Abu Sayfayn Cloister",
        "source": "microsoft/BuildingFootprints",
        "@geometry": "center"
      },
      "geometry": {
        "type": "Point",
        "coordinates": [
          31.2310227,
          30.0125291
        ]
      },
      "id": "way/1379086879"
    },
    {
      "type": "Feature",
      "properties": {
        "@id": "way/1394157698",
        "amenity": "place_of_worship",
        "building": "yes",
        "religion": "christian",
        "source": "microsoft/BuildingFootprints",
        "@geometry": "center"
      },
      "geometry": {
        "type": "Point",
        "coordinates": [
          32.3002302,
          31.262557
        ]
      },
      "id": "way/1394157698"
    },
    {
      "type": "Feature",
      "properties": {
        "@id": "way/1415957470",
        "amenity": "place_of_worship",
        "building": "yes",
        "denomination": "catholic",
        "name": "كنيسة المسيح الملك",
        "religion": "christian",
        "@geometry": "center"
      },
      "geometry": {
        "type": "Point",
        "coordinates": [
          31.3934443,
          31.0504169
        ]
      },
      "id": "way/1415957470"
    },
    {
      "type": "Feature",
      "properties": {
        "@id": "way/1419965285",
        "amenity": "place_of_worship",
        "building": "yes",
        "denomination": "romanian_orthodox",
        "name": "الكنيسة اليونانية",
        "religion": "christian",
        "@geometry": "center"
      },
      "geometry": {
        "type": "Point",
        "coordinates": [
          31.3825044,
          31.0465711
        ]
      },
      "id": "way/1419965285"
    },
    {
      "type": "Feature",
      "properties": {
        "@id": "way/1419966167",
        "amenity": "place_of_worship",
        "building": "yes",
        "denomination": "anglican",
        "name": "الانجيلية",
        "religion": "christian",
        "@geometry": "center"
      },
      "geometry": {
        "type": "Point",
        "coordinates": [
          31.383272,
          31.0455552
        ]
      },
      "id": "way/1419966167"
    },
    {
      "type": "Feature",
      "properties": {
        "@id": "way/1420034989",
        "amenity": "place_of_worship",
        "building": "yes",
        "denomination": "romanian_orthodox",
        "name": "كنيسة القديس نيقولاوس",
        "religion": "christian",
        "@geometry": "center"
      },
      "geometry": {
        "type": "Point",
        "coordinates": [
          31.38745,
          31.0441531
        ]
      },
      "id": "way/1420034989"
    },
    {
      "type": "Feature",
      "properties": {
        "@id": "way/1420626497",
        "amenity": "place_of_worship",
        "building": "church",
        "religion": "christian",
        "@geometry": "center"
      },
      "geometry": {
        "type": "Point",
        "coordinates": [
          31.6690768,
          30.7297527
        ]
      },
      "id": "way/1420626497"
    },
    {
      "type": "Feature",
      "properties": {
        "@id": "way/1424743550",
        "building": "church",
        "building:levels": "1",
        "layer": "-1",
        "@geometry": "center"
      },
      "geometry": {
        "type": "Point",
        "coordinates": [
          31.3233265,
          29.9699786
        ]
      },
      "id": "way/1424743550"
    },
    {
      "type": "Feature",
      "properties": {
        "@id": "way/1431456701",
        "building": "church",
        "source": "microsoft/BuildingFootprints",
        "@geometry": "center"
      },
      "geometry": {
        "type": "Point",
        "coordinates": [
          31.2655172,
          29.9594123
        ]
      },
      "id": "way/1431456701"
    },
    {
      "type": "Feature",
      "properties": {
        "@id": "way/1431456709",
        "building": "church",
        "source": "microsoft/BuildingFootprints",
        "@geometry": "center"
      },
      "geometry": {
        "type": "Point",
        "coordinates": [
          31.2665721,
          29.9604839
        ]
      },
      "id": "way/1431456709"
    },
    {
      "type": "Feature",
      "properties": {
        "@id": "node/1432767400",
        "amenity": "place_of_worship",
        "denomination": "baptist",
        "name": "First Baptist Church of Cairo Egypt",
        "religion": "christian"
      },
      "geometry": {
        "type": "Point",
        "coordinates": [
          31.2467716,
          30.0961269
        ]
      },
      "id": "node/1432767400"
    },
    {
      "type": "Feature",
      "properties": {
        "@id": "node/1433946827",
        "amenity": "place_of_worship",
        "name": "Damyana",
        "name:en": "Damyana",
        "religion": "christian"
      },
      "geometry": {
        "type": "Point",
        "coordinates": [
          31.3893295,
          31.2948754
        ]
      },
      "id": "node/1433946827"
    },
    {
      "type": "Feature",
      "properties": {
        "@id": "way/1456649995",
        "amenity": "place_of_worship",
        "building": "yes",
        "name": "كنيسة السيدة العذراء مريم و الأنبا صمؤيل",
        "name:ar": "كنيسة السيدة العذراء مريم و الأنبا صمؤيل",
        "name:en": "St. Samual Church",
        "religion": "christian",
        "@geometry": "center"
      },
      "geometry": {
        "type": "Point",
        "coordinates": [
          30.9789915,
          30.0571771
        ]
      },
      "id": "way/1456649995"
    },
    {
      "type": "Feature",
      "properties": {
        "@id": "way/1457586069",
        "amenity": "place_of_worship",
        "building": "yes",
        "denomination": "orthodox",
        "name": "كنيسة الشهيد أبي سيفين والأنبا مقار",
        "name:ar": "كنيسة الشهيد أبي سيفين والأنبا مقار",
        "name:arz": "كنيسة الشهيد أبي سيفين والأنبا مقار",
        "name:en": "Church of Saint Mercerius and Saint Macarius",
        "religion": "christian",
        "@geometry": "center"
      },
      "geometry": {
        "type": "Point",
        "coordinates": [
          31.4487936,
          30.0664839
        ]
      },
      "id": "way/1457586069"
    },
    {
      "type": "Feature",
      "properties": {
        "@id": "way/1470903214",
        "amenity": "place_of_worship",
        "building": "church",
        "denomination": "roman_catholic",
        "name": "كاتدرائية مار مرقص",
        "name:ar": "كاتدرائية مار مرقص",
        "name:en": "St. Mark Cathedral",
        "religion": "christian",
        "@geometry": "center"
      },
      "geometry": {
        "type": "Point",
        "coordinates": [
          31.2422527,
          30.0688669
        ]
      },
      "id": "way/1470903214"
    },
    {
      "type": "Feature",
      "properties": {
        "@id": "way/1473650364",
        "addr:city": "مدينة الوحدة",
        "addr:postcode": "11742",
        "addr:street": "شارع مدينه الوحده",
        "amenity": "place_of_worship",
        "building": "yes",
        "denomination": "orthodox",
        "name": "كنيسة الأنبا بيشوي",
        "religion": "christian",
        "@geometry": "center"
      },
      "geometry": {
        "type": "Point",
        "coordinates": [
          31.2893027,
          29.9583499
        ]
      },
      "id": "way/1473650364"
    },
    {
      "type": "Feature",
      "properties": {
        "@id": "node/1495717757",
        "amenity": "place_of_worship",
        "name": "كنيسة السيدة العذراء بمم",
        "name:ar": "كنيسة السيدة العذراء",
        "name:en": "Al-Sayeda Al-Azraa' Church",
        "religion": "christian"
      },
      "geometry": {
        "type": "Point",
        "coordinates": [
          30.9064976,
          30.6829537
        ]
      },
      "id": "node/1495717757"
    },
    {
      "type": "Feature",
      "properties": {
        "@id": "node/1496506702",
        "amenity": "place_of_worship",
        "name": "كنيسة ماري يوحنا",
        "name:ar": "كنيسة ماري يوحنا",
        "name:en": "Mary Johanna Church",
        "religion": "christian"
      },
      "geometry": {
        "type": "Point",
        "coordinates": [
          31.2166599,
          30.1750126
        ]
      },
      "id": "node/1496506702"
    },
    {
      "type": "Feature",
      "properties": {
        "@id": "node/1497279388",
        "amenity": "place_of_worship",
        "name": "كنيسة العذراء الاثرية",
        "name:ar": "كنيسة العذراء الاثرية",
        "name:en": "Al-Azraa' Al-Athareya Church",
        "religion": "christian"
      },
      "geometry": {
        "type": "Point",
        "coordinates": [
          31.257479,
          30.1797756
        ]
      },
      "id": "node/1497279388"
    },
    {
      "type": "Feature",
      "properties": {
        "@id": "node/1497853117",
        "amenity": "place_of_worship",
        "name": "بيت ايل",
        "name:ar": "بيت ايل",
        "name:en": "Beet Eil",
        "religion": "christian"
      },
      "geometry": {
        "type": "Point",
        "coordinates": [
          31.2091272,
          30.1800089
        ]
      },
      "id": "node/1497853117"
    },
    {
      "type": "Feature",
      "properties": {
        "@id": "node/1497863807",
        "amenity": "place_of_worship",
        "denomination": "coptic_orthodox",
        "name": "كنيسة ماري جرجس قليوب البلد",
        "name:ar": "كنيسة ماري جرجس قليوب البلد",
        "name:en": "Mary Girgis Church",
        "religion": "christian"
      },
      "geometry": {
        "type": "Point",
        "coordinates": [
          31.2049751,
          30.1788866
        ]
      },
      "id": "node/1497863807"
    },
    {
      "type": "Feature",
      "properties": {
        "@id": "node/1497885446",
        "amenity": "place_of_worship",
        "name": "كنيسة السيدة العذراء القناطر الخيرية",
        "name:ar": "كنيسة السيدة العذراء القناطر الخيرية",
        "name:en": "Al Qanatir al Khairiya Virgin Mary Church",
        "religion": "christian"
      },
      "geometry": {
        "type": "Point",
        "coordinates": [
          31.1368685,
          30.1952643
        ]
      },
      "id": "node/1497885446"
    },
    {
      "type": "Feature",
      "properties": {
        "@id": "way/1518777035",
        "addr:city": "القوصية",
        "amenity": "place_of_worship",
        "building": "yes",
        "denomination": "coptic_orthodox",
        "name": "كنيسة القديس العظيم يوحنا المعمدان بالقوصية",
        "name:en": "Church of the Great Saint John the Baptist in Qusiyah",
        "name:es": "Iglesia del Gran San Juan Bautista en Qusiyah",
        "religion": "christian",
        "@geometry": "center"
      },
      "geometry": {
        "type": "Point",
        "coordinates": [
          30.8143547,
          27.4396663
        ]
      },
      "id": "way/1518777035"
    },
    {
      "type": "Feature",
      "properties": {
        "@id": "way/1518777036",
        "addr:city": "القوصية",
        "amenity": "place_of_worship",
        "building": "yes",
        "denomination": "coptic_orthodox",
        "name": "كنيسه الملاك غبريال بالقوصيه",
        "name:en": "Church of the Archangel Gabriel in Qusiyah",
        "name:es": "Iglesia del Arcángel Gabriel en Qusiyah",
        "religion": "christian",
        "@geometry": "center"
      },
      "geometry": {
        "type": "Point",
        "coordinates": [
          30.8124606,
          27.4382886
        ]
      },
      "id": "way/1518777036"
    },
    {
      "type": "Feature",
      "properties": {
        "@id": "way/1530040580",
        "amenity": "place_of_worship",
        "building": "church",
        "name": "كنيسة العلمين",
        "name:ar": "كنيسة العلمين",
        "name:en": "Al Alamein Church",
        "religion": "christian",
        "@geometry": "center"
      },
      "geometry": {
        "type": "Point",
        "coordinates": [
          28.9028201,
          30.8475037
        ]
      },
      "id": "way/1530040580"
    },
    {
      "type": "Feature",
      "properties": {
        "@id": "node/1558285814",
        "amenity": "place_of_worship",
        "denomination": "orthodox",
        "religion": "christian"
      },
      "geometry": {
        "type": "Point",
        "coordinates": [
          32.3486671,
          28.9170836
        ]
      },
      "id": "node/1558285814"
    },
    {
      "type": "Feature",
      "properties": {
        "@id": "node/2020025637",
        "amenity": "place_of_worship",
        "religion": "christian"
      },
      "geometry": {
        "type": "Point",
        "coordinates": [
          32.551867,
          29.9683287
        ]
      },
      "id": "node/2020025637"
    },
    {
      "type": "Feature",
      "properties": {
        "@id": "node/2020025649",
        "amenity": "place_of_worship",
        "religion": "christian"
      },
      "geometry": {
        "type": "Point",
        "coordinates": [
          32.5535085,
          29.9677701
        ]
      },
      "id": "node/2020025649"
    },
    {
      "type": "Feature",
      "properties": {
        "@id": "node/2134397376",
        "amenity": "place_of_worship",
        "religion": "christian"
      },
      "geometry": {
        "type": "Point",
        "coordinates": [
          33.9644616,
          28.5524893
        ]
      },
      "id": "node/2134397376"
    },
    {
      "type": "Feature",
      "properties": {
        "@id": "node/2315311449",
        "amenity": "place_of_worship",
        "religion": "christian"
      },
      "geometry": {
        "type": "Point",
        "coordinates": [
          31.1870189,
          27.1848739
        ]
      },
      "id": "node/2315311449"
    },
    {
      "type": "Feature",
      "properties": {
        "@id": "node/2701123706",
        "historic": "monastery",
        "name": "دير القديسة كاترين",
        "name:ar": "دير القديسة كاترين",
        "name:de": "Katharinenkloster",
        "name:en": "St Catherine's Monastery",
        "name:es": "Monasterio de Santa Catalina",
        "name:fr": "Monastère Sainte-Catherine du Sinaï",
        "name:pnb": "خانقاہ مقدسہ کیتھرین",
        "name:sr": "Манастир Свете Катарине на Синају",
        "name:ur": "خانقاہ مقدسہ کیتھرین",
        "place": "locality",
        "religion": "christian",
        "wikidata": "Q185362",
        "wikimedia_commons": "Category:Saint Catherine Monastery, Mount Sinai",
        "wikipedia": "ar:دير سانت كاترين"
      },
      "geometry": {
        "type": "Point",
        "coordinates": [
          33.9765682,
          28.5556875
        ]
      },
      "id": "node/2701123706"
    },
    {
      "type": "Feature",
      "properties": {
        "@id": "node/2710018090",
        "alt_name:en": "Monastery of Saint Fana",
        "alt_name:ro": "Mănăstirea coptă „Abu Fanah”",
        "amenity": "place_of_worship",
        "denomination": "coptic_orthodox",
        "name": "Deir Abū Fānā",
        "name:ro": "Mănăstirea coptă „Saint Fana”",
        "religion": "christian",
        "source": "http://de.wikivoyage.org/wiki/Deir_Ab%C5%AB_F%C4%81n%C4%81",
        "wikidata": "Q11256333",
        "wikimedia_commons": "Category:Deir Abu Fana",
        "wikipedia": "en:Monastery of Saint Fana"
      },
      "geometry": {
        "type": "Point",
        "coordinates": [
          30.698018,
          27.8452619
        ]
      },
      "id": "node/2710018090"
    },
    {
      "type": "Feature",
      "properties": {
        "@id": "node/3087133927",
        "building": "church",
        "building:levels": "2",
        "name": "كنيسة العذراء مريم ومارى مينا",
        "name:ar": "كنيسة العذراء مريم ومارى مينا",
        "name:en": "Church of the Virgin Mary and St. Mina"
      },
      "geometry": {
        "type": "Point",
        "coordinates": [
          31.4578716,
          30.8820258
        ]
      },
      "id": "node/3087133927"
    },
    {
      "type": "Feature",
      "properties": {
        "@id": "node/3119625066",
        "amenity": "place_of_worship",
        "religion": "christian"
      },
      "geometry": {
        "type": "Point",
        "coordinates": [
          31.3835112,
          31.0463508
        ]
      },
      "id": "node/3119625066"
    },
    {
      "type": "Feature",
      "properties": {
        "@id": "node/3165347188",
        "amenity": "place_of_worship",
        "denomination": "orthodox",
        "name": "St. George Church Mataria",
        "name:ar": "كنيسة الشهيد العظيم مار جرجس بالمطرية",
        "religion": "christian"
      },
      "geometry": {
        "type": "Point",
        "coordinates": [
          31.2976552,
          30.1260673
        ]
      },
      "id": "node/3165347188"
    },
    {
      "type": "Feature",
      "properties": {
        "@id": "node/3224769100",
        "amenity": "place_of_worship",
        "religion": "christian"
      },
      "geometry": {
        "type": "Point",
        "coordinates": [
          33.6169429,
          28.2435065
        ]
      },
      "id": "node/3224769100"
    },
    {
      "type": "Feature",
      "properties": {
        "@id": "node/3298001061",
        "amenity": "place_of_worship",
        "religion": "christian"
      },
      "geometry": {
        "type": "Point",
        "coordinates": [
          31.3396762,
          30.1022175
        ]
      },
      "id": "node/3298001061"
    },
    {
      "type": "Feature",
      "properties": {
        "@id": "node/3395318194",
        "amenity": "place_of_worship",
        "name": "مصلى سانت بانتاليمون",
        "name:ar": "مصلى سانت بانتاليمون",
        "name:en": "Chapel of St. Pantalaimon",
        "name:es": "Capilla de San Pantaleón",
        "religion": "christian"
      },
      "geometry": {
        "type": "Point",
        "coordinates": [
          33.967514,
          28.5476308
        ]
      },
      "id": "node/3395318194"
    },
    {
      "type": "Feature",
      "properties": {
        "@id": "node/3665856203",
        "amenity": "place_of_worship",
        "name": "Church of Christ كنيسة المسيح",
        "name:ar": "Church of Christ كنيسة المسيح",
        "religion": "christian"
      },
      "geometry": {
        "type": "Point",
        "coordinates": [
          31.3250699,
          30.0973686
        ]
      },
      "id": "node/3665856203"
    },
    {
      "type": "Feature",
      "properties": {
        "@id": "node/3841904030",
        "amenity": "place_of_worship",
        "name": "كنيسة الملاك مخائيل",
        "name:ar": "كنيسة الملاك مخائيل",
        "religion": "christian"
      },
      "geometry": {
        "type": "Point",
        "coordinates": [
          29.9527212,
          31.222477
        ]
      },
      "id": "node/3841904030"
    },
    {
      "type": "Feature",
      "properties": {
        "@id": "node/4316480672",
        "amenity": "place_of_worship",
        "religion": "christian"
      },
      "geometry": {
        "type": "Point",
        "coordinates": [
          33.973794,
          28.5420134
        ]
      },
      "id": "node/4316480672"
    },
    {
      "type": "Feature",
      "properties": {
        "@id": "node/4316481120",
        "amenity": "place_of_worship",
        "religion": "christian"
      },
      "geometry": {
        "type": "Point",
        "coordinates": [
          33.956934,
          28.5443729
        ]
      },
      "id": "node/4316481120"
    },
    {
      "type": "Feature",
      "properties": {
        "@id": "node/4316481377",
        "amenity": "place_of_worship",
        "religion": "christian"
      },
      "geometry": {
        "type": "Point",
        "coordinates": [
          33.9877219,
          28.5468269
        ]
      },
      "id": "node/4316481377"
    },
    {
      "type": "Feature",
      "properties": {
        "@id": "node/4316481402",
        "amenity": "place_of_worship",
        "religion": "christian"
      },
      "geometry": {
        "type": "Point",
        "coordinates": [
          33.9693296,
          28.5470265
        ]
      },
      "id": "node/4316481402"
    },
    {
      "type": "Feature",
      "properties": {
        "@id": "node/4316481535",
        "amenity": "place_of_worship",
        "religion": "christian"
      },
      "geometry": {
        "type": "Point",
        "coordinates": [
          33.9699942,
          28.5484258
        ]
      },
      "id": "node/4316481535"
    },
    {
      "type": "Feature",
      "properties": {
        "@id": "node/4316481563",
        "amenity": "place_of_worship",
        "religion": "christian"
      },
      "geometry": {
        "type": "Point",
        "coordinates": [
          33.9709203,
          28.5492794
        ]
      },
      "id": "node/4316481563"
    },
    {
      "type": "Feature",
      "properties": {
        "@id": "node/4349054902",
        "addr:street": "75",
        "amenity": "place_of_worship",
        "name": "Maadi Evangelical Church",
        "opening_hours": "Mo-Su 10:00-22:00",
        "phone": "+20223592910",
        "religion": "christian"
      },
      "geometry": {
        "type": "Point",
        "coordinates": [
          31.2576594,
          29.9644928
        ]
      },
      "id": "node/4349054902"
    },
    {
      "type": "Feature",
      "properties": {
        "@id": "node/4421290689",
        "addr:country": "EG",
        "addr:district": "مصر الجديده",
        "addr:district:en": "Heliopolis",
        "addr:housenumber": "35",
        "addr:postcode": "11736",
        "addr:province": "القاهرة",
        "addr:province:en": "Cairo",
        "addr:street": "شارع كيلوباترا",
        "addr:street:en": "Cleopatra Street",
        "addr:subdistrict": "الماظه",
        "addr:subdistrict:en": "Almaza",
        "amenity": "place_of_worship",
        "denomination": "coptic_orthodox",
        "name": "كنيسة مارمرقس كليوباترا",
        "name:ar": "كنيسة مارمرقس كليوباترا",
        "name:en": "St Markos Church Cleopatra",
        "religion": "christian"
      },
      "geometry": {
        "type": "Point",
        "coordinates": [
          31.3296252,
          30.0924362
        ]
      },
      "id": "node/4421290689"
    },
    {
      "type": "Feature",
      "properties": {
        "@id": "node/4500144689",
        "amenity": "place_of_worship",
        "name": "كنيسة ابونا عبد المسيح المناهري مطاي المنيا",
        "name:ar": "كنيسة ابونا عبد المسيح المناهري مطاي المنيا",
        "religion": "christian"
      },
      "geometry": {
        "type": "Point",
        "coordinates": [
          30.7747491,
          28.3970606
        ]
      },
      "id": "node/4500144689"
    },
    {
      "type": "Feature",
      "properties": {
        "@id": "node/4518035489",
        "addr:street": "شارع الوحدة العربية",
        "amenity": "place_of_worship",
        "name": "كنيسة السيدة العذراء",
        "name:ar": "كنيسة السيدة العذراء",
        "religion": "christian"
      },
      "geometry": {
        "type": "Point",
        "coordinates": [
          31.1644318,
          30.9647079
        ]
      },
      "id": "node/4518035489"
    },
    {
      "type": "Feature",
      "properties": {
        "@id": "node/4530991990",
        "amenity": "place_of_worship",
        "name": "دير الانبا انطونيوس",
        "name:ar": "دير الانبا انطونيوس",
        "name:de": "Antoniuskloster",
        "name:en": "Monastery of Saint Anthony",
        "name:fr": "Monastère Saint-Antoine",
        "name:it": "Monastero di Sant'Antonio",
        "place": "village",
        "religion": "christian"
      },
      "geometry": {
        "type": "Point",
        "coordinates": [
          32.3519493,
          28.9265248
        ]
      },
      "id": "node/4530991990"
    },
    {
      "type": "Feature",
      "properties": {
        "@id": "node/4612364092",
        "amenity": "place_of_worship",
        "name": "كنيسة العذراء والملاك ميخائيل",
        "name:ar": "كنيسة العذراء والملاك ميخائيل",
        "name:en": "St Mary and archangel Mikhail",
        "religion": "christian"
      },
      "geometry": {
        "type": "Point",
        "coordinates": [
          31.3332165,
          30.1255743
        ]
      },
      "id": "node/4612364092"
    },
    {
      "type": "Feature",
      "properties": {
        "@id": "node/4754435231",
        "amenity": "place_of_worship",
        "denomination": "catholic",
        "name": "كنيسه مارمرقس",
        "name:ar": "كنيسه مارمرقس",
        "religion": "christian"
      },
      "geometry": {
        "type": "Point",
        "coordinates": [
          31.2728005,
          30.7405664
        ]
      },
      "id": "node/4754435231"
    },
    {
      "type": "Feature",
      "properties": {
        "@id": "node/4793326721",
        "amenity": "place_of_worship",
        "name:ko": "카이로 한인교회",
        "religion": "christian"
      },
      "geometry": {
        "type": "Point",
        "coordinates": [
          31.2665925,
          29.9604214
        ]
      },
      "id": "node/4793326721"
    },
    {
      "type": "Feature",
      "properties": {
        "@id": "node/5314628360",
        "addr:street": "Massarra, Shoubra",
        "amenity": "place_of_worship",
        "denomination": "coptic_orthodox",
        "loc_name": "كنيسة العذراء مريم بمسره",
        "name": "Virgin Mary's Church / Massarra",
        "name:ar": "كنيسة العذراء مريم بمسره",
        "religion": "christian"
      },
      "geometry": {
        "type": "Point",
        "coordinates": [
          31.2433125,
          30.0732591
        ]
      },
      "id": "node/5314628360"
    },
    {
      "type": "Feature",
      "properties": {
        "@id": "node/5317142837",
        "amenity": "place_of_worship",
        "denomination": "coptic_orthodox",
        "name": "Virgin Mary Church",
        "name:ar": "كنيسة العذراء مريم",
        "religion": "christian"
      },
      "geometry": {
        "type": "Point",
        "coordinates": [
          31.2009451,
          30.0335065
        ]
      },
      "id": "node/5317142837"
    },
    {
      "type": "Feature",
      "properties": {
        "@id": "node/5420143273",
        "addr:city": "جرجا",
        "addr:postcode": "82743",
        "addr:street": "بندار الشرقيه",
        "amenity": "place_of_worship",
        "name": "كنيسة القديس الانبا شنوده",
        "name:ar": "كنيسة القديس الانبا شنوده",
        "religion": "christian",
        "service_times": "24"
      },
      "geometry": {
        "type": "Point",
        "coordinates": [
          31.844378,
          26.3685757
        ]
      },
      "id": "node/5420143273"
    },
    {
      "type": "Feature",
      "properties": {
        "@id": "node/5475422270",
        "addr:city": "بنى سويف",
        "addr:housenumber": "1",
        "addr:postcode": "082",
        "addr:street": "شارع الازهرى الرئيسي",
        "amenity": "place_of_worship",
        "denomination": "orthodox",
        "name": "كنيسة رئيس الملائكة الجليل ميخائيل",
        "name:ar": "كنيسة رئيس الملائكة الجليل ميخائيل",
        "religion": "christian"
      },
      "geometry": {
        "type": "Point",
        "coordinates": [
          31.0816582,
          29.084417
        ]
      },
      "id": "node/5475422270"
    },
    {
      "type": "Feature",
      "properties": {
        "@id": "node/5510611423",
        "addr:housenumber": "15",
        "addr:street": "شارع حمدي",
        "amenity": "place_of_worship",
        "name": "كاتدرائية مار يوسف المارونية",
        "name:ar": "كاتدرائية مار يوسف المارونية",
        "name:en": "St. Jospeh Maronite Cathedral",
        "religion": "christian"
      },
      "geometry": {
        "type": "Point",
        "coordinates": [
          31.2600086,
          30.0649415
        ]
      },
      "id": "node/5510611423"
    },
    {
      "type": "Feature",
      "properties": {
        "@id": "node/5551676104",
        "amenity": "place_of_worship",
        "check_date": "2025-07-16",
        "name": "Blessed Virgin Mary",
        "religion": "christian"
      },
      "geometry": {
        "type": "Point",
        "coordinates": [
          31.8346011,
          31.5164763
        ]
      },
      "id": "node/5551676104"
    },
    {
      "type": "Feature",
      "properties": {
        "@id": "node/5587465631",
        "amenity": "place_of_worship",
        "religion": "christian"
      },
      "geometry": {
        "type": "Point",
        "coordinates": [
          31.3983592,
          31.0541695
        ]
      },
      "id": "node/5587465631"
    },
    {
      "type": "Feature",
      "properties": {
        "@id": "node/5976468132",
        "amenity": "place_of_worship",
        "denomination": "coptic_orthodox",
        "name": "كنيسة العذراء والبابا كرولوس",
        "name:ar": "كنيسة العذراء والبابا كرولوس",
        "name:en": "Virgin Mary and Pope Cyril VI",
        "religion": "christian"
      },
      "geometry": {
        "type": "Point",
        "coordinates": [
          31.2438382,
          30.0987292
        ]
      },
      "id": "node/5976468132"
    },
    {
      "type": "Feature",
      "properties": {
        "@id": "node/6008183686",
        "amenity": "place_of_worship",
        "building": "church",
        "denomination": "coptic",
        "name": "كنيسة العذراء مريم بالمعادي",
        "religion": "christian"
      },
      "geometry": {
        "type": "Point",
        "coordinates": [
          31.2560628,
          29.952406
        ]
      },
      "id": "node/6008183686"
    },
    {
      "type": "Feature",
      "properties": {
        "@id": "node/6176575482",
        "amenity": "place_of_worship",
        "name": "Church of Archangle Michael",
        "name:ar": "كنيسة الملاك ميخائيل",
        "religion": "christian",
        "wheelchair": "limited"
      },
      "geometry": {
        "type": "Point",
        "coordinates": [
          31.3733763,
          30.1002739
        ]
      },
      "id": "node/6176575482"
    },
    {
      "type": "Feature",
      "properties": {
        "@id": "node/6182222499",
        "amenity": "place_of_worship",
        "denomination": "coptic",
        "name": "Gebel al Teir",
        "religion": "christian",
        "source": "DuMont Reise-Taschenbuch Ägypten - Die klassische Nilreise"
      },
      "geometry": {
        "type": "Point",
        "coordinates": [
          30.747868,
          28.2804732
        ]
      },
      "id": "node/6182222499"
    },
    {
      "type": "Feature",
      "properties": {
        "@id": "node/6182222717",
        "amenity": "place_of_worship",
        "denomination": "coptic_orthodox",
        "name": "Gebel al-Teir",
        "name:de": "Gebel al-Teir Pilgerkirche",
        "religion": "christian",
        "source": "DuMont Reise-Taschenbuch Ägypten - Die klassische Nilreise"
      },
      "geometry": {
        "type": "Point",
        "coordinates": [
          30.7487025,
          28.2783204
        ]
      },
      "id": "node/6182222717"
    },
    {
      "type": "Feature",
      "properties": {
        "@id": "node/6568600106",
        "amenity": "place_of_worship",
        "denomination": "roman_catholic",
        "name": "Roman Catholic Church",
        "name:en": "Roman Catholic Church",
        "religion": "christian"
      },
      "geometry": {
        "type": "Point",
        "coordinates": [
          32.6426967,
          25.7022672
        ]
      },
      "id": "node/6568600106"
    },
    {
      "type": "Feature",
      "properties": {
        "@id": "node/6579727670",
        "addr:country": "EG",
        "addr:district": "اول مدينة نصر",
        "addr:district:en": "First Nasr City",
        "addr:housenumber": "8F",
        "addr:postcode": "11765",
        "addr:province": "القاهرة",
        "addr:province:en": "Cairo",
        "addr:street": "شارع الانبا بولا",
        "addr:street:en": "Al Anba Bola Street",
        "addr:subdistrict": "الجولف",
        "addr:subdistrict:en": "El Golf",
        "amenity": "place_of_worship",
        "denomination": "orthodox",
        "name": "كنيسة الانبا بولا",
        "religion": "christian"
      },
      "geometry": {
        "type": "Point",
        "coordinates": [
          31.3366771,
          30.0778725
        ]
      },
      "id": "node/6579727670"
    },
    {
      "type": "Feature",
      "properties": {
        "@id": "node/6588060400",
        "amenity": "place_of_worship",
        "denomination": "catholic",
        "name": "Saint Teresa Catholic Church",
        "religion": "christian"
      },
      "geometry": {
        "type": "Point",
        "coordinates": [
          32.89907,
          24.0960704
        ]
      },
      "id": "node/6588060400"
    },
    {
      "type": "Feature",
      "properties": {
        "@id": "node/6595710485",
        "amenity": "place_of_worship",
        "building": "yes",
        "check_date": "2026-03-20",
        "denomination": "greek_catholic",
        "name": "الكنيسة الكاثوليكية اليونانية",
        "name:ar": "الكنيسة الكاثوليكية اليونانية",
        "name:en": "Greek Catholic Church",
        "name:es": "Iglesia Ortodoxa Griega",
        "religion": "christian"
      },
      "geometry": {
        "type": "Point",
        "coordinates": [
          29.8925564,
          31.1960265
        ]
      },
      "id": "node/6595710485"
    },
    {
      "type": "Feature",
      "properties": {
        "@id": "node/6935686638",
        "amenity": "place_of_worship",
        "religion": "christian"
      },
      "geometry": {
        "type": "Point",
        "coordinates": [
          31.1867194,
          27.183919
        ]
      },
      "id": "node/6935686638"
    },
    {
      "type": "Feature",
      "properties": {
        "@id": "node/7179248086",
        "amenity": "place_of_worship",
        "name": "Saint Theresa Church",
        "name:en": "Saint Theresa Church",
        "name:fr": "Église Sainte-Thérèse",
        "religion": "christian"
      },
      "geometry": {
        "type": "Point",
        "coordinates": [
          32.3074523,
          31.2673025
        ]
      },
      "id": "node/7179248086"
    },
    {
      "type": "Feature",
      "properties": {
        "@id": "node/7464934913",
        "addr:country": "EG",
        "addr:district": "شبين الكوم",
        "addr:district:en": "Shebin Al Koum",
        "addr:housenumber": "20",
        "addr:postcode": "32515",
        "addr:province": "المنوفية",
        "addr:province:en": "Al Menofia",
        "addr:street": "شارع سيدى لاشين",
        "addr:street:en": "Darb Saafan",
        "addr:subdistrict": "حسن عامر القماش",
        "addr:subdistrict:en": "Hassn Amer Al Qimash",
        "amenity": "place_of_worship",
        "denomination": "orthodox",
        "description": "أقدم كنائس شبين الكوم",
        "name": "كنيسة السيدة العذراء",
        "name:ar": "Church of virgin lady (al sayda al 3zra2)",
        "religion": "christian"
      },
      "geometry": {
        "type": "Point",
        "coordinates": [
          31.0068003,
          30.5526623
        ]
      },
      "id": "node/7464934913"
    },
    {
      "type": "Feature",
      "properties": {
        "@id": "node/8269386026",
        "addr:country": "EG",
        "addr:district": "مصر الجديده",
        "addr:district:en": "Heliopolis",
        "addr:housenumber": "6`",
        "addr:postcode": "11736",
        "addr:province": "القاهرة",
        "addr:province:en": "Cairo",
        "addr:street": "شارع لبيب جرجس",
        "addr:street:en": "Labib Gerges Street",
        "addr:subdistrict": "الماظه",
        "addr:subdistrict:en": "Almaza",
        "amenity": "place_of_worship",
        "denomination": "orthodox",
        "name": "كنيسة الشهيد العظيم مارجرجس",
        "religion": "christian"
      },
      "geometry": {
        "type": "Point",
        "coordinates": [
          31.3504636,
          30.0871934
        ]
      },
      "id": "node/8269386026"
    },
    {
      "type": "Feature",
      "properties": {
        "@id": "node/8279112361",
        "addr:city": "أسيوط",
        "addr:postcode": "71785",
        "addr:street": "شارع احمد طه",
        "amenity": "place_of_worship",
        "denomination": "evangelical",
        "email": "alnasreachurch@gmail.com",
        "name": "الكنيسه الانجيليه بالناصريه مركز الفتح",
        "religion": "christian"
      },
      "geometry": {
        "type": "Point",
        "coordinates": [
          31.1962358,
          27.205994
        ]
      },
      "id": "node/8279112361"
    },
    {
      "type": "Feature",
      "properties": {
        "@id": "node/8411329878",
        "addr:country": "EG",
        "addr:district": "الزيتون القبليه",
        "addr:district:en": "Al Zaitoun Al Qibliyya",
        "addr:housenumber": "7",
        "addr:postcode": "11712",
        "addr:province": "القاهرة",
        "addr:province:en": "Cairo",
        "addr:street": "شارع علان",
        "addr:street:en": "Aalan Street",
        "air_conditioning": "yes",
        "amenity": "place_of_worship",
        "baby_feeding": "room",
        "denomination": "orthodox",
        "name": "كنيسة الشهيد العظيم مارجرجس",
        "religion": "christian",
        "service_times": "all the week"
      },
      "geometry": {
        "type": "Point",
        "coordinates": [
          31.2989035,
          30.0887065
        ]
      },
      "id": "node/8411329878"
    },
    {
      "type": "Feature",
      "properties": {
        "@id": "node/8412329737",
        "addr:country": "EG",
        "addr:district": "الزيتون الشرقيه",
        "addr:district:en": "East Al Zaitoun",
        "addr:housenumber": "11`",
        "addr:postcode": "11734",
        "addr:province": "القاهرة",
        "addr:province:en": "Cairo",
        "addr:street": "شارع الشهيد احمد المنسى",
        "addr:street:en": "Al Shahid Ahmed Al Mansy Street",
        "amenity": "place_of_worship",
        "denomination": "catholic",
        "name": "كنيسة القديس يوسف النجار",
        "religion": "christian"
      },
      "geometry": {
        "type": "Point",
        "coordinates": [
          31.3092796,
          30.1004652
        ]
      },
      "id": "node/8412329737"
    },
    {
      "type": "Feature",
      "properties": {
        "@id": "node/8422419806",
        "addr:country": "EG",
        "addr:district": "حدائق القبه",
        "addr:district:en": "Hada'ek Al Kobba",
        "addr:housenumber": "36`",
        "addr:postcode": "11646",
        "addr:province": "القاهرة",
        "addr:province:en": "Cairo",
        "addr:street": "شارع ترعه الجبل",
        "addr:street:en": "Teraa Al Gabal Street",
        "addr:subdistrict": "الحدائق",
        "addr:subdistrict:en": "Al Hada'ek",
        "air_conditioning": "yes",
        "amenity": "place_of_worship",
        "denomination": "orthodox",
        "name": "كنيسة دير الملاك البحرى",
        "note": "متفرع من شارع بورسعيد",
        "note:en": "From Port Said Street",
        "religion": "christian"
      },
      "geometry": {
        "type": "Point",
        "coordinates": [
          31.2743881,
          30.0783042
        ]
      },
      "id": "node/8422419806"
    },
    {
      "type": "Feature",
      "properties": {
        "@id": "node/8428421089",
        "addr:city": "سانت كاترين",
        "amenity": "monastery",
        "name": "دير العذراء مريم",
        "name:ar": "دير العذراء مريم",
        "name:br": "Manati ar Werc'hez Vari",
        "name:de": "Kloster der Jungfrau Maria",
        "name:en": "Monastery of the Virgin Mary",
        "name:es": "Monasterio de la Virgen María",
        "name:it": "Monastero della Vergine Maria",
        "name:ru": "Монастырь Девы Марии",
        "religion": "christian"
      },
      "geometry": {
        "type": "Point",
        "coordinates": [
          33.9509905,
          28.5583219
        ]
      },
      "id": "node/8428421089"
    },
    {
      "type": "Feature",
      "properties": {
        "@id": "node/8461742826",
        "amenity": "place_of_worship",
        "name": "كنيسة مار جرجس منشية الصدر",
        "name:en": "Mar gerges church",
        "religion": "christian"
      },
      "geometry": {
        "type": "Point",
        "coordinates": [
          31.2871476,
          30.0821706
        ]
      },
      "id": "node/8461742826"
    },
    {
      "type": "Feature",
      "properties": {
        "@id": "node/8494104864",
        "addr:city": "الاسكندرية",
        "addr:housenumber": "677",
        "addr:street": "شارع جمال عبد الناصر",
        "amenity": "place_of_worship",
        "denomination": "orthodox",
        "name": "كنيسة السيدة العذراء والقديس يوحنا الحبيب بجناكليس",
        "name:en": "Church of Our Lady and St. John",
        "name:ru": "Церковь Богоматери и Святого Иоанна",
        "religion": "christian"
      },
      "geometry": {
        "type": "Point",
        "coordinates": [
          29.9726165,
          31.2445533
        ]
      },
      "id": "node/8494104864"
    },
    {
      "type": "Feature",
      "properties": {
        "@id": "node/8549600961",
        "amenity": "place_of_worship",
        "name": "كنيسه مارمرقس الأرثوذكسية الأندلس - التجمع",
        "name:en": "St. Mark's Coptic Orthodox Church",
        "religion": "christian"
      },
      "geometry": {
        "type": "Point",
        "coordinates": [
          31.5326799,
          29.9753459
        ]
      },
      "id": "node/8549600961"
    },
    {
      "type": "Feature",
      "properties": {
        "@id": "node/8553739963",
        "addr:postcode": "11734",
        "addr:street": "شارع الشهيد احمد المنسى",
        "air_conditioning": "yes",
        "amenity": "place_of_worship",
        "denomination": "orthodox",
        "name": "دار الامير تادرس لرعاية الايتام",
        "religion": "christian"
      },
      "geometry": {
        "type": "Point",
        "coordinates": [
          31.3096616,
          30.100604
        ]
      },
      "id": "node/8553739963"
    },
    {
      "type": "Feature",
      "properties": {
        "@id": "node/9243691594",
        "amenity": "place_of_worship",
        "name": "كنيسة القديس بيشوى طنطا",
        "name:ar": "كنيسة القديس بيشوى طنطا",
        "name:en": "Saint Bishoy Church Tanta",
        "religion": "christian"
      },
      "geometry": {
        "type": "Point",
        "coordinates": [
          30.9895238,
          30.7905771
        ]
      },
      "id": "node/9243691594"
    },
    {
      "type": "Feature",
      "properties": {
        "@id": "node/9345182232",
        "amenity": "place_of_worship",
        "religion": "christian"
      },
      "geometry": {
        "type": "Point",
        "coordinates": [
          29.8925722,
          31.1937523
        ]
      },
      "id": "node/9345182232"
    },
    {
      "type": "Feature",
      "properties": {
        "@id": "node/9411241099",
        "amenity": "place_of_worship",
        "name": "كنيسة القديس جورج",
        "name:ar": "كنيسة القديس جورج",
        "name:en": "Saint George Church",
        "religion": "christian"
      },
      "geometry": {
        "type": "Point",
        "coordinates": [
          30.7589841,
          28.1489466
        ]
      },
      "id": "node/9411241099"
    },
    {
      "type": "Feature",
      "properties": {
        "@id": "node/9454528094",
        "amenity": "place_of_worship",
        "denomination": "orthodox",
        "name": "كنيسة الشهيد العظيم مار جرجس",
        "name:ar": "كنيسة الشهيد العظيم مار جرجس",
        "name:en": "Saint George Church",
        "religion": "christian"
      },
      "geometry": {
        "type": "Point",
        "coordinates": [
          31.226525,
          30.0192756
        ]
      },
      "id": "node/9454528094"
    },
    {
      "type": "Feature",
      "properties": {
        "@id": "node/9569328931",
        "amenity": "place_of_worship",
        "name": "كنسيه الاخلاص",
        "name:ar": "كنسيه الاخلاص",
        "name:en": "Al Ikhlas Church",
        "religion": "christian"
      },
      "geometry": {
        "type": "Point",
        "coordinates": [
          31.1803797,
          29.9853502
        ]
      },
      "id": "node/9569328931"
    },
    {
      "type": "Feature",
      "properties": {
        "@id": "node/9787616094",
        "amenity": "place_of_worship",
        "denomination": "catholic",
        "name": "الكنيسة الكاثوليكية",
        "religion": "christian"
      },
      "geometry": {
        "type": "Point",
        "coordinates": [
          30.8205016,
          27.9327675
        ]
      },
      "id": "node/9787616094"
    },
    {
      "type": "Feature",
      "properties": {
        "@id": "node/9787616095",
        "amenity": "place_of_worship",
        "name": "الكنيسة الانجيلية",
        "religion": "christian"
      },
      "geometry": {
        "type": "Point",
        "coordinates": [
          30.8210548,
          27.9335172
        ]
      },
      "id": "node/9787616095"
    },
    {
      "type": "Feature",
      "properties": {
        "@id": "node/10601458632",
        "amenity": "place_of_worship",
        "denomination": "coptic_catholic",
        "name": "Coptic Orthodox Church of St. Mary and St. Mina",
        "religion": "christian"
      },
      "geometry": {
        "type": "Point",
        "coordinates": [
          34.3056991,
          27.8504085
        ]
      },
      "id": "node/10601458632"
    },
    {
      "type": "Feature",
      "properties": {
        "@id": "node/10665384807",
        "amenity": "place_of_worship",
        "name": "Chilia Sf Paisie Aghioritul",
        "name:fr": "Cellule de Sainte-Paisie Aghiorit",
        "religion": "christian"
      },
      "geometry": {
        "type": "Point",
        "coordinates": [
          33.9806262,
          28.5557122
        ]
      },
      "id": "node/10665384807"
    },
    {
      "type": "Feature",
      "properties": {
        "@id": "node/10776540297",
        "amenity": "place_of_worship",
        "name": "كنيسة اسحق القبطية الأرثوذكسية",
        "name:ar": "كنيسة اسحق القبطية الأرثوذكسية",
        "name:en": "Issac Coptic Orthodox Church",
        "religion": "christian"
      },
      "geometry": {
        "type": "Point",
        "coordinates": [
          31.2151202,
          27.2819874
        ]
      },
      "id": "node/10776540297"
    },
    {
      "type": "Feature",
      "properties": {
        "@id": "node/10796679806",
        "amenity": "place_of_worship",
        "name": "كاثدرالية مار مرقس القبطية",
        "name:en": "Saint Mark cathedral",
        "name:ru": "Собор Святого Марка (коптский)",
        "religion": "christian"
      },
      "geometry": {
        "type": "Point",
        "coordinates": [
          32.3188262,
          31.2310387
        ]
      },
      "id": "node/10796679806"
    },
    {
      "type": "Feature",
      "properties": {
        "@id": "node/10867001998",
        "addr:housenumber": "11",
        "amenity": "place_of_worship",
        "denomination": "orthodox",
        "name": "كنيسه السيده العذراء ومار مينا والبابا كيرلس",
        "religion": "christian"
      },
      "geometry": {
        "type": "Point",
        "coordinates": [
          31.3522421,
          30.2024024
        ]
      },
      "id": "node/10867001998"
    },
    {
      "type": "Feature",
      "properties": {
        "@id": "node/10948508705",
        "amenity": "place_of_worship",
        "name:en": "Church of the Martyrs of the Faith and Homeland",
        "religion": "christian"
      },
      "geometry": {
        "type": "Point",
        "coordinates": [
          30.6785818,
          28.3526945
        ]
      },
      "id": "node/10948508705"
    },
    {
      "type": "Feature",
      "properties": {
        "@id": "node/11516395597",
        "amenity": "place_of_worship",
        "denomination": "coptic_orthodox",
        "religion": "christian"
      },
      "geometry": {
        "type": "Point",
        "coordinates": [
          32.8959912,
          24.0868004
        ]
      },
      "id": "node/11516395597"
    },
    {
      "type": "Feature",
      "properties": {
        "@id": "node/11697381108",
        "addr:city": "زهراء المعادي",
        "addr:street": "طريق القاهرة السويس",
        "amenity": "place_of_worship",
        "denomination": "orthodox",
        "name": "كنيسة الأنبا أنطونيوس - زهراء المعادي",
        "religion": "christian"
      },
      "geometry": {
        "type": "Point",
        "coordinates": [
          31.3234309,
          29.9699363
        ]
      },
      "id": "node/11697381108"
    },
    {
      "type": "Feature",
      "properties": {
        "@id": "node/11784654508",
        "amenity": "place_of_worship",
        "denomination": "coptic",
        "name": "كنيسة الشهيد العظيم مارجرجس الروماني بالرحمانية قبلي",
        "name:ar": "كنيسة الشهيد العظيم مارجرجس الروماني بالرحمانية قبلي",
        "religion": "christian"
      },
      "geometry": {
        "type": "Point",
        "coordinates": [
          32.2952371,
          26.0674612
        ]
      },
      "id": "node/11784654508"
    },
    {
      "type": "Feature",
      "properties": {
        "@id": "node/11896004446",
        "amenity": "place_of_worship",
        "denomination": "protestant",
        "name": "الكنيسة السويسرية",
        "name:ar": "الكنيسة السويسرية",
        "name:en": "Protestant Church of Alexandria",
        "religion": "christian",
        "wikidata": "Q125869568",
        "wikimedia_commons": "Category:Protestant Church of Alexandria"
      },
      "geometry": {
        "type": "Point",
        "coordinates": [
          29.8946089,
          31.1989451
        ]
      },
      "id": "node/11896004446"
    },
    {
      "type": "Feature",
      "properties": {
        "@id": "node/11904131569",
        "amenity": "place_of_worship",
        "name": "Saint Anthony and Saint George Coptic Orthodox Church",
        "religion": "christian"
      },
      "geometry": {
        "type": "Point",
        "coordinates": [
          31.3557427,
          30.1147663
        ]
      },
      "id": "node/11904131569"
    },
    {
      "type": "Feature",
      "properties": {
        "@id": "node/11915625819",
        "amenity": "place_of_worship",
        "denomination": "coptic_orthodox",
        "religion": "christian"
      },
      "geometry": {
        "type": "Point",
        "coordinates": [
          29.8902424,
          31.1907956
        ]
      },
      "id": "node/11915625819"
    },
    {
      "type": "Feature",
      "properties": {
        "@id": "node/12235878869",
        "amenity": "place_of_worship",
        "religion": "christian"
      },
      "geometry": {
        "type": "Point",
        "coordinates": [
          29.8992748,
          31.1945369
        ]
      },
      "id": "node/12235878869"
    },
    {
      "type": "Feature",
      "properties": {
        "@id": "node/12236594181",
        "amenity": "place_of_worship",
        "religion": "christian"
      },
      "geometry": {
        "type": "Point",
        "coordinates": [
          29.9074376,
          31.1913715
        ]
      },
      "id": "node/12236594181"
    },
    {
      "type": "Feature",
      "properties": {
        "@id": "node/12236648396",
        "amenity": "place_of_worship",
        "religion": "christian"
      },
      "geometry": {
        "type": "Point",
        "coordinates": [
          29.916343,
          31.2096901
        ]
      },
      "id": "node/12236648396"
    },
    {
      "type": "Feature",
      "properties": {
        "@id": "node/13011524867",
        "amenity": "place_of_worship",
        "religion": "christian"
      },
      "geometry": {
        "type": "Point",
        "coordinates": [
          32.5596805,
          25.3776096
        ]
      },
      "id": "node/13011524867"
    },
    {
      "type": "Feature",
      "properties": {
        "@id": "node/13120580945",
        "amenity": "place_of_worship",
        "religion": "christian"
      },
      "geometry": {
        "type": "Point",
        "coordinates": [
          30.6237663,
          30.2700297
        ]
      },
      "id": "node/13120580945"
    },
    {
      "type": "Feature",
      "properties": {
        "@id": "node/13120632428",
        "amenity": "place_of_worship",
        "check_date": "2025-09-05",
        "religion": "christian"
      },
      "geometry": {
        "type": "Point",
        "coordinates": [
          30.2970788,
          30.4540997
        ]
      },
      "id": "node/13120632428"
    },
    {
      "type": "Feature",
      "properties": {
        "@id": "node/13120706919",
        "amenity": "place_of_worship",
        "check_date": "2025-09-05",
        "religion": "christian"
      },
      "geometry": {
        "type": "Point",
        "coordinates": [
          30.0150367,
          30.5450501
        ]
      },
      "id": "node/13120706919"
    },
    {
      "type": "Feature",
      "properties": {
        "@id": "node/13185654649",
        "amenity": "place_of_worship",
        "religion": "christian"
      },
      "geometry": {
        "type": "Point",
        "coordinates": [
          31.2861746,
          29.9405288
        ]
      },
      "id": "node/13185654649"
    },
    {
      "type": "Feature",
      "properties": {
        "@id": "node/13376826662",
        "amenity": "place_of_worship",
        "name": "كنيسة العذراء مريم و الانبا بولا بالمسلة",
        "name:fr": "Église de la Vierge Marie et de l'Anba Paula",
        "religion": "christian"
      },
      "geometry": {
        "type": "Point",
        "coordinates": [
          32.8947754,
          24.0755762
        ]
      },
      "id": "node/13376826662"
    },
    {
      "type": "Feature",
      "properties": {
        "@id": "node/13459916085",
        "amenity": "place_of_worship",
        "name:de": "Evangelische Mission",
        "religion": "christian"
      },
      "geometry": {
        "type": "Point",
        "coordinates": [
          32.8921648,
          24.0860743
        ]
      },
      "id": "node/13459916085"
    },
    {
      "type": "Feature",
      "properties": {
        "@id": "node/13707699401",
        "addr:street": "شارع المستشفى القديمة",
        "amenity": "place_of_worship",
        "check_date": "2026-04-05",
        "name": "كنيسة الثلاث مقارات القديسين",
        "religion": "christian"
      },
      "geometry": {
        "type": "Point",
        "coordinates": [
          30.3623135,
          30.4022193
        ]
      },
      "id": "node/13707699401"
    },
    {
      "type": "Feature",
      "properties": {
        "@id": "node/13927953060",
        "amenity": "place_of_worship",
        "check_date": "2026-06-09",
        "name": "مطرانية الشهيد العظيم مارجرجس",
        "name:en": "Diocese Great Martyr St. George",
        "religion": "christian"
      },
      "geometry": {
        "type": "Point",
        "coordinates": [
          31.2158661,
          30.0189113
        ]
      },
      "id": "node/13927953060"
    },
    {
      "type": "Feature",
      "properties": {
        "@id": "node/13973754662",
        "addr:city": "الجيزة",
        "addr:street": "شارع دكتور محمد فؤاد سعيد",
        "amenity": "place_of_worship",
        "denomination": "orthodox",
        "name": "كنيسة القديسان العظيمان الانبا شنودة والانبا كاراس بالعمرانية",
        "religion": "christian"
      },
      "geometry": {
        "type": "Point",
        "coordinates": [
          31.2055076,
          29.9868069
        ]
      },
      "id": "node/13973754662"
    },
    {
      "type": "Feature",
      "properties": {
        "@id": "node/13976362614",
        "addr:city": "Giza",
        "addr:street": "شارع دكتور محمد فؤاد سعيد",
        "amenity": "place_of_worship",
        "denomination": "orthodox",
        "name": "كنيسة ماربولس الرسول بالعمرانية",
        "religion": "christian"
      },
      "geometry": {
        "type": "Point",
        "coordinates": [
          31.1923456,
          29.9888825
        ]
      },
      "id": "node/13976362614"
    }
  ]
}