{
  "type": "FeatureCollection",
  "generator": "overpass-turbo",
  "copyright": "The data included in this document is from www.openstreetmap.org. The data is made available under ODbL.",
  "timestamp": "2026-07-17T16:56:15Z",
  "features": [
    {
      "type": "Feature",
      "properties": {
        "@id": "relation/1408179",
        "alt_name": "مجلس الشورة",
        "building": "public",
        "government": "legislative",
        "name": "مجلس الشورى",
        "name:ar": "مجلس الشورى",
        "name:en": "Shura Council",
        "name:fa": "مجلس شورا",
        "name:fr": "Conseil Consultatif",
        "office": "government",
        "type": "multipolygon",
        "@geometry": "center"
      },
      "geometry": {
        "type": "Point",
        "coordinates": [
          31.2369784,
          30.0409586
        ]
      },
      "id": "relation/1408179"
    },
    {
      "type": "Feature",
      "properties": {
        "@id": "relation/6242574",
        "building": "yes",
        "description": "Minister of Transport Office and Egypt National Institute of Transport.",
        "name": "Ministry of Transport",
        "office": "government",
        "type": "multipolygon",
        "@geometry": "center"
      },
      "geometry": {
        "type": "Point",
        "coordinates": [
          31.3051934,
          30.0589025
        ]
      },
      "id": "relation/6242574"
    },
    {
      "type": "Feature",
      "properties": {
        "@id": "relation/9081884",
        "amenity": "police",
        "name": "قسم منتزة ثاني",
        "name:ar": "قسم منتزة ثاني",
        "name:en": "Al-Montazah 2nd Police Station",
        "type": "multipolygon",
        "@geometry": "center"
      },
      "geometry": {
        "type": "Point",
        "coordinates": [
          30.06025,
          31.30354
        ]
      },
      "id": "relation/9081884"
    },
    {
      "type": "Feature",
      "properties": {
        "@id": "relation/10659972",
        "alt_name": "وزارة الأوقاف",
        "name": "وزارة الأوقاف",
        "name:ar": "وزارة الأوقاف",
        "name:en": "Awqaf Ministry",
        "office": "government",
        "oneway": "yes",
        "roof:shape": "flat",
        "type": "multipolygon",
        "wikidata": "Q254067",
        "@geometry": "center"
      },
      "geometry": {
        "type": "Point",
        "coordinates": [
          31.2415304,
          30.0456753
        ]
      },
      "id": "relation/10659972"
    },
    {
      "type": "Feature",
      "properties": {
        "@id": "relation/11132736",
        "name": "مزرعة رياح الزعفرانة",
        "name:en": "Zafarana wind farm",
        "plant:method": "wind_turbine",
        "plant:output:electricity": "540.22 MW",
        "plant:source": "wind",
        "power": "plant",
        "site": "wind_farm",
        "type": "site",
        "@geometry": "center"
      },
      "geometry": {
        "type": "Point",
        "coordinates": [
          32.5731583,
          29.2365305
        ]
      },
      "id": "relation/11132736"
    },
    {
      "type": "Feature",
      "properties": {
        "@id": "relation/11132737",
        "name": "مزرعة رياح جبل الزيت",
        "name:en": "Gabal El-Zeit wind farm",
        "plant:method": "wind_turbine",
        "plant:output:electricity": "580 MW",
        "plant:source": "wind",
        "power": "plant",
        "site": "wind_farm",
        "type": "site",
        "wikidata": "Q97055107",
        "@geometry": "center"
      },
      "geometry": {
        "type": "Point",
        "coordinates": [
          33.1904354,
          28.1181414
        ]
      },
      "id": "relation/11132737"
    },
    {
      "type": "Feature",
      "properties": {
        "@id": "relation/14374108",
        "landuse": "industrial",
        "name": "محطة كهرباء بورسعيد الغازية",
        "name:en": "Port Said Power Station",
        "operator": "East Delta Electricity Production Company",
        "plant:method": "combustion",
        "plant:output:electricity": "84 MW",
        "plant:source": "gas",
        "power": "plant",
        "source": "http://www.moee.gov.eg/english_new/EEHC_Rep/2017-2018en.pdf",
        "type": "multipolygon",
        "@geometry": "center"
      },
      "geometry": {
        "type": "Point",
        "coordinates": [
          32.2930604,
          31.2401167
        ]
      },
      "id": "relation/14374108"
    },
    {
      "type": "Feature",
      "properties": {
        "@id": "relation/15520034",
        "name": "Ras Ghareb wind farm",
        "operator": "Ras Ghareb Wind Energy",
        "plant:method": "wind_turbine",
        "plant:output:electricity": "262.5 MW",
        "plant:source": "wind",
        "power": "plant",
        "site": "wind_farm",
        "start_date": "2019-12",
        "type": "site",
        "@geometry": "center"
      },
      "geometry": {
        "type": "Point",
        "coordinates": [
          32.9947828,
          28.184672
        ]
      },
      "id": "relation/15520034"
    },
    {
      "type": "Feature",
      "properties": {
        "@id": "relation/15577560",
        "building": "yes",
        "office": "government",
        "type": "multipolygon",
        "@geometry": "center"
      },
      "geometry": {
        "type": "Point",
        "coordinates": [
          30.9945349,
          29.9745099
        ]
      },
      "id": "relation/15577560"
    },
    {
      "type": "Feature",
      "properties": {
        "@id": "relation/15713235",
        "name": "Lekela’s West Bakr Wind Farm",
        "plant:method": "wind_turbine",
        "plant:output:electricity": "252 MW",
        "plant:source": "wind",
        "power": "plant",
        "site": "wind_farm",
        "start_date": "2021",
        "type": "site",
        "@geometry": "center"
      },
      "geometry": {
        "type": "Point",
        "coordinates": [
          32.8363323,
          28.5606279
        ]
      },
      "id": "relation/15713235"
    },
    {
      "type": "Feature",
      "properties": {
        "@id": "relation/15713256",
        "plant:source": "wind",
        "power": "plant",
        "site": "wind_farm",
        "type": "site",
        "@geometry": "center"
      },
      "geometry": {
        "type": "Point",
        "coordinates": [
          33.7075919,
          27.3093672
        ]
      },
      "id": "relation/15713256"
    },
    {
      "type": "Feature",
      "properties": {
        "@id": "relation/16731175",
        "building": "yes",
        "name": "مكتب العميد",
        "name:ar": "مكتب العميد",
        "name:en": "Dean's Office",
        "office": "government",
        "type": "multipolygon",
        "@geometry": "center"
      },
      "geometry": {
        "type": "Point",
        "coordinates": [
          31.2269676,
          30.0315862
        ]
      },
      "id": "relation/16731175"
    },
    {
      "type": "Feature",
      "properties": {
        "@id": "relation/16760147",
        "building": "yes",
        "government": "ministry",
        "layer": "1",
        "name": "وزارة الموارد المائية والري",
        "name:ar": "وزارة الموارد المائية والري",
        "name:en": "Ministry of Water Resources and Irrigation",
        "office": "government",
        "type": "multipolygon",
        "wikidata": "Q4118582",
        "wikipedia": "ar:وزارة الموارد المائية والري (مصر)",
        "@geometry": "center"
      },
      "geometry": {
        "type": "Point",
        "coordinates": [
          31.7513853,
          30.0087836
        ]
      },
      "id": "relation/16760147"
    },
    {
      "type": "Feature",
      "properties": {
        "@id": "relation/16930160",
        "name": "محطة نبق \"جلوبال\" للطاقة الشمسية",
        "name:en": "Nabq \"Global\" solar farm phase 1",
        "plant:method": "photovoltaic",
        "plant:output:electricity": "10 MW",
        "plant:source": "solar",
        "power": "plant",
        "type": "multipolygon",
        "@geometry": "center"
      },
      "geometry": {
        "type": "Point",
        "coordinates": [
          34.2956391,
          27.9347909
        ]
      },
      "id": "relation/16930160"
    },
    {
      "type": "Feature",
      "properties": {
        "@id": "relation/16930161",
        "name": "محطة نبق \"جلوبال\" للطاقة الشمسية",
        "name:en": "Nabq \"Global\" solar farm phase 2",
        "plant:method": "photovoltaic",
        "plant:output:electricity": "10 MW",
        "plant:source": "solar",
        "power": "plant",
        "type": "multipolygon",
        "@geometry": "center"
      },
      "geometry": {
        "type": "Point",
        "coordinates": [
          34.2954269,
          27.932268
        ]
      },
      "id": "relation/16930161"
    },
    {
      "type": "Feature",
      "properties": {
        "@id": "relation/18164165",
        "name": "Gulf of Suez wind farm",
        "name:en": "Gulf of Suez wind farm",
        "plant:method": "wind_turbine",
        "plant:output:electricity": "252 MW",
        "plant:source": "wind",
        "power": "plant",
        "site": "wind_farm",
        "start_date": "2024",
        "type": "site",
        "@geometry": "center"
      },
      "geometry": {
        "type": "Point",
        "coordinates": [
          33.0486006,
          28.1184466
        ]
      },
      "id": "relation/18164165"
    },
    {
      "type": "Feature",
      "properties": {
        "@id": "relation/18169099",
        "construction": "yes",
        "fixme": "77 turbines",
        "name": "Amunet Wind Farm",
        "operator": "AMEA Power",
        "plant:method": "wind_turbine",
        "plant:output:electricity": "500.5 MW",
        "plant:source": "wind",
        "power": "plant",
        "site": "wind_farm",
        "source": "https://www.ameapower.com/786-2/",
        "type": "site",
        "@geometry": "center"
      },
      "geometry": {
        "type": "Point",
        "coordinates": [
          32.9157847,
          28.4728835
        ]
      },
      "id": "relation/18169099"
    },
    {
      "type": "Feature",
      "properties": {
        "@id": "relation/18169100",
        "construction": "yes",
        "fixme": "84 turbines",
        "name": "Red Sea Wind Energy",
        "operator": "Red Sea Wind Energy",
        "plant:method": "wind_turbine",
        "plant:output:electricity": "500 MW",
        "plant:source": "wind",
        "power": "plant",
        "site": "wind_farm",
        "source": "https://www.rswe.co/",
        "type": "site",
        "@geometry": "center"
      },
      "geometry": {
        "type": "Point",
        "coordinates": [
          32.7689988,
          28.6526549
        ]
      },
      "id": "relation/18169100"
    },
    {
      "type": "Feature",
      "properties": {
        "@id": "way/24885997",
        "access": "private",
        "building": "government",
        "name:ar": "قصر الاتحادية",
        "name:en": "Ettihadeya Palace",
        "office": "government",
        "@geometry": "center"
      },
      "geometry": {
        "type": "Point",
        "coordinates": [
          31.320082,
          30.0883459
        ]
      },
      "id": "way/24885997"
    },
    {
      "type": "Feature",
      "properties": {
        "@id": "way/27997451",
        "amenity": "police",
        "name": "Police Streetpost El Qusair",
        "@geometry": "center"
      },
      "geometry": {
        "type": "Point",
        "coordinates": [
          34.240364,
          26.1695121
        ]
      },
      "id": "way/27997451"
    },
    {
      "type": "Feature",
      "properties": {
        "@id": "way/28699377",
        "amenity": "police",
        "building": "yes",
        "name": "Police Streetpost Al-Qusair",
        "name:en": "Police Streetpost Al-Qusair",
        "@geometry": "center"
      },
      "geometry": {
        "type": "Point",
        "coordinates": [
          33.8306862,
          27.0649876
        ]
      },
      "id": "way/28699377"
    },
    {
      "type": "Feature",
      "properties": {
        "@id": "way/28827190",
        "building": "public",
        "name": "وزارة الداخلية",
        "name:ar": "وزارة الداخلية",
        "name:de": "Innenministerium",
        "name:en": "Ministry of Interior",
        "name:fa": "وزارت کشور",
        "name:fr": "Ministère de l'Intérieur",
        "office": "government",
        "@geometry": "center"
      },
      "geometry": {
        "type": "Point",
        "coordinates": [
          31.2400599,
          30.040734
        ]
      },
      "id": "way/28827190"
    },
    {
      "type": "Feature",
      "properties": {
        "@id": "way/28829701",
        "man_made": "water_works",
        "@geometry": "center"
      },
      "geometry": {
        "type": "Point",
        "coordinates": [
          31.2557125,
          29.9544221
        ]
      },
      "id": "way/28829701"
    },
    {
      "type": "Feature",
      "properties": {
        "@id": "way/28830169",
        "landuse": "industrial",
        "name": "محطة كهرباء شمال القاهرة",
        "name:ar": "محطة كهرباء شمال القاهرة",
        "name:en": "North Cairo Power Plant",
        "operator": "Cairo Electricity Production Company",
        "plant:method": "combustion",
        "plant:output:electricity": "1500 MW",
        "plant:source": "gas",
        "plant:type": "combined_cycle",
        "power": "plant",
        "source": "http://www.cairoepc.com/",
        "start_date": "2004",
        "wikidata": "Q19376753",
        "@geometry": "center"
      },
      "geometry": {
        "type": "Point",
        "coordinates": [
          31.2658189,
          30.108107
        ]
      },
      "id": "way/28830169"
    },
    {
      "type": "Feature",
      "properties": {
        "@id": "way/30071015",
        "man_made": "water_works",
        "name": "محطة تنقيه مياه البحر الاعظم",
        "name:ar": "محطة تنقيه مياه البحر الاعظم",
        "name:en": "Al-Bahr Al-Aazam water purification station",
        "note": "tag name --> arabic",
        "@geometry": "center"
      },
      "geometry": {
        "type": "Point",
        "coordinates": [
          31.2164479,
          29.9925147
        ]
      },
      "id": "way/30071015"
    },
    {
      "type": "Feature",
      "properties": {
        "@id": "node/33756486",
        "amenity": "police",
        "name:en": "Masbat police station"
      },
      "geometry": {
        "type": "Point",
        "coordinates": [
          34.5171737,
          28.4951082
        ]
      },
      "id": "node/33756486"
    },
    {
      "type": "Feature",
      "properties": {
        "@id": "way/35091149",
        "area": "yes",
        "man_made": "water_works",
        "name": "منشية ناصر",
        "name:ar": "منشية ناصر",
        "name:en": "Manshiet Naser Water plant",
        "@geometry": "center"
      },
      "geometry": {
        "type": "Point",
        "coordinates": [
          31.2685145,
          30.0338343
        ]
      },
      "id": "way/35091149"
    },
    {
      "type": "Feature",
      "properties": {
        "@id": "way/38484815",
        "addr:country": "EG",
        "addr:district": "العجوزه",
        "addr:district:en": "Al Agouza",
        "addr:housenumber": "7",
        "addr:postcode": "12657",
        "addr:province": "الجيزه",
        "addr:province:en": "Giza",
        "addr:street": "شارع النقيب فوزي الرماح",
        "addr:street:en": "Al Nakib Fawzi Al Remah Street",
        "addr:subdistrict": "ميت عقبه",
        "addr:subdistrict:en": "Mit Okba",
        "building": "yes",
        "country": "CG",
        "diplomatic": "embassy",
        "embassy": "yes",
        "name": "سفارة الكنغو",
        "name:ar": "سفارة الكنغو",
        "name:en": "Embassy of Congo",
        "name:fr": "Ambassade du Congo",
        "office": "diplomatic",
        "target": "EG",
        "@geometry": "center"
      },
      "geometry": {
        "type": "Point",
        "coordinates": [
          31.1948309,
          30.0551819
        ]
      },
      "id": "way/38484815"
    },
    {
      "type": "Feature",
      "properties": {
        "@id": "way/38658252",
        "addr:housenumber": "15",
        "addr:street": "شارع 6",
        "building": "office",
        "building:levels": "2",
        "check_date": "2025-09-28",
        "country": "VE",
        "diplomatic": "embassy",
        "embassy": "yes",
        "name": "Embassy of Venezuela",
        "name:ar": "سفارة فنزويلا",
        "name:es": "Embajada de Venezuela en Egipto",
        "office": "diplomatic",
        "opening_hours": "Sun-Thu 09:00-14:00",
        "phone": "+20223594871",
        "roof:levels": "1",
        "website": "https://egipto.embajada.gob.ve/",
        "@geometry": "center"
      },
      "geometry": {
        "type": "Point",
        "coordinates": [
          31.2585156,
          29.9573686
        ]
      },
      "id": "way/38658252"
    },
    {
      "type": "Feature",
      "properties": {
        "@id": "way/39206529",
        "addr:city": "مدينة نصر",
        "addr:housenumber": "19",
        "addr:postcode": "11759",
        "addr:street": "حى بن فضلان",
        "building": "yes",
        "building:levels": "10",
        "name": "إدارة النوادي والفنادق للقوات المسلحة",
        "name:ar": "إدارة النوادي والفنادق للقوات المسلحة",
        "office": "government",
        "@geometry": "center"
      },
      "geometry": {
        "type": "Point",
        "coordinates": [
          31.3231641,
          30.0699342
        ]
      },
      "id": "way/39206529"
    },
    {
      "type": "Feature",
      "properties": {
        "@id": "way/39610076",
        "building": "yes",
        "government": "yes",
        "name": "وزارة الدفاع",
        "name:ar": "وزارة الدفاع",
        "name:en": "Ministry of Defence",
        "office": "government",
        "@geometry": "center"
      },
      "geometry": {
        "type": "Point",
        "coordinates": [
          31.3266025,
          30.0741757
        ]
      },
      "id": "way/39610076"
    },
    {
      "type": "Feature",
      "properties": {
        "@id": "way/45242887",
        "building": "public",
        "name": "وزارة الاتصالات وتكنولوجيا المعلومات",
        "name:ar": "وزارة الاتصالات وتكنولوجيا المعلومات",
        "name:en": "Ministry of Communications and Information Technology",
        "office": "government",
        "@geometry": "center"
      },
      "geometry": {
        "type": "Point",
        "coordinates": [
          31.0240019,
          30.0657814
        ]
      },
      "id": "way/45242887"
    },
    {
      "type": "Feature",
      "properties": {
        "@id": "way/45242889",
        "addr:city": "Giza",
        "addr:housenumber": "B4",
        "building": "yes",
        "fax": "202-35344155",
        "government": "government",
        "name": "الجهاز القومي لتنظيم الاتصالات",
        "name:ar": "الجهاز القومي لتنظيم الاتصالات",
        "name:en": "NTRA",
        "office": "government",
        "opening_hours": "08:00-15:00",
        "phone": "202-35344000",
        "website": "https://tra.gov.eg",
        "@geometry": "center"
      },
      "geometry": {
        "type": "Point",
        "coordinates": [
          31.0214121,
          30.0670324
        ]
      },
      "id": "way/45242889"
    },
    {
      "type": "Feature",
      "properties": {
        "@id": "way/52041059",
        "man_made": "water_works",
        "name": "محطة مياه جنوب القاهرة",
        "name:ar": "محطة مياه جنوب القاهرة",
        "name:en": "South Cairo Water Station",
        "@geometry": "center"
      },
      "geometry": {
        "type": "Point",
        "coordinates": [
          31.224555,
          30.008522
        ]
      },
      "id": "way/52041059"
    },
    {
      "type": "Feature",
      "properties": {
        "@id": "way/52131044",
        "addr:city": "Cairo Governorate",
        "addr:housenumber": "23",
        "addr:street": "شارع الخليفه المأمون",
        "building": "yes",
        "military": "office",
        "name": "Ministry of Defence",
        "name:ar": "وزارة الدفاع",
        "name:en": "Ministry of Defence",
        "name:fa": "وزارت دفاع",
        "office": "government",
        "phone": "+20224008000",
        "website": "https://www.mod.gov.eg/",
        "@geometry": "center"
      },
      "geometry": {
        "type": "Point",
        "coordinates": [
          31.2925803,
          30.0820257
        ]
      },
      "id": "way/52131044"
    },
    {
      "type": "Feature",
      "properties": {
        "@id": "way/54291727",
        "amenity": "police",
        "name": "Nasr City First Police Station",
        "name:ar": "قسم شرطة مدينة نصر أول",
        "@geometry": "center"
      },
      "geometry": {
        "type": "Point",
        "coordinates": [
          31.3412837,
          30.0687397
        ]
      },
      "id": "way/54291727"
    },
    {
      "type": "Feature",
      "properties": {
        "@id": "way/55638051",
        "building": "yes",
        "name": "ديوان المحافظة",
        "name:ar": "ديوان المحافظة",
        "name:en": "Diwan Al-Mohafza",
        "office": "government",
        "@geometry": "center"
      },
      "geometry": {
        "type": "Point",
        "coordinates": [
          31.3949932,
          31.0514392
        ]
      },
      "id": "way/55638051"
    },
    {
      "type": "Feature",
      "properties": {
        "@id": "way/60501855",
        "amenity": "police",
        "building": "yes",
        "check_date": "2026-03-20",
        "name": "ميناء البصل",
        "name:ar": "ميناء البصل",
        "name:en": "Mina El-Bassal",
        "@geometry": "center"
      },
      "geometry": {
        "type": "Point",
        "coordinates": [
          29.8886862,
          31.1848712
        ]
      },
      "id": "way/60501855"
    },
    {
      "type": "Feature",
      "properties": {
        "@id": "way/60501880",
        "addr:city": "الإسكندرية",
        "amenity": "police",
        "name": "الجمرك",
        "name:ar": "الجمرك",
        "name:en": "El-Gomrok",
        "@geometry": "center"
      },
      "geometry": {
        "type": "Point",
        "coordinates": [
          29.8831277,
          31.1983417
        ]
      },
      "id": "way/60501880"
    },
    {
      "type": "Feature",
      "properties": {
        "@id": "way/90269183",
        "amenity": "police",
        "@geometry": "center"
      },
      "geometry": {
        "type": "Point",
        "coordinates": [
          33.8222414,
          27.1805166
        ]
      },
      "id": "way/90269183"
    },
    {
      "type": "Feature",
      "properties": {
        "@id": "way/92878378",
        "landuse": "industrial",
        "name": "محطه توليد كهرباء عتاقه",
        "name:ar": "محطه توليد كهرباء عتاقه",
        "name:en": "Ataqa Power Station",
        "operator": "East Delta Electricity Production Company",
        "plant:method": "combustion",
        "plant:output:electricity": "1240 MW",
        "plant:source": "gas",
        "power": "plant",
        "source": "http://www.moee.gov.eg/english_new/EEHC_Rep/2017-2018en.pdf",
        "wikidata": "Q11959473",
        "@geometry": "center"
      },
      "geometry": {
        "type": "Point",
        "coordinates": [
          32.4708309,
          29.9364677
        ]
      },
      "id": "way/92878378"
    },
    {
      "type": "Feature",
      "properties": {
        "@id": "way/92907650",
        "landuse": "industrial",
        "name": "محطة توليد كهرباء العين السخنة",
        "name:ar": "محطة توليد كهرباء العين السخنة",
        "name:en": "Suez Gulf Power Station",
        "operator": "Egyptian Electricity Holding Company (EEHC)",
        "plant:method": "combustion",
        "plant:output:electricity": "682.5 MW",
        "plant:source": "gas",
        "power": "plant",
        "start_date": "2003",
        "wikidata": "Q56360072",
        "@geometry": "center"
      },
      "geometry": {
        "type": "Point",
        "coordinates": [
          32.3519266,
          29.6188255
        ]
      },
      "id": "way/92907650"
    },
    {
      "type": "Feature",
      "properties": {
        "@id": "way/93583051",
        "landuse": "industrial",
        "name": "محطة أسيوط الوليدية",
        "name:en": "Walideya Power Plant",
        "operator": "Upper Egypt Electricity Production Company",
        "plant:method": "combustion",
        "plant:output:electricity": "1250 MW",
        "plant:source": "gas;oil",
        "power": "plant",
        "source": "http://www.moee.gov.eg/english_new/EEHC_Rep/2017-2018en.pdf;https://www.gem.wiki/Walidia_power_station",
        "wikidata": "Q56360052",
        "@geometry": "center"
      },
      "geometry": {
        "type": "Point",
        "coordinates": [
          31.161527,
          27.2123348
        ]
      },
      "id": "way/93583051"
    },
    {
      "type": "Feature",
      "properties": {
        "@id": "way/94129804",
        "amenity": "prison",
        "name": "سجن طنطا",
        "name:ar": "سجن طنطا",
        "name:en": "Tanta Prison",
        "@geometry": "center"
      },
      "geometry": {
        "type": "Point",
        "coordinates": [
          30.9867732,
          30.7877498
        ]
      },
      "id": "way/94129804"
    },
    {
      "type": "Feature",
      "properties": {
        "@id": "way/94169016",
        "man_made": "water_works",
        "@geometry": "center"
      },
      "geometry": {
        "type": "Point",
        "coordinates": [
          31.2037245,
          27.1735132
        ]
      },
      "id": "way/94169016"
    },
    {
      "type": "Feature",
      "properties": {
        "@id": "way/95838096",
        "landuse": "industrial",
        "name": "محطة كهرباء المحمودية الغازية",
        "name:en": "Mahmoudeya Power Plant",
        "operator": "Middle Delta Electricity Production Company",
        "plant:method": "combustion",
        "plant:output:electricity": "653 MW",
        "plant:source": "gas",
        "power": "plant",
        "source": "http://www.moee.gov.eg/english_new/EEHC_Rep/2017-2018en.pdf",
        "start_date": "1983",
        "wikidata": "Q56359725",
        "@geometry": "center"
      },
      "geometry": {
        "type": "Point",
        "coordinates": [
          30.5295744,
          31.1750481
        ]
      },
      "id": "way/95838096"
    },
    {
      "type": "Feature",
      "properties": {
        "@id": "way/95838118",
        "landuse": "industrial",
        "name": "محطة كهرباء العطف المركبة",
        "name:en": "El-Atf Power Plant",
        "operator": "Middle Delta Electricity Production Company",
        "plant:method": "combustion",
        "plant:output:electricity": "750 MW",
        "plant:source": "gas",
        "plant:type": "combined_cycle",
        "power": "plant",
        "source": "http://www.moee.gov.eg/english_new/EEHC_Rep/2017-2018en.pdf",
        "start_date": "2010",
        "wikidata": "Q56359749",
        "@geometry": "center"
      },
      "geometry": {
        "type": "Point",
        "coordinates": [
          30.5297468,
          31.1853045
        ]
      },
      "id": "way/95838118"
    },
    {
      "type": "Feature",
      "properties": {
        "@id": "way/95929780",
        "landuse": "industrial",
        "name": "محطة كفر الدوار البخارية",
        "name:en": "Kafr El-Dawar Power Plant",
        "operator": "West Delta Electricity Production Company",
        "plant:method": "combustion",
        "plant:output:electricity": "220 MW",
        "plant:source": "gas",
        "power": "plant",
        "source": "http://www.moee.gov.eg/english_new/EEHC_Rep/2017-2018en.pdf",
        "wikidata": "Q56359722",
        "@geometry": "center"
      },
      "geometry": {
        "type": "Point",
        "coordinates": [
          30.193829,
          31.1291694
        ]
      },
      "id": "way/95929780"
    },
    {
      "type": "Feature",
      "properties": {
        "@id": "way/97145195",
        "addr:city": "القاهرة",
        "building": "yes",
        "country": "IT",
        "diplomatic": "consulate",
        "name": "القنصلية الإيطالية",
        "name:ar": "القنصلية الإيطالية",
        "name:de": "Italienisches Konsulat",
        "name:en": "Italian Consulate",
        "name:fr": "Consulat d'Italie",
        "office": "diplomatic",
        "roof:shape": "flat",
        "target": "EG",
        "@geometry": "center"
      },
      "geometry": {
        "type": "Point",
        "coordinates": [
          31.236869,
          30.0537584
        ]
      },
      "id": "way/97145195"
    },
    {
      "type": "Feature",
      "properties": {
        "@id": "way/97197565",
        "amenity": "police",
        "@geometry": "center"
      },
      "geometry": {
        "type": "Point",
        "coordinates": [
          31.2677004,
          29.990883
        ]
      },
      "id": "way/97197565"
    },
    {
      "type": "Feature",
      "properties": {
        "@id": "way/97200469",
        "consulate": "consulate_general",
        "country": "GR",
        "diplomatic": "consulate",
        "name": "قنصلية اليونان",
        "name:ar": "قنصلية اليونان",
        "name:en": "Consulat Général de Grèce",
        "name:fr": "Consulat Général de Grèce",
        "office": "diplomatic",
        "target": "EG",
        "@geometry": "center"
      },
      "geometry": {
        "type": "Point",
        "coordinates": [
          29.9128657,
          31.2063714
        ]
      },
      "id": "way/97200469"
    },
    {
      "type": "Feature",
      "properties": {
        "@id": "way/97228424",
        "amenity": "police",
        "building": "yes",
        "name": "قسم شرطة الخليفة",
        "name:ar": "قسم شرطة الخليفة",
        "name:en": "El-Khalifa Police Station",
        "operator": "وزارة الداخلية",
        "@geometry": "center"
      },
      "geometry": {
        "type": "Point",
        "coordinates": [
          31.2559035,
          30.0308045
        ]
      },
      "id": "way/97228424"
    },
    {
      "type": "Feature",
      "properties": {
        "@id": "way/97391891",
        "building": "public",
        "name": "وزارة العدل",
        "name:ar": "وزارة العدل",
        "name:de": "Justizministerium",
        "name:en": "Ministry of Justice",
        "name:fa": "وزارت دادگستری",
        "name:fr": "Ministère de la Justice",
        "office": "government",
        "@geometry": "center"
      },
      "geometry": {
        "type": "Point",
        "coordinates": [
          31.2398009,
          30.0398155
        ]
      },
      "id": "way/97391891"
    },
    {
      "type": "Feature",
      "properties": {
        "@id": "way/97571956",
        "amenity": "prison",
        "name": "سجن أبو زعبل",
        "name:ar": "سجن أبو زعبل",
        "name:en": "Abou Zabal Prison",
        "name:fr": "Prison Abou Zabal",
        "@geometry": "center"
      },
      "geometry": {
        "type": "Point",
        "coordinates": [
          31.3593794,
          30.267352
        ]
      },
      "id": "way/97571956"
    },
    {
      "type": "Feature",
      "properties": {
        "@id": "way/97833849",
        "addr:housenumber": "95",
        "addr:street": "شارع شارل ديجول",
        "contact:email": "rus.egypt@mail.ru",
        "contact:fax": "+20-2-3760-9074",
        "country": "RU",
        "diplomatic": "embassy",
        "embassy": "yes",
        "name": "السفارة الروسية",
        "name:ar": "السفارة الروسية",
        "name:en": "Russian Embassy",
        "name:fr": "Ambassade de Russie",
        "name:ru": "посольство России",
        "office": "diplomatic",
        "official_name:ru": "Посольство Российской Федерации в Арабской Республике Египет",
        "phone": "+20(2)3748-9353; +20(2)3748-9354; +20(2)3748-9355",
        "target": "EG",
        "website": "https://egypt.mid.ru",
        "wikidata": "Q28667008",
        "@geometry": "center"
      },
      "geometry": {
        "type": "Point",
        "coordinates": [
          31.2197818,
          30.0376873
        ]
      },
      "id": "way/97833849"
    },
    {
      "type": "Feature",
      "properties": {
        "@id": "way/98903433",
        "amenity": "prison",
        "@geometry": "center"
      },
      "geometry": {
        "type": "Point",
        "coordinates": [
          30.6475772,
          25.5843433
        ]
      },
      "id": "way/98903433"
    },
    {
      "type": "Feature",
      "properties": {
        "@id": "way/100005489",
        "amenity": "police",
        "name": "Central Security Forces",
        "source": "Bing",
        "@geometry": "center"
      },
      "geometry": {
        "type": "Point",
        "coordinates": [
          33.8347852,
          27.2306961
        ]
      },
      "id": "way/100005489"
    },
    {
      "type": "Feature",
      "properties": {
        "@id": "way/100024728",
        "amenity": "prison",
        "@geometry": "center"
      },
      "geometry": {
        "type": "Point",
        "coordinates": [
          30.7571669,
          28.0828385
        ]
      },
      "id": "way/100024728"
    },
    {
      "type": "Feature",
      "properties": {
        "@id": "way/100074234",
        "amenity": "police",
        "source": "Bing",
        "@geometry": "center"
      },
      "geometry": {
        "type": "Point",
        "coordinates": [
          33.8076473,
          27.2449185
        ]
      },
      "id": "way/100074234"
    },
    {
      "type": "Feature",
      "properties": {
        "@id": "way/105569177",
        "landuse": "industrial",
        "name": "محطة كهرباء أبو سلطان البخارية",
        "name:ar": "محطة كهرباء أبو سلطان البخارية",
        "name:en": "Abu Sultan Power Station",
        "operator": "East Delta Electricity Production Company",
        "plant:method": "combustion",
        "plant:output:electricity": "600 MW",
        "plant:source": "gas",
        "power": "plant",
        "source": "http://www.moee.gov.eg/english_new/EEHC_Rep/2017-2018en.pdf",
        "start_date": "1983",
        "wikidata": "Q56359816",
        "@geometry": "center"
      },
      "geometry": {
        "type": "Point",
        "coordinates": [
          32.3077692,
          30.4025419
        ]
      },
      "id": "way/105569177"
    },
    {
      "type": "Feature",
      "properties": {
        "@id": "way/108125745",
        "building": "yes",
        "government": "ministry",
        "name": "وزارة المالية",
        "name:ar": "وزارة المالية",
        "name:en": "Ministry of Finance",
        "office": "government",
        "website": "https://mof.gov.eg",
        "wikidata": "Q4294784",
        "wikipedia": "ar:وزارة المالية (مصر)",
        "@geometry": "center"
      },
      "geometry": {
        "type": "Point",
        "coordinates": [
          31.3009186,
          30.059575
        ]
      },
      "id": "way/108125745"
    },
    {
      "type": "Feature",
      "properties": {
        "@id": "way/110658138",
        "check_date": "2024-10-28",
        "consulate": "consulate_general",
        "country": "FR",
        "diplomatic": "consulate",
        "name": "قنصلية فرنسا العامة",
        "name:ar": "قنصلية فرنسا العامة",
        "name:en": "French General Consulate",
        "name:fr": "Consulat Général de France",
        "office": "diplomatic",
        "target": "EG",
        "wikidata": "Q16507529",
        "@geometry": "center"
      },
      "geometry": {
        "type": "Point",
        "coordinates": [
          29.8944181,
          31.1999681
        ]
      },
      "id": "way/110658138"
    },
    {
      "type": "Feature",
      "properties": {
        "@id": "way/110658151",
        "check_date": "2024-10-28",
        "consulate": "consulate_general",
        "country": "IT",
        "diplomatic": "consulate",
        "name": "قنصلية إيطاليا العامة",
        "name:ar": "قنصلية إيطاليا العامة",
        "name:en": "Italian Honorary Consulate",
        "name:it": "Consolato Generale d'Italia",
        "office": "diplomatic",
        "target": "EG",
        "wikidata": "Q113001756",
        "@geometry": "center"
      },
      "geometry": {
        "type": "Point",
        "coordinates": [
          29.9003595,
          31.2015331
        ]
      },
      "id": "way/110658151"
    },
    {
      "type": "Feature",
      "properties": {
        "@id": "way/112984529",
        "landuse": "industrial",
        "name": "Aswan High Dam Power Plant",
        "name:en": "Aswan High Dam Power Plant",
        "plant:method": "water-storage",
        "plant:output:electricity": "2100 MW",
        "plant:source": "hydro",
        "power": "plant",
        "wikidata": "Q38891",
        "@geometry": "center"
      },
      "geometry": {
        "type": "Point",
        "coordinates": [
          32.8834337,
          23.9719095
        ]
      },
      "id": "way/112984529"
    },
    {
      "type": "Feature",
      "properties": {
        "@id": "way/118301256",
        "barrier": "wall",
        "name": "قطاع الكريمات",
        "name:en": "El Kureimat power plant",
        "operator": "Upper Egypt Electricity Production Company",
        "plant:method": "combustion",
        "plant:output:electricity": "2754 MW",
        "plant:source": "gas",
        "power": "plant",
        "source": "http://www.moee.gov.eg/english_new/EEHC_Rep/2017-2018en.pdf",
        "website": "http://www.ueepc.com/en/aboutme.htm",
        "wikidata": "Q1786091",
        "@geometry": "center"
      },
      "geometry": {
        "type": "Point",
        "coordinates": [
          31.2247721,
          29.2709298
        ]
      },
      "id": "way/118301256"
    },
    {
      "type": "Feature",
      "properties": {
        "@id": "way/124777337",
        "name": "محطة كهرباء الشباب المركبة",
        "name:ar": "محطة كهرباء الشباب المركبة",
        "name:en": "Shabab Power Station",
        "operator": "East Delta Electricity Production Company",
        "plant:method": "combustion",
        "plant:output:electricity": "1500 MW",
        "plant:source": "gas",
        "plant:type": "combined_cycle",
        "power": "plant",
        "source": "http://www.moee.gov.eg/english_new/EEHC_Rep/2017-2018en.pdf",
        "wikidata": "Q56359813",
        "@geometry": "center"
      },
      "geometry": {
        "type": "Point",
        "coordinates": [
          31.9247594,
          30.4655438
        ]
      },
      "id": "way/124777337"
    },
    {
      "type": "Feature",
      "properties": {
        "@id": "way/127212017",
        "landuse": "industrial",
        "name": "محطة كهرباء دمياط المركبة",
        "name:ar": "محطة كهرباء دمياط المركبة",
        "name:en": "Damietta Power Station",
        "operator": "East Delta Electricity Production Company",
        "plant:method": "combustion",
        "plant:output:electricity": "1450 MW",
        "plant:source": "gas",
        "power": "plant",
        "source": "http://www.moee.gov.eg/english_new/EEHC_Rep/2017-2018en.pdf",
        "start_date": "1989",
        "wikidata": "Q46608973",
        "@geometry": "center"
      },
      "geometry": {
        "type": "Point",
        "coordinates": [
          31.7216161,
          31.3812758
        ]
      },
      "id": "way/127212017"
    },
    {
      "type": "Feature",
      "properties": {
        "@id": "way/131236227",
        "barrier": "fence",
        "name": "محطة سيدي كرير 1,2",
        "name:en": "West Delta Sidi Krir Power Plant",
        "operator": "West Delta Electricity Production Company",
        "plant:method": "combustion",
        "plant:output:electricity": "1390 MW",
        "plant:source": "gas",
        "power": "plant",
        "source": "http://www.moee.gov.eg/english_new/EEHC_Rep/2017-2018en.pdf",
        "wikidata": "Q19388393",
        "@geometry": "center"
      },
      "geometry": {
        "type": "Point",
        "coordinates": [
          29.6630173,
          31.044201
        ]
      },
      "id": "way/131236227"
    },
    {
      "type": "Feature",
      "properties": {
        "@id": "way/131247008",
        "landuse": "industrial",
        "name": "محطة أبوقير البخارية",
        "name:en": "Abu Qir Power Plant",
        "operator": "West Delta Electricity Production Company",
        "plant:method": "combustion",
        "plant:output:electricity": "2235.3 MW",
        "plant:source": "gas",
        "power": "plant",
        "source": "http://www.moee.gov.eg/english_new/EEHC_Rep/2017-2018en.pdf",
        "wikidata": "Q11956848",
        "@geometry": "center"
      },
      "geometry": {
        "type": "Point",
        "coordinates": [
          30.142632,
          31.2694613
        ]
      },
      "id": "way/131247008"
    },
    {
      "type": "Feature",
      "properties": {
        "@id": "way/157357184",
        "addr:city": "دسوق",
        "amenity": "police",
        "building": "yes",
        "name": "مركز شرطة دسوق",
        "name:ar": "مركز شرطة دسوق",
        "name:en": "Desouk Police Station",
        "@geometry": "center"
      },
      "geometry": {
        "type": "Point",
        "coordinates": [
          30.6538579,
          31.1396006
        ]
      },
      "id": "way/157357184"
    },
    {
      "type": "Feature",
      "properties": {
        "@id": "way/161969009",
        "name": "كهرباء شبرا الخيمة",
        "name:ar": "كهرباء شبرا الخيمة",
        "name:en": "Shobra Al-Kheima Electricity",
        "operator": "Cairo Electricity Production Company",
        "plant:method": "combustion",
        "plant:output:electricity": "1295 MW",
        "plant:source": "gas",
        "power": "plant",
        "source": "http://www.cairoepc.com/",
        "start_date": "1984",
        "wikidata": "Q56359849",
        "@geometry": "center"
      },
      "geometry": {
        "type": "Point",
        "coordinates": [
          31.2378113,
          30.1236539
        ]
      },
      "id": "way/161969009"
    },
    {
      "type": "Feature",
      "properties": {
        "@id": "way/162870589",
        "building": "yes",
        "man_made": "water_works",
        "@geometry": "center"
      },
      "geometry": {
        "type": "Point",
        "coordinates": [
          34.4872273,
          28.4880937
        ]
      },
      "id": "way/162870589"
    },
    {
      "type": "Feature",
      "properties": {
        "@id": "way/165729432",
        "addr:city": "القاهرة",
        "addr:country": "EG",
        "addr:district": "الزمالك",
        "addr:district:en": "El Zamalek",
        "addr:housenumber": "6;12",
        "addr:postcode": "11568",
        "addr:province": "القاهرة",
        "addr:province:en": "Cairo",
        "addr:street": "شارع الجزيره",
        "addr:street:en": "Al Gezira Street",
        "addr:subdistrict": "عمر الخيام",
        "addr:subdistrict:en": "Omar El Khayam",
        "building": "yes",
        "country": "CO",
        "diplomatic": "embassy",
        "email": "eegipto@cancilleria.gov.co",
        "embassy": "yes",
        "name": "سفارة كولومبيا",
        "name:ar": "سفارة كولومبيا",
        "name:de": "Botschaft von Kolumbien",
        "name:en": "Embassy of Colombia",
        "name:es": "Embajada de Colombia",
        "name:fr": "Ambassade de Colombie",
        "office": "diplomatic",
        "roof:shape": "flat",
        "target": "EG",
        "website": "https://egipto.embajada.gov.co",
        "wikidata": "Q110822400",
        "@geometry": "center"
      },
      "geometry": {
        "type": "Point",
        "coordinates": [
          31.2221202,
          30.0564913
        ]
      },
      "id": "way/165729432"
    },
    {
      "type": "Feature",
      "properties": {
        "@id": "way/166624949",
        "amenity": "police",
        "building": "yes",
        "name": "Military/Police Checkpoint",
        "@geometry": "center"
      },
      "geometry": {
        "type": "Point",
        "coordinates": [
          32.598526,
          25.7353521
        ]
      },
      "id": "way/166624949"
    },
    {
      "type": "Feature",
      "properties": {
        "@id": "way/167093929",
        "amenity": "police",
        "name": "قسم شرطه رأس سدر",
        "name:ar": "قسم شرطه رأس سدر",
        "name:en": "Ras Sidr Police Station",
        "@geometry": "center"
      },
      "geometry": {
        "type": "Point",
        "coordinates": [
          32.7175754,
          29.5923669
        ]
      },
      "id": "way/167093929"
    },
    {
      "type": "Feature",
      "properties": {
        "@id": "way/167107777",
        "amenity": "police",
        "@geometry": "center"
      },
      "geometry": {
        "type": "Point",
        "coordinates": [
          32.7130414,
          29.5855255
        ]
      },
      "id": "way/167107777"
    },
    {
      "type": "Feature",
      "properties": {
        "@id": "way/169328046",
        "amenity": "prison",
        "building": "yes",
        "name": "سجن النساء",
        "name:ar": "سجن النساء",
        "name:en": "Womens' Prison",
        "@geometry": "center"
      },
      "geometry": {
        "type": "Point",
        "coordinates": [
          31.1188917,
          30.1955064
        ]
      },
      "id": "way/169328046"
    },
    {
      "type": "Feature",
      "properties": {
        "@id": "way/170017899",
        "addr:city": "مدينة 6 أكتوبر",
        "addr:housename": "قسم نجدة 6 أكتوبر",
        "addr:street": "المحور المركزى",
        "amenity": "police",
        "name": "قسم نجدة 6 أكتوبر",
        "name:ar": "قسم نجدة 6 أكتوبر",
        "name:en": "Sixth October Rescue Police Department",
        "operator": "حكومى",
        "phone": "+20 122",
        "@geometry": "center"
      },
      "geometry": {
        "type": "Point",
        "coordinates": [
          30.9295017,
          29.9621051
        ]
      },
      "id": "way/170017899"
    },
    {
      "type": "Feature",
      "properties": {
        "@id": "way/171488618",
        "amenity": "police",
        "name": "Security Directorate of Red Sea",
        "@geometry": "center"
      },
      "geometry": {
        "type": "Point",
        "coordinates": [
          33.8055023,
          27.2591068
        ]
      },
      "id": "way/171488618"
    },
    {
      "type": "Feature",
      "properties": {
        "@id": "way/171489054",
        "amenity": "police",
        "name": "قسم شرطة الغردقة ثان",
        "name:ar": "قسم شرطة الغردقة ثان",
        "@geometry": "center"
      },
      "geometry": {
        "type": "Point",
        "coordinates": [
          33.8010642,
          27.2577308
        ]
      },
      "id": "way/171489054"
    },
    {
      "type": "Feature",
      "properties": {
        "@id": "way/171489056",
        "amenity": "police",
        "name": "Coast Guard Intelligence",
        "@geometry": "center"
      },
      "geometry": {
        "type": "Point",
        "coordinates": [
          33.8118994,
          27.25653
        ]
      },
      "id": "way/171489056"
    },
    {
      "type": "Feature",
      "properties": {
        "@id": "way/171496457",
        "landuse": "industrial",
        "name": "محطة كهرباء الغردقة الغازية",
        "name:ar": "محطة كهرباء الغردقة الغازية",
        "name:en": "Hurghada Power Station",
        "operator": "East Delta Electricity Production Company",
        "plant:method": "combustion",
        "plant:output:electricity": "288 MW",
        "plant:source": "gas",
        "power": "plant",
        "source": "http://www.moee.gov.eg/english_new/EEHC_Rep/2017-2018en.pdf",
        "wikidata": "Q56360084",
        "@geometry": "center"
      },
      "geometry": {
        "type": "Point",
        "coordinates": [
          33.8190849,
          27.14907
        ]
      },
      "id": "way/171496457"
    },
    {
      "type": "Feature",
      "properties": {
        "@id": "way/186422760",
        "amenity": "police",
        "name": "نقطة شرطة أرض اللواء",
        "name:ar": "نقطة شرطة  أرض اللواء",
        "name:en": "Ard Al-Lewa",
        "@geometry": "center"
      },
      "geometry": {
        "type": "Point",
        "coordinates": [
          31.1886238,
          30.0563669
        ]
      },
      "id": "way/186422760"
    },
    {
      "type": "Feature",
      "properties": {
        "@id": "way/192655498",
        "landuse": "industrial",
        "name": "محطة كهرباء دمنهور",
        "name:en": "Damanhur Thermal Power Plant",
        "operator": "West Delta Electricity Production Company",
        "plant:method": "combustion",
        "plant:output:electricity": "300 MW",
        "plant:source": "gas",
        "power": "plant",
        "source": "http://www.moee.gov.eg/english_new/EEHC_Rep/2017-2018en.pdf",
        "start_date": "1992",
        "wikidata": "Q56359762",
        "@geometry": "center"
      },
      "geometry": {
        "type": "Point",
        "coordinates": [
          30.4285916,
          31.0859899
        ]
      },
      "id": "way/192655498"
    },
    {
      "type": "Feature",
      "properties": {
        "@id": "way/202268119",
        "amenity": "prison",
        "barrier": "wall",
        "name": "Borg Al-Arab",
        "@geometry": "center"
      },
      "geometry": {
        "type": "Point",
        "coordinates": [
          29.4942715,
          30.8940631
        ]
      },
      "id": "way/202268119"
    },
    {
      "type": "Feature",
      "properties": {
        "@id": "way/210209240",
        "landuse": "industrial",
        "name": "محطة كهرباء عيون موسى البخارية",
        "name:ar": "محطة كهرباء عيون موسى البخارية",
        "name:en": "Oyoun Mousa Power Station",
        "operator": "East Delta Electricity Production Company",
        "plant:method": "combustion",
        "plant:output:electricity": "640 MW",
        "plant:source": "gas",
        "power": "plant",
        "source": "http://www.moee.gov.eg/english_new/EEHC_Rep/2017-2018en.pdf",
        "wikidata": "Q17749722",
        "@geometry": "center"
      },
      "geometry": {
        "type": "Point",
        "coordinates": [
          32.5952563,
          29.9131852
        ]
      },
      "id": "way/210209240"
    },
    {
      "type": "Feature",
      "properties": {
        "@id": "way/210628573",
        "addr:city": "مدينة السادات",
        "addr:street": "سعد بن أبي وقاص",
        "amenity": "police",
        "name": "مركز شرطة السادات",
        "name:ar": "مركز شرطة السادات",
        "@geometry": "center"
      },
      "geometry": {
        "type": "Point",
        "coordinates": [
          30.5024625,
          30.3709648
        ]
      },
      "id": "way/210628573"
    },
    {
      "type": "Feature",
      "properties": {
        "@id": "way/210724433",
        "addr:country": "EG",
        "addr:district": "المعادى",
        "addr:district:en": "El Maadi",
        "addr:housename": "Villa 16/24",
        "addr:housenumber": "18L",
        "addr:postcode": "11728",
        "addr:province": "القاهرة",
        "addr:province:en": "Cairo",
        "addr:street": "شارع 10",
        "addr:street:en": "Street 10",
        "addr:subdistrict": "السرايات الغربيه",
        "addr:subdistrict:en": "West Al Sarayat",
        "building": "yes",
        "country": "AZ",
        "diplomatic": "embassy",
        "embassy": "yes",
        "name": "Embassy of Azerbaijan",
        "name:fr": "Ambassade d'Azerbaïdjan",
        "office": "diplomatic",
        "target": "EG",
        "website": "http://www.azembassy.org.eg",
        "@geometry": "center"
      },
      "geometry": {
        "type": "Point",
        "coordinates": [
          31.261296,
          29.9571898
        ]
      },
      "id": "way/210724433"
    },
    {
      "type": "Feature",
      "properties": {
        "@id": "way/210760718",
        "addr:country": "EG",
        "addr:district": "المعادى",
        "addr:district:en": "El Maadi",
        "addr:housenumber": "25",
        "addr:postcode": "11728",
        "addr:province": "القاهرة",
        "addr:province:en": "Cairo",
        "addr:street": "شارع الحدائق",
        "addr:street:en": "Al Hadaek Street",
        "addr:subdistrict": "السرايات الغربيه",
        "addr:subdistrict:en": "West Al Sarayat",
        "building": "yes",
        "country": "MX",
        "diplomatic": "embassy",
        "embassy": "yes",
        "name": "سفارة المكسيك",
        "name:ar": "سفارة المكسيك",
        "name:en": "Embassy of Mexico",
        "name:es": "Embajada de Mexico",
        "name:fr": "Ambassade du Mexique",
        "office": "diplomatic",
        "phone": "+202 2358-0256",
        "target": "EG",
        "website": "https://embamex.sre.gob.mx/egipto",
        "wikidata": "Q111705586",
        "@geometry": "center"
      },
      "geometry": {
        "type": "Point",
        "coordinates": [
          31.2649253,
          29.953294
        ]
      },
      "id": "way/210760718"
    },
    {
      "type": "Feature",
      "properties": {
        "@id": "way/210962004",
        "building": "yes",
        "name": "إدارة أوقاف السادات",
        "name:ar": "إدارة أوقاف السادات",
        "office": "government",
        "@geometry": "center"
      },
      "geometry": {
        "type": "Point",
        "coordinates": [
          30.5032191,
          30.3679791
        ]
      },
      "id": "way/210962004"
    },
    {
      "type": "Feature",
      "properties": {
        "@id": "way/214485558",
        "amenity": "prison",
        "name": "سجن طره",
        "name:ar": "سجن طره",
        "name:en": "Torah Mahkoum Prison",
        "wikidata": "Q12215499",
        "wikimedia_commons": "Category:Turah Jail",
        "wikipedia": "en:Tora Prison",
        "@geometry": "center"
      },
      "geometry": {
        "type": "Point",
        "coordinates": [
          31.2720009,
          29.9452226
        ]
      },
      "id": "way/214485558"
    },
    {
      "type": "Feature",
      "properties": {
        "@id": "way/214806696",
        "name": "Port Said East Power Station",
        "name:en": "Port Said East Power Station",
        "plant:method": "combustion",
        "plant:output:electricity": "682.5 MW",
        "plant:source": "gas",
        "power": "plant",
        "source": "http://www.moee.gov.eg/english_new/EEHC_Rep/2017-2018en.pdf",
        "start_date": "2003",
        "wikidata": "Q56359714",
        "@geometry": "center"
      },
      "geometry": {
        "type": "Point",
        "coordinates": [
          32.5192129,
          31.0989835
        ]
      },
      "id": "way/214806696"
    },
    {
      "type": "Feature",
      "properties": {
        "@id": "way/218972673",
        "barrier": "wall",
        "landuse": "industrial",
        "name": "محطة كهرباء النوبارية المركبة",
        "name:en": "Nubaria power station",
        "operator": "Middle Delta Electricity Production Company",
        "plant:method": "combustion",
        "plant:output:electricity": "2250 MW",
        "plant:source": "gas",
        "plant:type": "combined_cycle",
        "power": "plant",
        "source": "http://www.moee.gov.eg/english_new/EEHC_Rep/2017-2018en.pdf",
        "start_date": "2005",
        "wikidata": "Q11966987",
        "@geometry": "center"
      },
      "geometry": {
        "type": "Point",
        "coordinates": [
          30.6670039,
          30.6986543
        ]
      },
      "id": "way/218972673"
    },
    {
      "type": "Feature",
      "properties": {
        "@id": "way/219005254",
        "landuse": "industrial",
        "name": "محطة دمنهور المركبة",
        "name:en": "Damanhur CCGT Power Plant",
        "operator": "West Delta Electricity Production Company",
        "plant:method": "combustion",
        "plant:output:electricity": "156.4 MW",
        "plant:source": "gas",
        "plant:type": "combined_cycle",
        "power": "plant",
        "source": "http://www.moee.gov.eg/english_new/EEHC_Rep/2017-2018en.pdf",
        "start_date": "1985",
        "@geometry": "center"
      },
      "geometry": {
        "type": "Point",
        "coordinates": [
          30.428893,
          31.0817894
        ]
      },
      "id": "way/219005254"
    },
    {
      "type": "Feature",
      "properties": {
        "@id": "way/219038743",
        "name": "محطة كهرباء طلخا",
        "name:en": "Talkha power plant",
        "operator": "Middle Delta Electricity Production Company",
        "plant:method": "combustion",
        "plant:output:electricity": "1460 MW",
        "plant:source": "gas",
        "power": "plant",
        "source": "http://www.moee.gov.eg/english_new/EEHC_Rep/2017-2018en.pdf",
        "start_date": "1979",
        "wikidata": "Q11992797",
        "@geometry": "center"
      },
      "geometry": {
        "type": "Point",
        "coordinates": [
          31.3931288,
          31.0622013
        ]
      },
      "id": "way/219038743"
    },
    {
      "type": "Feature",
      "properties": {
        "@id": "way/219754949",
        "barrier": "wall",
        "name": "المحطة الشمسية الحرارية بالكريمات",
        "name:en": "El Kureimat power plant",
        "plant:method": "thermal",
        "plant:output:electricity": "140 MW",
        "plant:source": "gas;solar",
        "power": "plant",
        "source": "http://www.moee.gov.eg/english_new/EEHC_Rep/2017-2018en.pdf",
        "start_date": "2011",
        "wikidata": "Q56360137",
        "@geometry": "center"
      },
      "geometry": {
        "type": "Point",
        "coordinates": [
          31.24859,
          29.2776098
        ]
      },
      "id": "way/219754949"
    },
    {
      "type": "Feature",
      "properties": {
        "@id": "way/227108550",
        "addr:city": "القاهرة",
        "amenity": "police",
        "building": "yes",
        "name": "نقطة شرطة الزمالك",
        "name:ar": "نقطة شرطة الزمالك",
        "name:en": "Zamalek Police station",
        "office": "government",
        "roof:shape": "flat",
        "@geometry": "center"
      },
      "geometry": {
        "type": "Point",
        "coordinates": [
          31.2196777,
          30.0554895
        ]
      },
      "id": "way/227108550"
    },
    {
      "type": "Feature",
      "properties": {
        "@id": "way/228831921",
        "amenity": "prison",
        "barrier": "wall",
        "@geometry": "center"
      },
      "geometry": {
        "type": "Point",
        "coordinates": [
          31.5089338,
          30.5922579
        ]
      },
      "id": "way/228831921"
    },
    {
      "type": "Feature",
      "properties": {
        "@id": "way/228959916",
        "addr:city": "دسوق",
        "addr:street": "الشركات",
        "amenity": "police",
        "building": "yes",
        "name": "قسم شرطة النجدة",
        "name:ar": "قسم شرطة النجدة",
        "name:en": "Police Station",
        "operator": "وزارة الداخلية",
        "@geometry": "center"
      },
      "geometry": {
        "type": "Point",
        "coordinates": [
          30.6570483,
          31.1384932
        ]
      },
      "id": "way/228959916"
    },
    {
      "type": "Feature",
      "properties": {
        "@id": "way/236022014",
        "addr:city": "دسوق",
        "amenity": "police",
        "building": "yes",
        "name": "قسم شرطة المسطحات المائية",
        "name:ar": "قسم شرطة المسطحات المائية",
        "name:en": "Water Protection Police",
        "operator": "وزارة الداخلية",
        "@geometry": "center"
      },
      "geometry": {
        "type": "Point",
        "coordinates": [
          30.6400508,
          31.1297586
        ]
      },
      "id": "way/236022014"
    },
    {
      "type": "Feature",
      "properties": {
        "@id": "way/236025569",
        "addr:city": "دسوق",
        "addr:street": "الجيش",
        "amenity": "police",
        "building": "yes",
        "name": "نقطة شرطة الموقف",
        "name:ar": "نقطة شرطة الموقف",
        "name:en": "Al-Mawqef Police Station",
        "@geometry": "center"
      },
      "geometry": {
        "type": "Point",
        "coordinates": [
          30.6532337,
          31.1177342
        ]
      },
      "id": "way/236025569"
    },
    {
      "type": "Feature",
      "properties": {
        "@id": "way/247886538",
        "name": "شركة جنوب القاهرة لتوزيع الكهرباء",
        "name:ar": "شركة جنوب القاهرة لتوزيع الكهرباء",
        "office": "government",
        "@geometry": "center"
      },
      "geometry": {
        "type": "Point",
        "coordinates": [
          30.8932328,
          29.9565909
        ]
      },
      "id": "way/247886538"
    },
    {
      "type": "Feature",
      "properties": {
        "@id": "way/250046112",
        "building": "yes",
        "name": "Border Control",
        "name:it": "Controllo di Frontiera",
        "office": "government",
        "@geometry": "center"
      },
      "geometry": {
        "type": "Point",
        "coordinates": [
          31.5139527,
          22.0020614
        ]
      },
      "id": "way/250046112"
    },
    {
      "type": "Feature",
      "properties": {
        "@id": "way/250046626",
        "building": "yes",
        "office": "government",
        "@geometry": "center"
      },
      "geometry": {
        "type": "Point",
        "coordinates": [
          31.5147371,
          22.0022721
        ]
      },
      "id": "way/250046626"
    },
    {
      "type": "Feature",
      "properties": {
        "@id": "way/252148480",
        "amenity": "police",
        "name": "قسم شرطة ثان 6 أكتوبر",
        "name:ar": "قسم شرطة ثان 6 أكتوبر",
        "name:en": "6th October second Police Station",
        "operator": "حكومى",
        "@geometry": "center"
      },
      "geometry": {
        "type": "Point",
        "coordinates": [
          30.8985044,
          29.9680888
        ]
      },
      "id": "way/252148480"
    },
    {
      "type": "Feature",
      "properties": {
        "@id": "way/254043319",
        "name": "وزارة التضامن الأجتماعى الأندلسى للمكفوفين",
        "name:ar": "وزارة التضامن الأجتماعى الأندلسى للمكفوفين",
        "name:en": "Ministry of Social Affairs (Al-Andalocy for Blinds)",
        "office": "government",
        "@geometry": "center"
      },
      "geometry": {
        "type": "Point",
        "coordinates": [
          30.9285309,
          29.9292828
        ]
      },
      "id": "way/254043319"
    },
    {
      "type": "Feature",
      "properties": {
        "@id": "way/257566967",
        "addr:city": "مدينة 6 أكتوبر",
        "addr:housename": "مصلحة الجوازات والهجرة",
        "addr:postcode": "12566",
        "addr:street": "Masaken Al Megawra Al Tasaa",
        "name": "مصلحة الجوازات والهجرة",
        "name:ar": "مصلحة الجوازات والهجرة",
        "name:en": "Passports and Immigration Administration",
        "office": "government",
        "@geometry": "center"
      },
      "geometry": {
        "type": "Point",
        "coordinates": [
          30.9160414,
          29.9453821
        ]
      },
      "id": "way/257566967"
    },
    {
      "type": "Feature",
      "properties": {
        "@id": "way/260822318",
        "building": "yes",
        "building:levels": "5",
        "internet_access": "wlan",
        "name": "نقابة المهندسين بالاسكندرية",
        "name:ar": "نقابة المهندسين بالإسكندرية",
        "name:en": "Engineers Syndicate in Alexandria",
        "office": "government",
        "opening_hours": "Mo-Tu, Sa 09:00-16:00; Su, We 09:00-20:00",
        "@geometry": "center"
      },
      "geometry": {
        "type": "Point",
        "coordinates": [
          29.9175905,
          31.2115776
        ]
      },
      "id": "way/260822318"
    },
    {
      "type": "Feature",
      "properties": {
        "@id": "way/266618786",
        "amenity": "police",
        "building": "public",
        "name": "قسم الشرطة",
        "name:ar": "قسم الشرطة",
        "name:en": "Police Station",
        "name:es": "Comisaría de Policía",
        "@geometry": "center"
      },
      "geometry": {
        "type": "Point",
        "coordinates": [
          33.9458251,
          28.5555548
        ]
      },
      "id": "way/266618786"
    },
    {
      "type": "Feature",
      "properties": {
        "@id": "way/267594952",
        "addr:city": "دسوق",
        "addr:street": "الجيش",
        "man_made": "water_works",
        "name": "محطة مياه الكشلة",
        "name:ar": "محطة مياه الكشلة",
        "@geometry": "center"
      },
      "geometry": {
        "type": "Point",
        "coordinates": [
          30.6354478,
          31.1394142
        ]
      },
      "id": "way/267594952"
    },
    {
      "type": "Feature",
      "properties": {
        "@id": "node/272612712",
        "barrier": "border_control",
        "description": "המעבר מקשר בין מדינת ישראל למצרים. רשאים לחצות את הגבול אזרחים ישראלים, תיירים זרים, בעלי תעודות מעבר עם ויזה מצרית בדרכון, עולים חדשים ופלסטינים המחזיקים בתעודת מעבר ישראלית.",
        "description:he": "המעבר מקשר בין מדינת ישראל למצרים. רשאים לחצות את הגבול אזרחים ישראלים, תיירים זרים, בעלי תעודות מעבר עם ויזה מצרית בדרכון, עולים חדשים ופלסטינים המחזיקים בתעודת מעבר ישראלית.",
        "name": "מעבר גבול טאבה (מנחם בגין)",
        "name:en": "Taba border crossing (Israel)",
        "name:he": "מעבר גבול טאבה (מנחם בגין)"
      },
      "geometry": {
        "type": "Point",
        "coordinates": [
          34.90283,
          29.4909641
        ]
      },
      "id": "node/272612712"
    },
    {
      "type": "Feature",
      "properties": {
        "@id": "way/275797998",
        "name": "Aswan I Power Plant",
        "plant:method": "water-storage",
        "plant:output:electricity": "280 MW",
        "plant:source": "hydro",
        "power": "plant",
        "start_date": "1960",
        "wikidata": "Q921582",
        "@geometry": "center"
      },
      "geometry": {
        "type": "Point",
        "coordinates": [
          32.8626424,
          24.028038
        ]
      },
      "id": "way/275797998"
    },
    {
      "type": "Feature",
      "properties": {
        "@id": "node/276704022",
        "barrier": "checkpoint"
      },
      "geometry": {
        "type": "Point",
        "coordinates": [
          29.1617115,
          28.4956823
        ]
      },
      "id": "node/276704022"
    },
    {
      "type": "Feature",
      "properties": {
        "@id": "node/277522221",
        "barrier": "border_control",
        "country": "EG"
      },
      "geometry": {
        "type": "Point",
        "coordinates": [
          25.0770219,
          31.576109
        ]
      },
      "id": "node/277522221"
    },
    {
      "type": "Feature",
      "properties": {
        "@id": "way/280852832",
        "addr:country": "EG",
        "addr:district": "البساتين",
        "addr:district:en": "Al Basatine",
        "addr:housenumber": "20",
        "addr:postcode": "11742",
        "addr:province": "القاهرة",
        "addr:province:en": "Cairo",
        "addr:street": "شارع 276",
        "addr:street:en": "Street 276",
        "addr:subdistrict": "المعادى الجديده",
        "addr:subdistrict:en": "El Maadi El Gadida",
        "alt_name": "Industrical Modernization Center",
        "building": "residential",
        "name": "IMC مركز تحديث الصناعة Industrial Modernization Center",
        "name:ar": "مركز تحديث الصناعة",
        "name:en": "IMC",
        "office": "government",
        "@geometry": "center"
      },
      "geometry": {
        "type": "Point",
        "coordinates": [
          31.2745246,
          29.9706452
        ]
      },
      "id": "way/280852832"
    },
    {
      "type": "Feature",
      "properties": {
        "@id": "way/294139387",
        "area": "yes",
        "barrier": "border_control",
        "highway": "services",
        "layer": "-1",
        "name": "معبر رفح",
        "name:ar": "معبر رفح",
        "name:en": "Rafah Crossing",
        "@geometry": "center"
      },
      "geometry": {
        "type": "Point",
        "coordinates": [
          34.2550969,
          31.2472985
        ]
      },
      "id": "way/294139387"
    },
    {
      "type": "Feature",
      "properties": {
        "@id": "way/306026848",
        "barrier": "fence",
        "man_made": "water_works",
        "name": "Water desalination plant",
        "@geometry": "center"
      },
      "geometry": {
        "type": "Point",
        "coordinates": [
          34.6272327,
          25.559521
        ]
      },
      "id": "way/306026848"
    },
    {
      "type": "Feature",
      "properties": {
        "@id": "way/306909691",
        "landuse": "industrial",
        "name": "محطة كهرباء العين السخنة البخارية",
        "name:ar": "محطة كهرباء العين السخنة البخارية",
        "name:en": "El Ain El Sokhna",
        "operator": "East Delta Electricity Production Company",
        "plant:method": "combustion",
        "plant:output:electricity": "1300 MW",
        "plant:source": "gas",
        "power": "plant",
        "source": "http://www.moee.gov.eg/english_new/EEHC_Rep/2017-2018en.pdf",
        "start_date": "2015",
        "wikidata": "Q56360079",
        "@geometry": "center"
      },
      "geometry": {
        "type": "Point",
        "coordinates": [
          32.3528454,
          29.621384
        ]
      },
      "id": "way/306909691"
    },
    {
      "type": "Feature",
      "properties": {
        "@id": "way/306941335",
        "name": "مديرية أمن الدقهلية",
        "name:ar": "مديرية أمن الدقهلية",
        "name:en": "Security Directorate of Daqahlia",
        "office": "government",
        "@geometry": "center"
      },
      "geometry": {
        "type": "Point",
        "coordinates": [
          31.3793985,
          31.0470493
        ]
      },
      "id": "way/306941335"
    },
    {
      "type": "Feature",
      "properties": {
        "@id": "way/312139349",
        "landuse": "industrial",
        "power": "plant",
        "@geometry": "center"
      },
      "geometry": {
        "type": "Point",
        "coordinates": [
          34.6124308,
          25.536975
        ]
      },
      "id": "way/312139349"
    },
    {
      "type": "Feature",
      "properties": {
        "@id": "way/315909001",
        "addr:city": "القاهرة",
        "addr:country": "EG",
        "addr:district": "الزمالك",
        "addr:district:en": "El Zamalek",
        "addr:housenumber": "5",
        "addr:postcode": "11568",
        "addr:province": "القاهرة",
        "addr:province:en": "Cairo",
        "addr:street": "شارع العزيز عثمان",
        "addr:street:en": "Al Aziz Othman Street",
        "addr:subdistrict": "الجبلايه",
        "addr:subdistrict:en": "El Gabalayya",
        "building": "yes",
        "country": "PL",
        "diplomatic": "embassy",
        "embassy": "yes",
        "name": "سفارة بولندا",
        "name:ar": "سفارة بولندا",
        "name:de": "Botschaft von Polen",
        "name:en": "Embassy of Poland",
        "name:es": "Embajada de Polonia",
        "name:fr": "Ambassade de Pologne",
        "name:pl": "Ambasada Rzeczypospolitej Polskiej w Kairze",
        "office": "diplomatic",
        "roof:shape": "flat",
        "target": "EG",
        "website": "https://kair.msz.gov.pl/pl/",
        "wikidata": "Q30907018",
        "wikipedia": "pl:Ambasada RP w Kairze",
        "@geometry": "center"
      },
      "geometry": {
        "type": "Point",
        "coordinates": [
          31.2202987,
          30.0582537
        ]
      },
      "id": "way/315909001"
    },
    {
      "type": "Feature",
      "properties": {
        "@id": "way/316160170",
        "addr:city": "مدينة السادات",
        "amenity": "police",
        "building": "yes",
        "@geometry": "center"
      },
      "geometry": {
        "type": "Point",
        "coordinates": [
          30.5024831,
          30.3712226
        ]
      },
      "id": "way/316160170"
    },
    {
      "type": "Feature",
      "properties": {
        "@id": "way/316370031",
        "building": "yes",
        "name": "Tourist Passport Departament",
        "name:en": "Tourist Passport Departament",
        "office": "government",
        "@geometry": "center"
      },
      "geometry": {
        "type": "Point",
        "coordinates": [
          33.6219959,
          28.2350412
        ]
      },
      "id": "way/316370031"
    },
    {
      "type": "Feature",
      "properties": {
        "@id": "way/316690069",
        "man_made": "water_works",
        "@geometry": "center"
      },
      "geometry": {
        "type": "Point",
        "coordinates": [
          30.6501879,
          31.0938315
        ]
      },
      "id": "way/316690069"
    },
    {
      "type": "Feature",
      "properties": {
        "@id": "way/316898584",
        "addr:city": "مدينة السادات",
        "man_made": "water_works",
        "name": "شركة المياه",
        "name:ar": "شركة المياه",
        "@geometry": "center"
      },
      "geometry": {
        "type": "Point",
        "coordinates": [
          30.5095345,
          30.3640268
        ]
      },
      "id": "way/316898584"
    },
    {
      "type": "Feature",
      "properties": {
        "@id": "way/317087164",
        "man_made": "water_works",
        "@geometry": "center"
      },
      "geometry": {
        "type": "Point",
        "coordinates": [
          30.6128434,
          30.4751414
        ]
      },
      "id": "way/317087164"
    },
    {
      "type": "Feature",
      "properties": {
        "@id": "way/321170656",
        "amenity": "police",
        "military": "checkpoint",
        "name": "Checkpoint",
        "@geometry": "center"
      },
      "geometry": {
        "type": "Point",
        "coordinates": [
          34.3064372,
          28.2886015
        ]
      },
      "id": "way/321170656"
    },
    {
      "type": "Feature",
      "properties": {
        "@id": "way/321173443",
        "amenity": "police",
        "military": "checkpoint",
        "name": "Checkpoint",
        "@geometry": "center"
      },
      "geometry": {
        "type": "Point",
        "coordinates": [
          34.3408649,
          27.9774656
        ]
      },
      "id": "way/321173443"
    },
    {
      "type": "Feature",
      "properties": {
        "@id": "way/321176518",
        "amenity": "police",
        "military": "checkpoint",
        "name": "Checkpoint",
        "@geometry": "center"
      },
      "geometry": {
        "type": "Point",
        "coordinates": [
          34.4722032,
          28.5230016
        ]
      },
      "id": "way/321176518"
    },
    {
      "type": "Feature",
      "properties": {
        "@id": "way/321478659",
        "amenity": "police",
        "building": "yes",
        "military": "checkpoint",
        "name": "Checkpoint",
        "@geometry": "center"
      },
      "geometry": {
        "type": "Point",
        "coordinates": [
          34.5106548,
          28.4783622
        ]
      },
      "id": "way/321478659"
    },
    {
      "type": "Feature",
      "properties": {
        "@id": "way/325410448",
        "addr:city": "مدينة السادات",
        "building": "yes",
        "office": "government",
        "@geometry": "center"
      },
      "geometry": {
        "type": "Point",
        "coordinates": [
          30.5043421,
          30.3642575
        ]
      },
      "id": "way/325410448"
    },
    {
      "type": "Feature",
      "properties": {
        "@id": "way/330883599",
        "amenity": "police",
        "building": "yes",
        "name": "Police complex in Sharm El-Sheikh",
        "@geometry": "center"
      },
      "geometry": {
        "type": "Point",
        "coordinates": [
          34.4173822,
          28.0188325
        ]
      },
      "id": "way/330883599"
    },
    {
      "type": "Feature",
      "properties": {
        "@id": "node/331151117",
        "addr:housenumber": "29",
        "addr:street": "شارع شارل ديجول",
        "alt_name": "السفارة الفرنسية",
        "alt_name:ar": "السفارة الفرنسية",
        "country": "FR",
        "diplomatic": "embassy",
        "embassy": "yes",
        "name": "سفارة فرنسا",
        "name:ar": "سفارة فرنسا",
        "name:en": "French Embassy",
        "name:fr": "Ambassade de France au Caire",
        "name:sk": "Francúzske veľvyslanectvo",
        "office": "diplomatic",
        "phone": "+20235673200",
        "target": "EG",
        "website": "https://eg.ambafrance.org/-Francais-"
      },
      "geometry": {
        "type": "Point",
        "coordinates": [
          31.2172926,
          30.0234473
        ]
      },
      "id": "node/331151117"
    },
    {
      "type": "Feature",
      "properties": {
        "@id": "way/339442515",
        "addr:city": "Ras Sudr",
        "amenity": "police",
        "building": "yes",
        "name": "كمين عيون موسى",
        "name:ar": "كمين عيون موسى",
        "name:en": "Ayun Musa",
        "@geometry": "center"
      },
      "geometry": {
        "type": "Point",
        "coordinates": [
          32.6596738,
          29.8604239
        ]
      },
      "id": "way/339442515"
    },
    {
      "type": "Feature",
      "properties": {
        "@id": "node/355157578",
        "amenity": "police"
      },
      "geometry": {
        "type": "Point",
        "coordinates": [
          34.3026724,
          27.8610877
        ]
      },
      "id": "node/355157578"
    },
    {
      "type": "Feature",
      "properties": {
        "@id": "way/366084381",
        "name": "هيئة الطاقة الذرية",
        "name:ar": "هيئة الطاقة الذرية",
        "name:en": "Nuclear Energy Organization",
        "office": "government",
        "@geometry": "center"
      },
      "geometry": {
        "type": "Point",
        "coordinates": [
          31.3445351,
          30.0428165
        ]
      },
      "id": "way/366084381"
    },
    {
      "type": "Feature",
      "properties": {
        "@id": "way/366085144",
        "name": "معهد بحوث البترول المصرى",
        "name:ar": "معهد بحوث البترول المصرى",
        "name:en": "Egyptian Petroleum Research Institute",
        "office": "government",
        "@geometry": "center"
      },
      "geometry": {
        "type": "Point",
        "coordinates": [
          31.3420575,
          30.0425579
        ]
      },
      "id": "way/366085144"
    },
    {
      "type": "Feature",
      "properties": {
        "@id": "way/366089264",
        "name": "NREA هيئة الطاقة الجديدة والمتجددة",
        "name:ar": "NREA هيئة الطاقة الجديدة والمتجددة",
        "name:en": "New and Renewable Energy NREA Organization",
        "office": "government",
        "wikidata": "Q30290927",
        "@geometry": "center"
      },
      "geometry": {
        "type": "Point",
        "coordinates": [
          31.3417155,
          30.0411254
        ]
      },
      "id": "way/366089264"
    },
    {
      "type": "Feature",
      "properties": {
        "@id": "way/375403706",
        "amenity": "prison",
        "name": "سجن العقرب",
        "name:ar": "سجن العقرب",
        "name:en": "Aqrab Prison",
        "wikidata": "Q12215487",
        "wikipedia": "en:Scorpion Prison",
        "@geometry": "center"
      },
      "geometry": {
        "type": "Point",
        "coordinates": [
          31.2850156,
          29.9458106
        ]
      },
      "id": "way/375403706"
    },
    {
      "type": "Feature",
      "properties": {
        "@id": "way/376568361",
        "landuse": "industrial",
        "name": "محطة كهرباء شمال الجيزة",
        "name:ar": "محطة كهرباء شمال الجيزة",
        "name:en": "Giza North Power Station",
        "operator": "Cairo Electricity Production Company",
        "plant:method": "combustion",
        "plant:output:electricity": "2250 MW",
        "plant:source": "gas",
        "plant:type": "combined_cycle",
        "power": "plant",
        "source": "http://www.cairoepc.com/",
        "start_date": "2014",
        "wikidata": "Q56359846",
        "@geometry": "center"
      },
      "geometry": {
        "type": "Point",
        "coordinates": [
          30.9469738,
          30.2479546
        ]
      },
      "id": "way/376568361"
    },
    {
      "type": "Feature",
      "properties": {
        "@id": "way/379325046",
        "amenity": "police",
        "building": "yes",
        "@geometry": "center"
      },
      "geometry": {
        "type": "Point",
        "coordinates": [
          31.4770508,
          30.0652436
        ]
      },
      "id": "way/379325046"
    },
    {
      "type": "Feature",
      "properties": {
        "@id": "way/391188135",
        "man_made": "water_works",
        "name": "محطة رفع مياه أبو عويقل",
        "name:ar": "محطة رفع مياه أبو عويقل",
        "name:en": "Water Pumping Station of Abou Eweiqal",
        "@geometry": "center"
      },
      "geometry": {
        "type": "Point",
        "coordinates": [
          31.3489256,
          29.9795693
        ]
      },
      "id": "way/391188135"
    },
    {
      "type": "Feature",
      "properties": {
        "@id": "way/395072280",
        "building": "yes",
        "name": "الشئون الاجتماعية بالمجد",
        "name:ar": "الشئون الاجتماعية بالمجد",
        "office": "government",
        "@geometry": "center"
      },
      "geometry": {
        "type": "Point",
        "coordinates": [
          30.6734814,
          31.0969404
        ]
      },
      "id": "way/395072280"
    },
    {
      "type": "Feature",
      "properties": {
        "@id": "way/395072747",
        "building": "yes",
        "name": "الوحدة المحلية بالمجد",
        "name:ar": "الوحدة المحلية بالمجد",
        "office": "government",
        "@geometry": "center"
      },
      "geometry": {
        "type": "Point",
        "coordinates": [
          30.6722597,
          31.0980893
        ]
      },
      "id": "way/395072747"
    },
    {
      "type": "Feature",
      "properties": {
        "@id": "way/395078775",
        "building": "yes",
        "name": "الجمعية الزراعية بالمجد",
        "name:ar": "الجمعية الزراعية بالمجد",
        "office": "government",
        "@geometry": "center"
      },
      "geometry": {
        "type": "Point",
        "coordinates": [
          30.6724695,
          31.0925925
        ]
      },
      "id": "way/395078775"
    },
    {
      "type": "Feature",
      "properties": {
        "@id": "way/397404328",
        "amenity": "police",
        "building": "yes",
        "name": "الأمن المركزي",
        "name:ar": "الأمن المركزي",
        "operator": "وزارة الداخلية",
        "@geometry": "center"
      },
      "geometry": {
        "type": "Point",
        "coordinates": [
          30.0007365,
          31.2502664
        ]
      },
      "id": "way/397404328"
    },
    {
      "type": "Feature",
      "properties": {
        "@id": "way/413191361",
        "amenity": "police",
        "building": "yes",
        "building:levels": "3",
        "description": "قسم الزاوية الحمراء",
        "name": "قسم الزاوية الحمراء",
        "name:ar": "قسم الزاوية الحمراء",
        "@geometry": "center"
      },
      "geometry": {
        "type": "Point",
        "coordinates": [
          31.2661581,
          30.0962525
        ]
      },
      "id": "way/413191361"
    },
    {
      "type": "Feature",
      "properties": {
        "@id": "way/419915095",
        "landuse": "commercial",
        "name": "وزارة النقل",
        "name:ar": "وزارة النقل",
        "name:en": "Ministry of Transport",
        "office": "government",
        "@geometry": "center"
      },
      "geometry": {
        "type": "Point",
        "coordinates": [
          31.3052011,
          30.0589183
        ]
      },
      "id": "way/419915095"
    },
    {
      "type": "Feature",
      "properties": {
        "@id": "way/421207803",
        "building": "industrial",
        "name": "Aswan II Power Plant",
        "plant:method": "water-storage",
        "plant:output:electricity": "270 MW",
        "plant:source": "hydro",
        "power": "plant",
        "start_date": "1986",
        "wikidata": "Q921582",
        "@geometry": "center"
      },
      "geometry": {
        "type": "Point",
        "coordinates": [
          32.865752,
          24.0340072
        ]
      },
      "id": "way/421207803"
    },
    {
      "type": "Feature",
      "properties": {
        "@id": "way/427608570",
        "barrier": "wall",
        "frequency": "50",
        "name": "محطة كهرباء العاصمة الإدارية الجديدة",
        "name:en": "New Capital Combined Cycle Power Plant",
        "operator": "Egyptian Electricity Holding Company (EEHC)",
        "plant:method": "combustion",
        "plant:output:electricity": "4800 MW",
        "plant:source": "gas",
        "plant:type": "combined_cycle",
        "power": "plant",
        "start_date": "2017",
        "wikidata": "Q56360325",
        "wikipedia": "ar:محطة كهرباء العاصمة الإدارية الجديدة",
        "@geometry": "center"
      },
      "geometry": {
        "type": "Point",
        "coordinates": [
          31.7553361,
          29.9086804
        ]
      },
      "id": "way/427608570"
    },
    {
      "type": "Feature",
      "properties": {
        "@id": "node/432875457",
        "alt_name": "دار السلام أول",
        "amenity": "police",
        "name": "دار السلام أول",
        "name:ar": "دار السلام أول",
        "name:en": "Dar El Salaam",
        "note": "correct arabic tag"
      },
      "geometry": {
        "type": "Point",
        "coordinates": [
          31.2374345,
          29.9840727
        ]
      },
      "id": "node/432875457"
    },
    {
      "type": "Feature",
      "properties": {
        "@id": "node/442338122",
        "alt_name": "قسم أول مدينة نصر",
        "amenity": "police",
        "name": "قسم أول مدينة نصر",
        "name:ar": "قسم أول مدينة نصر",
        "name:en": "Nasr City First Police Station"
      },
      "geometry": {
        "type": "Point",
        "coordinates": [
          31.3411596,
          30.0687969
        ]
      },
      "id": "node/442338122"
    },
    {
      "type": "Feature",
      "properties": {
        "@id": "way/448966982",
        "addr:country": "EG",
        "addr:district": "العجوزه",
        "addr:district:en": "Al Agouza",
        "addr:housenumber": "70",
        "addr:postcode": "12654",
        "addr:province": "الجيزه",
        "addr:province:en": "Giza",
        "addr:street": "شارع عبد المنعم رياض",
        "addr:street:en": "Abd Al Moneim Riyad Street",
        "addr:subdistrict": "الحوتيه",
        "addr:subdistrict:en": "Al Hoteya",
        "alt_name": "سفارة موريسيوس",
        "building": "yes",
        "country": "MU",
        "diplomatic": "embassy",
        "embassy": "yes",
        "name": "سفارة موريسيوس",
        "name:ar": "سفارة موريسيوس",
        "name:en": "Embassy of Mauritius",
        "name:fr": "Ambassade de l’Île Maurice",
        "office": "diplomatic",
        "target": "EG",
        "@geometry": "center"
      },
      "geometry": {
        "type": "Point",
        "coordinates": [
          31.2105037,
          30.0558093
        ]
      },
      "id": "way/448966982"
    },
    {
      "type": "Feature",
      "properties": {
        "@id": "way/448986246",
        "addr:country": "EG",
        "addr:district": "العجوزه",
        "addr:district:en": "Al Agouza",
        "addr:housenumber": "51",
        "addr:postcode": "12654",
        "addr:province": "الجيزه",
        "addr:province:en": "Giza",
        "addr:street": "شارع وزاره الزراعه",
        "addr:street:en": "Ministry Al Zeraa Street",
        "building": "yes",
        "email": "Info@edaegypt.gov.eg",
        "facebook": "egyptiandrugauthority",
        "government": "healthcare",
        "name": "هيئة الدواء المصرية",
        "name:ar": "هيئة الدواء المصرية",
        "name:en": "Egyptian Drug Authority - EDA",
        "office": "government",
        "opening_hours": "Su-Th 09:00-15:00",
        "phone": "15301;+202-37484989;+202-37484988",
        "website": "https://www.edaegypt.gov.eg/",
        "wikidata": "Q100258024",
        "@geometry": "center"
      },
      "geometry": {
        "type": "Point",
        "coordinates": [
          31.2111552,
          30.048908
        ]
      },
      "id": "way/448986246"
    },
    {
      "type": "Feature",
      "properties": {
        "@id": "way/448986252",
        "addr:country": "EG",
        "addr:district": "العجوزه",
        "addr:district:en": "Al Agouza",
        "addr:housenumber": "51",
        "addr:postcode": "12654",
        "addr:province": "الجيزه",
        "addr:province:en": "Giza",
        "addr:street": "شارع وزاره الزراعه",
        "addr:street:en": "Ministry Al Zeraa Street",
        "building": "yes",
        "government": "healthcare",
        "name": "مركز تطعيمات المصل و اللقاح -فاكسيرا",
        "name:ar": "مركز تطعيمات المصل و اللقاح -فاكسيرا",
        "name:en": "VACSERA",
        "office": "government",
        "opening_hours": "09:00-21:00",
        "operator": "وزارة الصحة والسكان المصرية",
        "phone": "+202-37611111",
        "@geometry": "center"
      },
      "geometry": {
        "type": "Point",
        "coordinates": [
          31.2113381,
          30.0481192
        ]
      },
      "id": "way/448986252"
    },
    {
      "type": "Feature",
      "properties": {
        "@id": "node/452377264",
        "amenity": "police",
        "name": "مخفر مصر الجديدة",
        "name:ar": "مخفر مصر الجديدة",
        "name:en": "Masr Al-Gedida"
      },
      "geometry": {
        "type": "Point",
        "coordinates": [
          31.328119,
          30.0971669
        ]
      },
      "id": "node/452377264"
    },
    {
      "type": "Feature",
      "properties": {
        "@id": "node/454613926",
        "alt_name": "منشية البكري",
        "amenity": "police",
        "name": "منشية البكري",
        "name:ar": "منشية البكري",
        "name:en": "Manshiet Al-Bakry"
      },
      "geometry": {
        "type": "Point",
        "coordinates": [
          31.3083485,
          30.0892825
        ]
      },
      "id": "node/454613926"
    },
    {
      "type": "Feature",
      "properties": {
        "@id": "way/455464036",
        "addr:city": "مدينة نصر",
        "addr:postcode": "11759",
        "addr:street": "ابن حوقل",
        "amenity": "police",
        "building": "yes",
        "building:levels": "1",
        "layer": "1",
        "name": "نقطة شرطة رابعة العدوية",
        "name:ar": "نقطة شرطة رابعة العدوية",
        "name:en": "Rabaa Al Adaweya Police Point",
        "@geometry": "center"
      },
      "geometry": {
        "type": "Point",
        "coordinates": [
          31.3218128,
          30.0690514
        ]
      },
      "id": "way/455464036"
    },
    {
      "type": "Feature",
      "properties": {
        "@id": "way/455482114",
        "addr:city": "مدينة نصر",
        "addr:housenumber": "19",
        "addr:postcode": "11759",
        "addr:street": "حى بن فضلان",
        "building": "yes",
        "name": "مركز خدمة المواطنين بإدارة نوادي وفنادق القوات المسلحة",
        "name:ar": "مركز خدمة المواطنين بإدارة نوادي وفنادق القوات المسلحة",
        "office": "government",
        "@geometry": "center"
      },
      "geometry": {
        "type": "Point",
        "coordinates": [
          31.3227832,
          30.0701652
        ]
      },
      "id": "way/455482114"
    },
    {
      "type": "Feature",
      "properties": {
        "@id": "way/476935238",
        "man_made": "water_works",
        "name": "Water Company",
        "@geometry": "center"
      },
      "geometry": {
        "type": "Point",
        "coordinates": [
          32.63348,
          25.6880576
        ]
      },
      "id": "way/476935238"
    },
    {
      "type": "Feature",
      "properties": {
        "@id": "way/477102086",
        "building": "yes",
        "name": "Management censorship Building",
        "office": "government",
        "@geometry": "center"
      },
      "geometry": {
        "type": "Point",
        "coordinates": [
          32.635546,
          25.6827009
        ]
      },
      "id": "way/477102086"
    },
    {
      "type": "Feature",
      "properties": {
        "@id": "way/477107897",
        "amenity": "police",
        "building": "yes",
        "name": "police station",
        "@geometry": "center"
      },
      "geometry": {
        "type": "Point",
        "coordinates": [
          32.6332862,
          25.685001
        ]
      },
      "id": "way/477107897"
    },
    {
      "type": "Feature",
      "properties": {
        "@id": "way/477607445",
        "building": "yes",
        "office": "government",
        "@geometry": "center"
      },
      "geometry": {
        "type": "Point",
        "coordinates": [
          32.6365968,
          25.6944475
        ]
      },
      "id": "way/477607445"
    },
    {
      "type": "Feature",
      "properties": {
        "@id": "way/478336459",
        "amenity": "police",
        "building": "yes",
        "name": "اداره مرور الاسماعيليه",
        "name:ar": "اداره مرور الاسماعيليه",
        "@geometry": "center"
      },
      "geometry": {
        "type": "Point",
        "coordinates": [
          32.2741357,
          30.6164972
        ]
      },
      "id": "way/478336459"
    },
    {
      "type": "Feature",
      "properties": {
        "@id": "way/483628102",
        "amenity": "police",
        "building": "yes",
        "description": "إصدار فيش جنائي مميكن ، صحيفة الحالة الجنائية مميكنة ، فيش وتشبيه مميكن",
        "name": "نقطة شرطة العصافرة",
        "name:ar": "نقطة شرطة مدينة فيصل",
        "operator": "وزارة الداخلية",
        "@geometry": "center"
      },
      "geometry": {
        "type": "Point",
        "coordinates": [
          30.0001157,
          31.2627223
        ]
      },
      "id": "way/483628102"
    },
    {
      "type": "Feature",
      "properties": {
        "@id": "way/486774022",
        "amenity": "police",
        "building": "yes",
        "name": "قسم شرطة الدقى",
        "name:ar": "قسم شرطة الدقى",
        "name:en": "Dokki Police Station",
        "operator": "وزارة الداخلية",
        "roof:shape": "flat",
        "@geometry": "center"
      },
      "geometry": {
        "type": "Point",
        "coordinates": [
          31.2189841,
          30.0390443
        ]
      },
      "id": "way/486774022"
    },
    {
      "type": "Feature",
      "properties": {
        "@id": "way/498864700",
        "barrier": "fence",
        "frequency": "50",
        "name": "محطة البرلس المركبة",
        "name:en": "Burullus Combined Cycle Power Plant",
        "operator": "Egyptian Electricity Holding Company (EEHC)",
        "plant:method": "combustion",
        "plant:output:electricity": "4800 MW",
        "plant:source": "gas",
        "plant:type": "combined_cycle",
        "power": "plant",
        "start_date": "2017",
        "wikidata": "Q56360316",
        "@geometry": "center"
      },
      "geometry": {
        "type": "Point",
        "coordinates": [
          30.8069494,
          31.5299222
        ]
      },
      "id": "way/498864700"
    },
    {
      "type": "Feature",
      "properties": {
        "@id": "way/498864709",
        "landuse": "industrial",
        "name": "محطة كهرباء دمياط الجديدة",
        "name:ar": "محطة كهرباء دمياط الجديدة",
        "name:en": "West Damietta Power Station",
        "operator": "East Delta Electricity Production Company",
        "plant:method": "combustion",
        "plant:output:electricity": "1500 MW",
        "plant:source": "gas",
        "plant:type": "combined_cycle",
        "power": "plant",
        "source": "http://www.moee.gov.eg/english_new/EEHC_Rep/2017-2018en.pdf",
        "start_date": "2012",
        "wikidata": "Q56359716",
        "@geometry": "center"
      },
      "geometry": {
        "type": "Point",
        "coordinates": [
          31.6057799,
          31.4431504
        ]
      },
      "id": "way/498864709"
    },
    {
      "type": "Feature",
      "properties": {
        "@id": "way/500185512",
        "landuse": "industrial",
        "name": "محطة كهرباء العريش البخارية",
        "name:ar": "محطة كهرباء العريش البخارية",
        "name:en": "Al-Arish Power Station",
        "operator": "East Delta Electricity Production Company",
        "plant:method": "combustion",
        "plant:output:electricity": "316 MW",
        "plant:source": "gas",
        "power": "plant",
        "source": "http://www.moee.gov.eg/english_new/EEHC_Rep/2017-2018en.pdf;https://www.gem.wiki/Arish_power_station",
        "@geometry": "center"
      },
      "geometry": {
        "type": "Point",
        "coordinates": [
          33.6837471,
          31.1140423
        ]
      },
      "id": "way/500185512"
    },
    {
      "type": "Feature",
      "properties": {
        "@id": "way/502404024",
        "barrier": "wall",
        "landuse": "industrial",
        "name": "محطة كهرباء التبين",
        "name:ar": "محطة كهرباء التبين",
        "name:en": "El Tebbin Power Plant",
        "operator": "Cairo Electricity Production Company",
        "plant:method": "combustion",
        "plant:output:electricity": "700 MW",
        "plant:source": "gas",
        "power": "plant",
        "source": "http://www.cairoepc.com/",
        "start_date": "2010",
        "wikidata": "Q56359997",
        "@geometry": "center"
      },
      "geometry": {
        "type": "Point",
        "coordinates": [
          31.2973797,
          29.7760938
        ]
      },
      "id": "way/502404024"
    },
    {
      "type": "Feature",
      "properties": {
        "@id": "way/503835272",
        "addr:city": "القاهرة",
        "addr:country": "EG",
        "addr:district": "الزمالك",
        "addr:district:en": "El Zamalek",
        "addr:housenumber": "2",
        "addr:postcode": "11568",
        "addr:province": "القاهرة",
        "addr:province:en": "Cairo",
        "addr:street": "شارع الجبلايه;شارع العماد الكاتب",
        "addr:street:en": "Al Emad Al Kateb Street",
        "addr:subdistrict": "الجبلايه",
        "addr:subdistrict:en": "El Gabalayya",
        "building": "yes",
        "check_date": "2024-10-22",
        "country": "NG",
        "diplomatic": "embassy",
        "name": "Embassy of Nigeria",
        "office": "diplomatic",
        "roof:shape": "flat",
        "target": "EG",
        "@geometry": "center"
      },
      "geometry": {
        "type": "Point",
        "coordinates": [
          31.2184533,
          30.0545962
        ]
      },
      "id": "way/503835272"
    },
    {
      "type": "Feature",
      "properties": {
        "@id": "way/503835279",
        "addr:city": "Kairo",
        "addr:country": "EG",
        "addr:housenumber": "2",
        "addr:postcode": "11211",
        "addr:street": "شارع برلين",
        "addr:suburb": "Zamalek",
        "alt_name": "السفارة الألمانية",
        "alt_name:ar": "السفارة الألمانية",
        "alt_name:de": "Deutsche Botschaft",
        "alt_name:en": "German Embassy",
        "alt_name:es": "Embajada Alemana",
        "building": "yes",
        "check_date": "2024-10-21",
        "country": "DE",
        "diplomatic": "embassy",
        "email": "info@kairo.diplo.de",
        "embassy": "yes",
        "name": "سفارة جمهورية ألمانيا الاتحادية",
        "name:ar": "سفارة جمهورية ألمانيا الاتحادية",
        "name:de": "Botschaft der Bundesrepublik Deutschland",
        "name:en": "Embassy of the Federal Republic of Germany",
        "name:es": "Embajada de la República Federal de Alemania",
        "name:fr": "Ambassade de la République fédérale d'Allemagne",
        "office": "diplomatic",
        "opening_hours": "Su-Th 08:00-09:30",
        "phone": "+20 2 2728-2000",
        "roof:shape": "flat",
        "target": "EG",
        "website": "http://www.kairo.diplo.de",
        "wikidata": "Q58207668",
        "@geometry": "center"
      },
      "geometry": {
        "type": "Point",
        "coordinates": [
          31.2190383,
          30.0550213
        ]
      },
      "id": "way/503835279"
    },
    {
      "type": "Feature",
      "properties": {
        "@id": "way/509611910",
        "landuse": "industrial",
        "name": "محطة مطروح البخارية",
        "name:en": "Matrouh Power Plant",
        "operator": "West Delta Electricity Production Company",
        "plant:method": "combustion",
        "plant:output:electricity": "60 MW",
        "plant:source": "gas",
        "power": "plant",
        "source": "http://www.moee.gov.eg/english_new/EEHC_Rep/2017-2018en.pdf",
        "start_date": "1990",
        "wikidata": "Q117090064",
        "@geometry": "center"
      },
      "geometry": {
        "type": "Point",
        "coordinates": [
          27.2046902,
          31.3706819
        ]
      },
      "id": "way/509611910"
    },
    {
      "type": "Feature",
      "properties": {
        "@id": "way/519168421",
        "addr:city": "القاهرة",
        "building": "yes",
        "name": "وزارة الثقافة",
        "name:ar": "وزارة الثقافة",
        "name:de": "Kultusministerium",
        "name:en": "Ministry of Culture",
        "name:es": "Ministro de Cultura",
        "name:fa": "وزارت فرهنگ",
        "office": "government",
        "wikidata": "Q3064288",
        "wikipedia": "ar:وزارة الثقافة (مصر)",
        "@geometry": "center"
      },
      "geometry": {
        "type": "Point",
        "coordinates": [
          31.2169935,
          30.0605544
        ]
      },
      "id": "way/519168421"
    },
    {
      "type": "Feature",
      "properties": {
        "@id": "way/519168430",
        "addr:city": "القاهرة",
        "addr:country": "EG",
        "addr:district": "الزمالك",
        "addr:district:en": "El Zamalek",
        "addr:housenumber": "8",
        "addr:postcode": "11568",
        "addr:province": "القاهرة",
        "addr:province:en": "Cairo",
        "addr:street": "شارع الصالح ايوب",
        "addr:street:en": "Al Saleh Ayoub Street",
        "addr:subdistrict": "الجبلايه",
        "addr:subdistrict:en": "El Gabalayya",
        "building": "yes",
        "country": "AR",
        "diplomatic": "embassy",
        "embassy": "yes",
        "name": "سفارة الأرجنتين",
        "name:ar": "سفارة الأرجنتين",
        "name:de": "Botschaft von Argentinien",
        "name:en": "Embassy of Argentina",
        "name:es": "Embajada de Argentina",
        "name:fr": "Ambassade d'Argentine",
        "office": "diplomatic",
        "opening_hours": "Su-Th 08:00-14:00",
        "phone": "+20227367765",
        "target": "EG",
        "website": "https://eegip.cancilleria.gob.ar",
        "wikidata": "Q110219885",
        "@geometry": "center"
      },
      "geometry": {
        "type": "Point",
        "coordinates": [
          31.218582,
          30.0598116
        ]
      },
      "id": "way/519168430"
    },
    {
      "type": "Feature",
      "properties": {
        "@id": "way/519168449",
        "addr:country": "EG",
        "addr:district": "الزمالك",
        "addr:district:en": "El Zamalek",
        "addr:housenumber": "4",
        "addr:postcode": "11568",
        "addr:province": "القاهرة",
        "addr:province:en": "Cairo",
        "addr:street": "شارع ابن زنكي",
        "addr:street:en": "Ibn Zanky Street",
        "addr:subdistrict": "الجبلايه",
        "addr:subdistrict:en": "El Gabalayya",
        "building": "yes",
        "country": "PA",
        "diplomatic": "embassy",
        "embassy": "yes",
        "level": "11",
        "name": "سفارة بنما",
        "name:en": "Embassy of Panama",
        "name:es": "Embajada de Panamá",
        "name:fr": "Ambassade du Panama",
        "office": "diplomatic",
        "phone": "+202-273-61093",
        "target": "EG",
        "website": "https://mire.gob.pa/ministerio/embajada-y-consulado/el-cairo-embajada-y-consulado-general-de-panama/",
        "wikidata": "Q111133541",
        "@geometry": "center"
      },
      "geometry": {
        "type": "Point",
        "coordinates": [
          31.2207889,
          30.0590215
        ]
      },
      "id": "way/519168449"
    },
    {
      "type": "Feature",
      "properties": {
        "@id": "way/519168464",
        "addr:city": "القاهرة",
        "addr:housenumber": "10",
        "addr:street": "شارع صلاح الدين",
        "alt_name": "سفارة المغرب",
        "alt_name:ar": "سفارة المغرب",
        "alt_name:de": "Botschaft von Marokko",
        "alt_name:es": "Embajada de Marruecos",
        "building": "yes",
        "country": "MA",
        "diplomatic": "embassy",
        "diplomatic:services:citizen_services": "yes",
        "diplomatic:services:immigrant_visas": "yes",
        "diplomatic:services:non-immigrant_visas": "yes",
        "email": "ambmorocco-egypt@maec.gov.ma",
        "embassy": "yes",
        "fax": "+(20) 2 27 36 19 37",
        "name": "سفارة المملكة المغربية في مصر",
        "name:ar": "سفارة المملكة المغربية في مصر",
        "name:de": "Botschaft des Königreichs Marokko in Ägypten",
        "name:en": "Embassy of the Kingdom of Morocco in Egypt",
        "name:es": "Embajada del Reino de Marruecos en Egipto",
        "name:fr": "Ambassade du Royaume du Maroc en Égypte",
        "office": "diplomatic",
        "phone": "+(20) 2 27 35 96 77",
        "roof:shape": "flat",
        "target": "EG",
        "@geometry": "center"
      },
      "geometry": {
        "type": "Point",
        "coordinates": [
          31.2187591,
          30.0583364
        ]
      },
      "id": "way/519168464"
    },
    {
      "type": "Feature",
      "properties": {
        "@id": "way/519168504",
        "addr:city": "القاهرة",
        "addr:country": "EG",
        "addr:district": "الزمالك",
        "addr:district:en": "El Zamalek",
        "addr:housenumber": "12",
        "addr:postcode": "11568",
        "addr:province": "القاهرة",
        "addr:province:en": "Cairo",
        "addr:street": "شارع حسن صبري",
        "addr:street:en": "Hassan Sabry Street",
        "addr:subdistrict": "الجبلايه",
        "addr:subdistrict:en": "El Gabalayya",
        "building": "yes",
        "country": "DK",
        "diplomatic": "embassy",
        "embassy": "yes",
        "name": "سفارة الدنمارك",
        "name:ar": "سفارة الدنمارك",
        "name:de": "Botschaft von Dänemark",
        "name:en": "Embassy of Denmark",
        "name:es": "Embajada de Dinamarca",
        "name:fr": "Ambassade du Danemark",
        "office": "diplomatic",
        "roof:shape": "flat",
        "target": "EG",
        "@geometry": "center"
      },
      "geometry": {
        "type": "Point",
        "coordinates": [
          31.2200967,
          30.057071
        ]
      },
      "id": "way/519168504"
    },
    {
      "type": "Feature",
      "properties": {
        "@id": "way/524099274",
        "barrier": "fence",
        "frequency": "50",
        "name": "محطة بني سويف المركبة",
        "name:en": "Beni Suef Combined Cycle Power Plant",
        "operator": "Egyptian Electricity Holding Company (EEHC)",
        "plant:method": "combustion",
        "plant:output:electricity": "4800 MW",
        "plant:source": "gas",
        "plant:type": "combined_cycle",
        "power": "plant",
        "source": "http://www.moee.gov.eg/english_new/EEHC_Rep/2017-2018en.pdf",
        "start_date": "2017",
        "wikidata": "Q56360332",
        "@geometry": "center"
      },
      "geometry": {
        "type": "Point",
        "coordinates": [
          31.0067332,
          28.9203118
        ]
      },
      "id": "way/524099274"
    },
    {
      "type": "Feature",
      "properties": {
        "@id": "way/524099296",
        "name": "محطة جنوب حلوان",
        "name:en": "South Helwan power plant",
        "operator": "Upper Egypt Electricity Production Company",
        "plant:method": "combustion",
        "plant:output:electricity": "1950 MW",
        "plant:source": "gas",
        "power": "plant",
        "start_date": "2019",
        "wikidata": "Q56360377",
        "@geometry": "center"
      },
      "geometry": {
        "type": "Point",
        "coordinates": [
          31.2169956,
          29.2185108
        ]
      },
      "id": "way/524099296"
    },
    {
      "type": "Feature",
      "properties": {
        "@id": "way/540132994",
        "layer": "1",
        "office": "government",
        "@geometry": "center"
      },
      "geometry": {
        "type": "Point",
        "coordinates": [
          30.9944967,
          29.9744607
        ]
      },
      "id": "way/540132994"
    },
    {
      "type": "Feature",
      "properties": {
        "@id": "way/547646546",
        "building": "yes",
        "country": "FR",
        "diplomatic": "embassy",
        "embassy": "yes",
        "name": "السفارة الفرنسية",
        "name:ar": "السفارة الفرنسية",
        "name:en": "French Embassy",
        "name:es": "Embajada de Francia",
        "office": "diplomatic",
        "phone": "+20235673200",
        "website": "https://eg.ambafrance.org/",
        "@geometry": "center"
      },
      "geometry": {
        "type": "Point",
        "coordinates": [
          31.217339,
          30.0234915
        ]
      },
      "id": "way/547646546"
    },
    {
      "type": "Feature",
      "properties": {
        "@id": "way/547653397",
        "building": "yes",
        "government": "education",
        "name": "شئون الطلاب",
        "name:ar": "شئون الطلاب",
        "name:en": "Students Affairs",
        "office": "government",
        "@geometry": "center"
      },
      "geometry": {
        "type": "Point",
        "coordinates": [
          31.2288249,
          30.0299409
        ]
      },
      "id": "way/547653397"
    },
    {
      "type": "Feature",
      "properties": {
        "@id": "way/547653398",
        "building": "university",
        "name": "مركز المؤتمرات وقاعات الامتحانات",
        "name:ar": "مركز المؤتمرات وقاعات الامتحانات",
        "name:en": "Conference Centre and Exam Halls",
        "office": "government",
        "@geometry": "center"
      },
      "geometry": {
        "type": "Point",
        "coordinates": [
          31.2275793,
          30.0304373
        ]
      },
      "id": "way/547653398"
    },
    {
      "type": "Feature",
      "properties": {
        "@id": "way/547716820",
        "building": "yes",
        "office": "government",
        "@geometry": "center"
      },
      "geometry": {
        "type": "Point",
        "coordinates": [
          31.0975955,
          29.9703358
        ]
      },
      "id": "way/547716820"
    },
    {
      "type": "Feature",
      "properties": {
        "@id": "way/561074049",
        "plant:method": "photovoltaic",
        "plant:output:electricity": "yes",
        "plant:source": "solar",
        "power": "plant",
        "@geometry": "center"
      },
      "geometry": {
        "type": "Point",
        "coordinates": [
          28.1996834,
          27.057523
        ]
      },
      "id": "way/561074049"
    },
    {
      "type": "Feature",
      "properties": {
        "@id": "way/562659622",
        "addr:city": "دسوق",
        "addr:postcode": "33612",
        "addr:street": "كورنيش النيل",
        "amenity": "police",
        "building": "yes",
        "name": "قسم شرطة دسوق للإنقاذ النهري",
        "name:ar": "قسم شرطة دسوق للإنقاذ النهري",
        "opening_hours": "24/7",
        "operator": "وزارة الداخلية",
        "@geometry": "center"
      },
      "geometry": {
        "type": "Point",
        "coordinates": [
          30.6423456,
          31.1271474
        ]
      },
      "id": "way/562659622"
    },
    {
      "type": "Feature",
      "properties": {
        "@id": "way/567455016",
        "addr:housenumber": "4",
        "addr:street": "شارع الدقى",
        "building": "yes",
        "contact:email": "cairo@embassy.mzv.cz",
        "contact:phone": "+ 20 2 3333 9702",
        "country": "CZ",
        "diplomatic": "embassy",
        "embassy": "yes",
        "name": "سفارة جمهورية التشيك",
        "name:ar": "السفارة التشيكية",
        "name:cs": "Velvyslanectví České republiky",
        "name:en": "Embassy of the Czech republic",
        "name:fr": "Ambassade de Tchéquie",
        "office": "diplomatic",
        "opening_hours": "Su-Th 08:00-16:30",
        "phone": "+20 2 3333 9700",
        "target": "EG",
        "website": "https://www.mzv.cz/cairo",
        "wikidata": "Q107051207",
        "@geometry": "center"
      },
      "geometry": {
        "type": "Point",
        "coordinates": [
          31.2117157,
          30.0313595
        ]
      },
      "id": "way/567455016"
    },
    {
      "type": "Feature",
      "properties": {
        "@id": "node/570066374",
        "amenity": "police"
      },
      "geometry": {
        "type": "Point",
        "coordinates": [
          31.7298497,
          30.3058031
        ]
      },
      "id": "node/570066374"
    },
    {
      "type": "Feature",
      "properties": {
        "@id": "node/570069202",
        "amenity": "police",
        "name": "محكمة العاشر",
        "name:ar": "محكمة العاشر"
      },
      "geometry": {
        "type": "Point",
        "coordinates": [
          31.7410678,
          30.2880542
        ]
      },
      "id": "node/570069202"
    },
    {
      "type": "Feature",
      "properties": {
        "@id": "node/573794405",
        "amenity": "police"
      },
      "geometry": {
        "type": "Point",
        "coordinates": [
          31.0454315,
          30.0423666
        ]
      },
      "id": "node/573794405"
    },
    {
      "type": "Feature",
      "properties": {
        "@id": "node/574323540",
        "name": "مركز الخدمات التكنولوجية",
        "name:ar": "مركز الخدمات التكنولوجية",
        "name:en": "Technological Services Centre",
        "office": "government"
      },
      "geometry": {
        "type": "Point",
        "coordinates": [
          31.0196176,
          30.0680507
        ]
      },
      "id": "node/574323540"
    },
    {
      "type": "Feature",
      "properties": {
        "@id": "node/574323553",
        "name": "وزارة الاتصالات وتكنولوجيا المعلومات",
        "name:ar": "وزارة الاتصالات وتكنولوجيا المعلومات",
        "name:en": "Ministry of Communications and Information Technology",
        "office": "government"
      },
      "geometry": {
        "type": "Point",
        "coordinates": [
          31.0240573,
          30.0656289
        ]
      },
      "id": "node/574323553"
    },
    {
      "type": "Feature",
      "properties": {
        "@id": "node/574323558",
        "name": "مركز توثيق التراث الحضاري والطبيعي",
        "name:ar": "مركز توثيق التراث الحضاري والطبيعي",
        "name:en": "Center For Documentation Of Cultural And Natural Heritagea",
        "office": "government"
      },
      "geometry": {
        "type": "Point",
        "coordinates": [
          31.0227805,
          30.0662557
        ]
      },
      "id": "node/574323558"
    },
    {
      "type": "Feature",
      "properties": {
        "@id": "node/574323567",
        "name": "الجهاز القومي لتنظيم الاتصالات",
        "name:ar": "الجهاز القومي لتنظيم الاتصالات",
        "name:en": "National Telecommunications Regulatory Authority",
        "name:fr": "Autorité nationale de Régulation des Télécommunications",
        "office": "government",
        "short_name": "NTRA",
        "wikidata": "Q30264161"
      },
      "geometry": {
        "type": "Point",
        "coordinates": [
          31.0215735,
          30.0670171
        ]
      },
      "id": "node/574323567"
    },
    {
      "type": "Feature",
      "properties": {
        "@id": "way/587686813",
        "addr:city": "دسوق",
        "addr:street": "التحرير",
        "amenity": "police",
        "building": "yes",
        "name": "قسم شرطة دسوق",
        "name:ar": "قسم شرطة دسوق",
        "name:en": "Desouk Police Station",
        "opening_hours": "24/7",
        "operator": "وزارة الداخلية",
        "@geometry": "center"
      },
      "geometry": {
        "type": "Point",
        "coordinates": [
          30.645188,
          31.1323595
        ]
      },
      "id": "way/587686813"
    },
    {
      "type": "Feature",
      "properties": {
        "@id": "way/588328510",
        "building": "yes",
        "office": "government",
        "@geometry": "center"
      },
      "geometry": {
        "type": "Point",
        "coordinates": [
          30.6579399,
          31.1387132
        ]
      },
      "id": "way/588328510"
    },
    {
      "type": "Feature",
      "properties": {
        "@id": "node/588785956",
        "amenity": "police"
      },
      "geometry": {
        "type": "Point",
        "coordinates": [
          31.740345,
          30.3007815
        ]
      },
      "id": "node/588785956"
    },
    {
      "type": "Feature",
      "properties": {
        "@id": "way/589506567",
        "addr:city": "دسوق",
        "amenity": "police",
        "name": "وحدة مرور دسوق",
        "name:ar": "وحدة مرور دسوق",
        "office": "government",
        "@geometry": "center"
      },
      "geometry": {
        "type": "Point",
        "coordinates": [
          30.6515079,
          31.1387882
        ]
      },
      "id": "way/589506567"
    },
    {
      "type": "Feature",
      "properties": {
        "@id": "way/591870157",
        "plant:method": "photovoltaic",
        "plant:source": "solar",
        "power": "plant",
        "@geometry": "center"
      },
      "geometry": {
        "type": "Point",
        "coordinates": [
          30.3602831,
          23.9808186
        ]
      },
      "id": "way/591870157"
    },
    {
      "type": "Feature",
      "properties": {
        "@id": "node/595353725",
        "amenity": "police",
        "name": "Military"
      },
      "geometry": {
        "type": "Point",
        "coordinates": [
          27.173729,
          31.3553952
        ]
      },
      "id": "node/595353725"
    },
    {
      "type": "Feature",
      "properties": {
        "@id": "node/595353727",
        "amenity": "police",
        "name": "Traffic"
      },
      "geometry": {
        "type": "Point",
        "coordinates": [
          27.2045673,
          31.3551759
        ]
      },
      "id": "node/595353727"
    },
    {
      "type": "Feature",
      "properties": {
        "@id": "way/601415713",
        "landuse": "industrial",
        "name": "سد أسيوط الجديد",
        "name:ar": "سد أسيوط الجديد",
        "name:en": "New Asyut Barrage",
        "name:fr": "Nouveau barrage d’Assiout",
        "operator": "Ministry of Irrigation",
        "plant:method": "run-of-the-river",
        "plant:output:electricity": "32 MW",
        "plant:source": "hydro",
        "power": "plant",
        "source": "http://www.moee.gov.eg/english_new/EEHC_Rep/2017-2018en.pdf",
        "wikidata": "Q4809094",
        "wikipedia": "en:Assiut Barrage",
        "@geometry": "center"
      },
      "geometry": {
        "type": "Point",
        "coordinates": [
          31.1883598,
          27.206231
        ]
      },
      "id": "way/601415713"
    },
    {
      "type": "Feature",
      "properties": {
        "@id": "way/602186664",
        "building": "yes",
        "plant:source": "solar",
        "power": "plant",
        "@geometry": "center"
      },
      "geometry": {
        "type": "Point",
        "coordinates": [
          31.7857757,
          31.4587029
        ]
      },
      "id": "way/602186664"
    },
    {
      "type": "Feature",
      "properties": {
        "@id": "way/602277856",
        "amenity": "prison",
        "@geometry": "center"
      },
      "geometry": {
        "type": "Point",
        "coordinates": [
          29.9214855,
          31.1972446
        ]
      },
      "id": "way/602277856"
    },
    {
      "type": "Feature",
      "properties": {
        "@id": "way/603133629",
        "building": "yes",
        "man_made": "water_works",
        "@geometry": "center"
      },
      "geometry": {
        "type": "Point",
        "coordinates": [
          30.6354457,
          31.1392458
        ]
      },
      "id": "way/603133629"
    },
    {
      "type": "Feature",
      "properties": {
        "@id": "way/603133630",
        "building": "yes",
        "man_made": "water_works",
        "@geometry": "center"
      },
      "geometry": {
        "type": "Point",
        "coordinates": [
          30.6353407,
          31.138695
        ]
      },
      "id": "way/603133630"
    },
    {
      "type": "Feature",
      "properties": {
        "@id": "way/603133632",
        "building": "yes",
        "man_made": "water_works",
        "@geometry": "center"
      },
      "geometry": {
        "type": "Point",
        "coordinates": [
          30.6350685,
          31.1390738
        ]
      },
      "id": "way/603133632"
    },
    {
      "type": "Feature",
      "properties": {
        "@id": "way/603133633",
        "building": "yes",
        "man_made": "water_works",
        "@geometry": "center"
      },
      "geometry": {
        "type": "Point",
        "coordinates": [
          30.6347225,
          31.1394067
        ]
      },
      "id": "way/603133633"
    },
    {
      "type": "Feature",
      "properties": {
        "@id": "way/603133634",
        "building": "yes",
        "man_made": "water_works",
        "@geometry": "center"
      },
      "geometry": {
        "type": "Point",
        "coordinates": [
          30.6359398,
          31.1396338
        ]
      },
      "id": "way/603133634"
    },
    {
      "type": "Feature",
      "properties": {
        "@id": "way/603133635",
        "building": "yes",
        "man_made": "water_works",
        "@geometry": "center"
      },
      "geometry": {
        "type": "Point",
        "coordinates": [
          30.6347764,
          31.1396929
        ]
      },
      "id": "way/603133635"
    },
    {
      "type": "Feature",
      "properties": {
        "@id": "way/603133636",
        "building": "yes",
        "man_made": "water_works",
        "@geometry": "center"
      },
      "geometry": {
        "type": "Point",
        "coordinates": [
          30.6349423,
          31.139541
        ]
      },
      "id": "way/603133636"
    },
    {
      "type": "Feature",
      "properties": {
        "@id": "way/603133637",
        "building": "yes",
        "man_made": "water_works",
        "@geometry": "center"
      },
      "geometry": {
        "type": "Point",
        "coordinates": [
          30.6345737,
          31.1399146
        ]
      },
      "id": "way/603133637"
    },
    {
      "type": "Feature",
      "properties": {
        "@id": "way/603133638",
        "building": "yes",
        "man_made": "water_works",
        "@geometry": "center"
      },
      "geometry": {
        "type": "Point",
        "coordinates": [
          30.6345441,
          31.1395494
        ]
      },
      "id": "way/603133638"
    },
    {
      "type": "Feature",
      "properties": {
        "@id": "way/603475566",
        "man_made": "water_works",
        "@geometry": "center"
      },
      "geometry": {
        "type": "Point",
        "coordinates": [
          30.6520246,
          31.1310975
        ]
      },
      "id": "way/603475566"
    },
    {
      "type": "Feature",
      "properties": {
        "@id": "way/603475567",
        "man_made": "water_works",
        "@geometry": "center"
      },
      "geometry": {
        "type": "Point",
        "coordinates": [
          30.6520464,
          31.1309547
        ]
      },
      "id": "way/603475567"
    },
    {
      "type": "Feature",
      "properties": {
        "@id": "way/603475568",
        "man_made": "water_works",
        "@geometry": "center"
      },
      "geometry": {
        "type": "Point",
        "coordinates": [
          30.6520724,
          31.1308064
        ]
      },
      "id": "way/603475568"
    },
    {
      "type": "Feature",
      "properties": {
        "@id": "way/603475579",
        "addr:city": "دسوق",
        "man_made": "water_works",
        "name": "محطة إنتاج مياه دسوق",
        "name:ar": "محطة إنتاج مياه دسوق",
        "@geometry": "center"
      },
      "geometry": {
        "type": "Point",
        "coordinates": [
          30.6521921,
          31.1311713
        ]
      },
      "id": "way/603475579"
    },
    {
      "type": "Feature",
      "properties": {
        "@id": "node/604136302",
        "amenity": "police"
      },
      "geometry": {
        "type": "Point",
        "coordinates": [
          31.3250853,
          29.8452819
        ]
      },
      "id": "node/604136302"
    },
    {
      "type": "Feature",
      "properties": {
        "@id": "way/626274507",
        "addr:street": "شارع المحافظه",
        "building": "yes",
        "name": "مبنى المحافظة",
        "name:ar": "ميني المحافظة",
        "office": "government",
        "@geometry": "center"
      },
      "geometry": {
        "type": "Point",
        "coordinates": [
          30.944284,
          31.1071684
        ]
      },
      "id": "way/626274507"
    },
    {
      "type": "Feature",
      "properties": {
        "@id": "way/628090039",
        "landuse": "industrial",
        "name": "ETHYDCO Power Plant",
        "name:en": "ETHYDCO Power Plant",
        "operator": "ETHYDCO",
        "plant:method": "combustion",
        "plant:output:electricity": "150 MW",
        "plant:source": "gas",
        "power": "plant",
        "source": "https://www.gem.wiki/Ethydco_power_station",
        "wikidata": "Q56360130",
        "@geometry": "center"
      },
      "geometry": {
        "type": "Point",
        "coordinates": [
          29.8350357,
          31.0175501
        ]
      },
      "id": "way/628090039"
    },
    {
      "type": "Feature",
      "properties": {
        "@id": "way/642043123",
        "amenity": "police",
        "barrier": "wall",
        "@geometry": "center"
      },
      "geometry": {
        "type": "Point",
        "coordinates": [
          31.0472804,
          30.0416624
        ]
      },
      "id": "way/642043123"
    },
    {
      "type": "Feature",
      "properties": {
        "@id": "way/647244725",
        "building": "yes",
        "consulate": "consulate_general",
        "country": "NO",
        "diplomatic": "consulate",
        "office": "diplomatic",
        "target": "EG",
        "@geometry": "center"
      },
      "geometry": {
        "type": "Point",
        "coordinates": [
          29.9136352,
          31.1983378
        ]
      },
      "id": "way/647244725"
    },
    {
      "type": "Feature",
      "properties": {
        "@id": "way/647388062",
        "alt_name": "الأوكتاجون",
        "alt_name:ar": "مركز قيادة الدولة الإستراتيجي (مصر)",
        "alt_name:en": "The State Strategic Command Center",
        "barrier": "wall",
        "boundary": "administrative",
        "government": "ministry",
        "landuse": "military",
        "name": "مركز قيادة الدولة الإستراتيجي (مصر)",
        "name:de": "Octagon",
        "name:en": "The Octagon",
        "name:es": "El Octágono",
        "name:fr": "L'Octogone",
        "name:he": "האוקטגון",
        "office": "government",
        "operator": "وزارة الدفاع",
        "operator:en": "Egyptian Ministry of Defense",
        "place": "neighbourhood",
        "@geometry": "center"
      },
      "geometry": {
        "type": "Point",
        "coordinates": [
          31.6339286,
          29.9514185
        ]
      },
      "id": "way/647388062"
    },
    {
      "type": "Feature",
      "properties": {
        "@id": "way/647750289",
        "addr:street": "شارع الدكتور إبراهيم عبد السيد",
        "building": "yes",
        "consulate": "yes",
        "contact:email": "consulate.alexandria@mfa.gov.tr",
        "contact:fax": "+20 3 3990725",
        "contact:phone": "+20 3 3990700",
        "contact:website": "https://iskenderiye-bk.mfa.gov.tr/",
        "country": "TR",
        "diplomatic": "consulate",
        "name": "Turkish Consulate",
        "name:ar": "السفارة التركية",
        "name:en": "Turkish Consulate",
        "name:fr": "Consulat de Turquie",
        "name:tr": "Türkiye Başkonsolosluğu",
        "office": "diplomatic",
        "official_name:en": "Turkish Consulate General in Alexandria",
        "official_name:tr": "Türkiye Cumhuriyeti İskenderiye Başkonsolosluğu",
        "opening_hours": "Su-Th 09:00-15:00",
        "target": "EG",
        "wikidata": "Q112630514",
        "@geometry": "center"
      },
      "geometry": {
        "type": "Point",
        "coordinates": [
          29.9123295,
          31.1987765
        ]
      },
      "id": "way/647750289"
    },
    {
      "type": "Feature",
      "properties": {
        "@id": "way/648005408",
        "addr:city": "Giza",
        "addr:housenumber": "B124",
        "building": "yes",
        "name": "National Telecom Regulary Authority",
        "office": "government",
        "website": "https://tra.gov.eg",
        "@geometry": "center"
      },
      "geometry": {
        "type": "Point",
        "coordinates": [
          31.0188317,
          30.0783225
        ]
      },
      "id": "way/648005408"
    },
    {
      "type": "Feature",
      "properties": {
        "@id": "way/648268514",
        "government": "yes",
        "office": "government",
        "@geometry": "center"
      },
      "geometry": {
        "type": "Point",
        "coordinates": [
          31.5945637,
          30.8432
        ]
      },
      "id": "way/648268514"
    },
    {
      "type": "Feature",
      "properties": {
        "@id": "way/648268523",
        "office": "government",
        "@geometry": "center"
      },
      "geometry": {
        "type": "Point",
        "coordinates": [
          31.6491755,
          30.9133633
        ]
      },
      "id": "way/648268523"
    },
    {
      "type": "Feature",
      "properties": {
        "@id": "way/659119039",
        "barrier": "border_control",
        "building": "yes",
        "@geometry": "center"
      },
      "geometry": {
        "type": "Point",
        "coordinates": [
          33.8987218,
          27.000682
        ]
      },
      "id": "way/659119039"
    },
    {
      "type": "Feature",
      "properties": {
        "@id": "node/663080359",
        "alt_name": "حدائق زينهم",
        "amenity": "police",
        "name": "حدائق زينهم",
        "name:ar": "حدائق زينهم",
        "name:en": "Hadaeq Zeinhom"
      },
      "geometry": {
        "type": "Point",
        "coordinates": [
          31.2441646,
          30.0207582
        ]
      },
      "id": "node/663080359"
    },
    {
      "type": "Feature",
      "properties": {
        "@id": "way/668056885",
        "amenity": "police",
        "@geometry": "center"
      },
      "geometry": {
        "type": "Point",
        "coordinates": [
          36.7574396,
          22.0057348
        ]
      },
      "id": "way/668056885"
    },
    {
      "type": "Feature",
      "properties": {
        "@id": "way/668056888",
        "amenity": "police",
        "@geometry": "center"
      },
      "geometry": {
        "type": "Point",
        "coordinates": [
          36.7882854,
          22.0038599
        ]
      },
      "id": "way/668056888"
    },
    {
      "type": "Feature",
      "properties": {
        "@id": "way/668056897",
        "amenity": "police",
        "@geometry": "center"
      },
      "geometry": {
        "type": "Point",
        "coordinates": [
          36.8103022,
          22.0000862
        ]
      },
      "id": "way/668056897"
    },
    {
      "type": "Feature",
      "properties": {
        "@id": "way/668056905",
        "amenity": "police",
        "@geometry": "center"
      },
      "geometry": {
        "type": "Point",
        "coordinates": [
          36.8728773,
          21.9952405
        ]
      },
      "id": "way/668056905"
    },
    {
      "type": "Feature",
      "properties": {
        "@id": "way/668056919",
        "amenity": "police",
        "@geometry": "center"
      },
      "geometry": {
        "type": "Point",
        "coordinates": [
          36.86642,
          22.0736322
        ]
      },
      "id": "way/668056919"
    },
    {
      "type": "Feature",
      "properties": {
        "@id": "way/668056924",
        "amenity": "police",
        "@geometry": "center"
      },
      "geometry": {
        "type": "Point",
        "coordinates": [
          36.8131734,
          22.1163878
        ]
      },
      "id": "way/668056924"
    },
    {
      "type": "Feature",
      "properties": {
        "@id": "way/668056945",
        "amenity": "police",
        "@geometry": "center"
      },
      "geometry": {
        "type": "Point",
        "coordinates": [
          36.6979531,
          22.1839631
        ]
      },
      "id": "way/668056945"
    },
    {
      "type": "Feature",
      "properties": {
        "@id": "way/668056989",
        "name": "Halayeb Solar Power Station",
        "name:en": "Halayeb Solar Power Station",
        "plant:method": "photovoltaic",
        "plant:output:electricity": "1 MW",
        "plant:source": "solar",
        "power": "plant",
        "source": "https://masdar.ae/en/renewables/our-projects/red-sea-solar-pv-plants",
        "start_date": "2016",
        "@geometry": "center"
      },
      "geometry": {
        "type": "Point",
        "coordinates": [
          36.6678326,
          22.1746791
        ]
      },
      "id": "way/668056989"
    },
    {
      "type": "Feature",
      "properties": {
        "@id": "way/668057107",
        "amenity": "police",
        "@geometry": "center"
      },
      "geometry": {
        "type": "Point",
        "coordinates": [
          36.6757006,
          22.2030796
        ]
      },
      "id": "way/668057107"
    },
    {
      "type": "Feature",
      "properties": {
        "@id": "way/668057134",
        "amenity": "police",
        "@geometry": "center"
      },
      "geometry": {
        "type": "Point",
        "coordinates": [
          36.5859781,
          22.2709953
        ]
      },
      "id": "way/668057134"
    },
    {
      "type": "Feature",
      "properties": {
        "@id": "way/668057137",
        "amenity": "police",
        "@geometry": "center"
      },
      "geometry": {
        "type": "Point",
        "coordinates": [
          36.5895288,
          22.2473387
        ]
      },
      "id": "way/668057137"
    },
    {
      "type": "Feature",
      "properties": {
        "@id": "way/668057144",
        "amenity": "police",
        "@geometry": "center"
      },
      "geometry": {
        "type": "Point",
        "coordinates": [
          36.5106658,
          22.3052165
        ]
      },
      "id": "way/668057144"
    },
    {
      "type": "Feature",
      "properties": {
        "@id": "way/668057149",
        "amenity": "police",
        "@geometry": "center"
      },
      "geometry": {
        "type": "Point",
        "coordinates": [
          36.4984305,
          22.3265153
        ]
      },
      "id": "way/668057149"
    },
    {
      "type": "Feature",
      "properties": {
        "@id": "way/668057161",
        "amenity": "police",
        "@geometry": "center"
      },
      "geometry": {
        "type": "Point",
        "coordinates": [
          36.4184951,
          22.3410644
        ]
      },
      "id": "way/668057161"
    },
    {
      "type": "Feature",
      "properties": {
        "@id": "way/668152451",
        "amenity": "police",
        "@geometry": "center"
      },
      "geometry": {
        "type": "Point",
        "coordinates": [
          36.6670371,
          22.0139427
        ]
      },
      "id": "way/668152451"
    },
    {
      "type": "Feature",
      "properties": {
        "@id": "way/668152456",
        "amenity": "police",
        "@geometry": "center"
      },
      "geometry": {
        "type": "Point",
        "coordinates": [
          36.6194773,
          22.0074117
        ]
      },
      "id": "way/668152456"
    },
    {
      "type": "Feature",
      "properties": {
        "@id": "way/668158942",
        "amenity": "police",
        "@geometry": "center"
      },
      "geometry": {
        "type": "Point",
        "coordinates": [
          34.2694479,
          22.0018069
        ]
      },
      "id": "way/668158942"
    },
    {
      "type": "Feature",
      "properties": {
        "@id": "way/668158944",
        "amenity": "police",
        "@geometry": "center"
      },
      "geometry": {
        "type": "Point",
        "coordinates": [
          34.288162,
          22.0063661
        ]
      },
      "id": "way/668158944"
    },
    {
      "type": "Feature",
      "properties": {
        "@id": "way/668158956",
        "amenity": "police",
        "@geometry": "center"
      },
      "geometry": {
        "type": "Point",
        "coordinates": [
          34.4658412,
          22.0568422
        ]
      },
      "id": "way/668158956"
    },
    {
      "type": "Feature",
      "properties": {
        "@id": "way/668158958",
        "amenity": "police",
        "@geometry": "center"
      },
      "geometry": {
        "type": "Point",
        "coordinates": [
          34.4419373,
          22.0682387
        ]
      },
      "id": "way/668158958"
    },
    {
      "type": "Feature",
      "properties": {
        "@id": "way/668158964",
        "amenity": "police",
        "@geometry": "center"
      },
      "geometry": {
        "type": "Point",
        "coordinates": [
          34.6101292,
          22.0015098
        ]
      },
      "id": "way/668158964"
    },
    {
      "type": "Feature",
      "properties": {
        "@id": "way/668159038",
        "amenity": "police",
        "@geometry": "center"
      },
      "geometry": {
        "type": "Point",
        "coordinates": [
          35.8215845,
          22.0016185
        ]
      },
      "id": "way/668159038"
    },
    {
      "type": "Feature",
      "properties": {
        "@id": "way/672531736",
        "office": "government",
        "@geometry": "center"
      },
      "geometry": {
        "type": "Point",
        "coordinates": [
          32.4522177,
          29.9113747
        ]
      },
      "id": "way/672531736"
    },
    {
      "type": "Feature",
      "properties": {
        "@id": "way/672629711",
        "office": "government",
        "@geometry": "center"
      },
      "geometry": {
        "type": "Point",
        "coordinates": [
          32.4575617,
          29.8888209
        ]
      },
      "id": "way/672629711"
    },
    {
      "type": "Feature",
      "properties": {
        "@id": "node/682360397",
        "alt_name": "سفارة جورجيا",
        "country": "GE",
        "diplomatic": "embassy",
        "embassy": "yes",
        "name": "سفارة جورجيا",
        "name:ar": "سفارة جورجيا",
        "name:en": "Embassy of Georgia",
        "name:fr": "Ambassade de Géorgie",
        "office": "diplomatic",
        "target": "EG"
      },
      "geometry": {
        "type": "Point",
        "coordinates": [
          31.2091495,
          30.0549661
        ]
      },
      "id": "node/682360397"
    },
    {
      "type": "Feature",
      "properties": {
        "@id": "way/686194626",
        "addr:city": "القاهرة",
        "addr:housenumber": "5",
        "addr:street": "شارع توفيق دياب",
        "country": "US",
        "diplomatic": "embassy",
        "embassy": "yes",
        "name": "Embassy of the United States",
        "name:ar": "سفارة الولايات المتحدة الامريكية",
        "name:fa": "سفارت ایالات متحده آمریکا",
        "name:fr": "Ambassade des États-Unis",
        "office": "diplomatic",
        "phone": "+20-2 2797 3300",
        "target": "EG",
        "website": "https://eg.usembassy.gov",
        "wikidata": "Q40993180",
        "@geometry": "center"
      },
      "geometry": {
        "type": "Point",
        "coordinates": [
          31.2336206,
          30.0410424
        ]
      },
      "id": "way/686194626"
    },
    {
      "type": "Feature",
      "properties": {
        "@id": "way/687962709",
        "man_made": "water_works",
        "name": "محطة مياه سنجها",
        "name:ar": "محطة مياه سنجها",
        "@geometry": "center"
      },
      "geometry": {
        "type": "Point",
        "coordinates": [
          31.6270559,
          30.8225221
        ]
      },
      "id": "way/687962709"
    },
    {
      "type": "Feature",
      "properties": {
        "@id": "way/690414940",
        "man_made": "water_works",
        "@geometry": "center"
      },
      "geometry": {
        "type": "Point",
        "coordinates": [
          31.5242856,
          31.4355581
        ]
      },
      "id": "way/690414940"
    },
    {
      "type": "Feature",
      "properties": {
        "@id": "way/690414941",
        "man_made": "water_works",
        "@geometry": "center"
      },
      "geometry": {
        "type": "Point",
        "coordinates": [
          31.7268225,
          31.3806785
        ]
      },
      "id": "way/690414941"
    },
    {
      "type": "Feature",
      "properties": {
        "@id": "way/693099428",
        "addr:city": "Cairo",
        "addr:housenumber": "20",
        "addr:postcode": "11511",
        "addr:street": "Kamal El-Shinawy",
        "alt_name:de": "Belgische Botschaft",
        "alt_name:en": "Belgian embassy",
        "alt_name:fr": "Ambassade belge",
        "alt_name:nl": "Belgische ambassade",
        "building": "yes",
        "contact:facebook": "https://www.facebook.com/belgianembassycairo/",
        "contact:twitter": "https://twitter.com/belgiumcairo",
        "country": "BE",
        "diplomatic": "embassy",
        "embassy": "yes",
        "name": "سفارة بلجيكا",
        "name:ar": "سفارة بلجيكا",
        "name:de": "Botschaft von Belgien",
        "name:en": "Embassy of Belgium",
        "name:fr": "Ambassade de Belgique",
        "name:nl": "Ambassade van België",
        "office": "diplomatic",
        "roof:shape": "flat",
        "target": "EG;SD",
        "website": "https://egypt.diplomatie.belgium.be/",
        "@geometry": "center"
      },
      "geometry": {
        "type": "Point",
        "coordinates": [
          31.2326931,
          30.0390961
        ]
      },
      "id": "way/693099428"
    },
    {
      "type": "Feature",
      "properties": {
        "@id": "way/694477324",
        "location": "surface",
        "name": "محطة بنبان للطاقة الشمسية",
        "name:ar": "محطة بنبان للطاقة الشمسية",
        "name:en": "Benban Solar Park",
        "name:fr": "Parc solaire de Benban",
        "name:tr": "Benban Güneş Enerji Santrali",
        "plant:method": "photovoltaic",
        "plant:output:electricity": "1465 MW",
        "plant:source": "solar",
        "plant:type": "solar_photovoltaic_panel",
        "power": "plant",
        "start_date": "2018",
        "wikidata": "Q48989519",
        "wikipedia": "en:Benban Solar Park",
        "@geometry": "center"
      },
      "geometry": {
        "type": "Point",
        "coordinates": [
          32.7197769,
          24.4254029
        ]
      },
      "id": "way/694477324"
    },
    {
      "type": "Feature",
      "properties": {
        "@id": "way/699095153",
        "barrier": "border_control",
        "building": "yes",
        "@geometry": "center"
      },
      "geometry": {
        "type": "Point",
        "coordinates": [
          31.1509883,
          22.0051676
        ]
      },
      "id": "way/699095153"
    },
    {
      "type": "Feature",
      "properties": {
        "@id": "way/699095154",
        "barrier": "border_control",
        "building": "yes",
        "@geometry": "center"
      },
      "geometry": {
        "type": "Point",
        "coordinates": [
          31.1511694,
          22.0010736
        ]
      },
      "id": "way/699095154"
    },
    {
      "type": "Feature",
      "properties": {
        "@id": "way/718476666",
        "man_made": "water_works",
        "@geometry": "center"
      },
      "geometry": {
        "type": "Point",
        "coordinates": [
          30.5243504,
          31.281812
        ]
      },
      "id": "way/718476666"
    },
    {
      "type": "Feature",
      "properties": {
        "@id": "way/721860140",
        "amenity": "police",
        "building": "yes",
        "name": "Madinaty Police Department",
        "@geometry": "center"
      },
      "geometry": {
        "type": "Point",
        "coordinates": [
          31.6419894,
          30.0841316
        ]
      },
      "id": "way/721860140"
    },
    {
      "type": "Feature",
      "properties": {
        "@id": "node/725553308",
        "alt_name": "العمرانية",
        "amenity": "police",
        "name:ar": "العمرانية",
        "name:en": "El-Omraneya"
      },
      "geometry": {
        "type": "Point",
        "coordinates": [
          31.1905471,
          29.9932019
        ]
      },
      "id": "node/725553308"
    },
    {
      "type": "Feature",
      "properties": {
        "@id": "node/725568291",
        "alt_name": "إمبابة",
        "amenity": "police",
        "name": "قسم شرطة إمبابة",
        "name:ar": "إمبابة",
        "name:en": "Imbaba Police Station"
      },
      "geometry": {
        "type": "Point",
        "coordinates": [
          31.2216795,
          30.0751231
        ]
      },
      "id": "node/725568291"
    },
    {
      "type": "Feature",
      "properties": {
        "@id": "node/739600478",
        "alt_name": "سفارة الإمارات العربية المتحدة",
        "country": "AE",
        "diplomatic": "embassy",
        "embassy": "yes",
        "name": "سفارة الإمارات العربية المتحدة",
        "name:ar": "سفارة الإمارات العربية المتحدة",
        "name:en": "Embassy of UAE",
        "name:fr": "Ambassade des Émirats Arabes Unis",
        "office": "diplomatic",
        "target": "EG"
      },
      "geometry": {
        "type": "Point",
        "coordinates": [
          31.3454271,
          30.0812036
        ]
      },
      "id": "node/739600478"
    },
    {
      "type": "Feature",
      "properties": {
        "@id": "node/754555425",
        "alt_name": "زقازيق رقم إثنين",
        "amenity": "police",
        "name": "زقازيق رقم إثنين",
        "name:ar": "زقازيق رقم إثنين",
        "name:en": "Zaqaziq 2"
      },
      "geometry": {
        "type": "Point",
        "coordinates": [
          31.5035101,
          30.5901908
        ]
      },
      "id": "node/754555425"
    },
    {
      "type": "Feature",
      "properties": {
        "@id": "node/754602927",
        "alt_name": "كرموز",
        "amenity": "police",
        "check_date": "2026-03-18",
        "name": "كرموز",
        "name:ar": "كرموز",
        "name:en": "Karmouz"
      },
      "geometry": {
        "type": "Point",
        "coordinates": [
          29.8993599,
          31.1819371
        ]
      },
      "id": "node/754602927"
    },
    {
      "type": "Feature",
      "properties": {
        "@id": "way/761734541",
        "addr:city": "القاهرة",
        "addr:country": "EG",
        "addr:district": "الزمالك",
        "addr:district:en": "El Zamalek",
        "addr:housenumber": "6",
        "addr:postcode": "11568",
        "addr:province": "القاهرة",
        "addr:province:en": "Cairo",
        "addr:street": "شارع زكريا رزق",
        "addr:street:en": "Zakareya Rezk Street",
        "addr:subdistrict": "عمر الخيام",
        "addr:subdistrict:en": "Omar El Khayam",
        "building": "yes",
        "country": "UY",
        "diplomatic": "embassy",
        "embassy": "yes",
        "level": "1",
        "name": "سفارة أوروغواي",
        "name:ar": "سفارة أوروغواي",
        "name:de": "Botschaft von Uruguay",
        "name:en": "Embassy of Uruguay",
        "name:es": "Embajada de Uruguay",
        "name:fr": "Ambassade d'Uruguay",
        "office": "diplomatic",
        "opening_hours": "Su-Th 09:30-15:30",
        "phone": "+2.02 2735.35.89",
        "roof:shape": "flat",
        "target": "EG",
        "wikidata": "Q110616199",
        "@geometry": "center"
      },
      "geometry": {
        "type": "Point",
        "coordinates": [
          31.2235229,
          30.057643
        ]
      },
      "id": "way/761734541"
    },
    {
      "type": "Feature",
      "properties": {
        "@id": "way/762929221",
        "addr:country": "EG",
        "addr:district": "الزمالك",
        "addr:district:en": "El Zamalek",
        "addr:housenumber": "18",
        "addr:postcode": "11568",
        "addr:province": "القاهرة",
        "addr:province:en": "Cairo",
        "addr:street": "شارع الموسيقار محمد عبد الوهاب",
        "addr:street:en": "Al Moseqare Mohamed Abd Al Wahab Street",
        "addr:subdistrict": "عمر الخيام",
        "addr:subdistrict:en": "Omar El Khayam",
        "building": "yes",
        "building:levels": "6",
        "country": "TN",
        "diplomatic": "embassy",
        "embassy": "yes",
        "name": "سفاره تونسيه",
        "name:ar": "سفاره تونسيه",
        "name:en": "Embassy of Tunisia",
        "name:fr": "Ambassade de Tunisie",
        "office": "diplomatic",
        "roof:shape": "flat",
        "target": "EG",
        "@geometry": "center"
      },
      "geometry": {
        "type": "Point",
        "coordinates": [
          31.2258644,
          30.0548141
        ]
      },
      "id": "way/762929221"
    },
    {
      "type": "Feature",
      "properties": {
        "@id": "way/765377074",
        "building": "yes",
        "name": "מעבר טאבה",
        "name:en": "Taba Border Control",
        "name:he": "מעבר טאבה",
        "office": "government",
        "wikidata": "Q2386953",
        "@geometry": "center"
      },
      "geometry": {
        "type": "Point",
        "coordinates": [
          34.9027875,
          29.4908014
        ]
      },
      "id": "way/765377074"
    },
    {
      "type": "Feature",
      "properties": {
        "@id": "way/765377076",
        "building": "yes",
        "name": "מעבר טאבה",
        "name:en": "Taba Border Control",
        "name:he": "מעבר טאבה",
        "office": "government",
        "wikidata": "Q2386953",
        "@geometry": "center"
      },
      "geometry": {
        "type": "Point",
        "coordinates": [
          34.9027387,
          29.4909629
        ]
      },
      "id": "way/765377076"
    },
    {
      "type": "Feature",
      "properties": {
        "@id": "way/767225421",
        "addr:city": "القاهرة",
        "addr:country": "EG",
        "addr:district": "الازبكيه",
        "addr:district:en": "Al Azbakeya",
        "addr:housenumber": "30",
        "addr:postcode": "11574",
        "addr:province": "القاهرة",
        "addr:province:en": "Cairo",
        "addr:street": "شارع رمسيس",
        "addr:street:en": "Ramsis Street",
        "addr:subdistrict": "عرابى التوفقية",
        "addr:subdistrict:en": "Orabi Al Tawfikeya",
        "building": "yes",
        "name": "نقابة التجاريين بالقاهرة",
        "name:ar": "نقابة التجاريين بالقاهرة",
        "office": "government",
        "roof:shape": "flat",
        "@geometry": "center"
      },
      "geometry": {
        "type": "Point",
        "coordinates": [
          31.2416558,
          30.0568358
        ]
      },
      "id": "way/767225421"
    },
    {
      "type": "Feature",
      "properties": {
        "@id": "way/767422880",
        "addr:city": "القاهرة",
        "addr:country": "EG",
        "addr:district": "قصر النيل",
        "addr:district:en": "Qasr Al Nile",
        "addr:housenumber": "33",
        "addr:postcode": "11519",
        "addr:province": "القاهرة",
        "addr:province:en": "Cairo",
        "addr:street": "شارع طلعت حرب",
        "addr:street:en": "Talaat Harb Street",
        "addr:subdistrict": "معروف",
        "addr:subdistrict:en": "Maarouf",
        "building": "yes",
        "building:levels": "13",
        "height": "39",
        "name": "المقاولون العرب",
        "name:ar": "المقاولون العرب",
        "name:en": "Arab contractors",
        "office": "government",
        "roof:shape": "flat",
        "@geometry": "center"
      },
      "geometry": {
        "type": "Point",
        "coordinates": [
          31.2412581,
          30.0510986
        ]
      },
      "id": "way/767422880"
    },
    {
      "type": "Feature",
      "properties": {
        "@id": "way/768013659",
        "amenity": "police",
        "building": "yes",
        "layer": "1",
        "name": "قسم شرطة العجوزة",
        "name:en": "Agouza Police Department",
        "roof:shape": "flat",
        "@geometry": "center"
      },
      "geometry": {
        "type": "Point",
        "coordinates": [
          31.2170304,
          30.0470238
        ]
      },
      "id": "way/768013659"
    },
    {
      "type": "Feature",
      "properties": {
        "@id": "way/768013687",
        "addr:country": "EG",
        "addr:district": "الدقى",
        "addr:district:en": "Al Doqi",
        "addr:housenumber": "24",
        "addr:postcode": "12611",
        "addr:province": "الجيزه",
        "addr:province:en": "Giza",
        "addr:street": "شارع عادل حسين رستم",
        "addr:street:en": "Adel Hussein Rostom Street",
        "addr:subdistrict": "سليمان جوهر",
        "addr:subdistrict:en": "Soliman Gohar",
        "building": "yes",
        "country": "FI",
        "diplomatic": "embassy",
        "embassy": "yes",
        "name": "Finland embassy",
        "name:fr": "Ambassade de Finlande",
        "office": "diplomatic",
        "roof:shape": "flat",
        "target": "EG",
        "@geometry": "center"
      },
      "geometry": {
        "type": "Point",
        "coordinates": [
          31.2181269,
          30.0437907
        ]
      },
      "id": "way/768013687"
    },
    {
      "type": "Feature",
      "properties": {
        "@id": "node/768567325",
        "alt_name": "عبد الرازق",
        "amenity": "police",
        "int_name": "Abd er Razig, Abd al Razig",
        "name": "عبد الرازق",
        "name:ar": "عبد الرازق",
        "name:ar1": "عبد الرازق",
        "name:de": "Abd al Razig",
        "name:en": "Abd al Razig",
        "name:fr": "Abd al Razig"
      },
      "geometry": {
        "type": "Point",
        "coordinates": [
          30.281944,
          31.316389
        ]
      },
      "id": "node/768567325"
    },
    {
      "type": "Feature",
      "properties": {
        "@id": "node/768567328",
        "alt_name": "قلعة الجزائر",
        "amenity": "police",
        "fixme": "yes",
        "int_name": "El-Gazâyir Fort, Al Gazayir Fort",
        "name": "قلعة الجزائر",
        "name:ar": "قلعة الجزائر",
        "name:ar1": "قلعة الجزائر",
        "name:de": "Al Gazayir Fort",
        "name:en": "Al Gazayir Fort",
        "name:fr": "Al Gazayir Fort"
      },
      "geometry": {
        "type": "Point",
        "coordinates": [
          30.25,
          31.3
        ]
      },
      "id": "node/768567328"
    },
    {
      "type": "Feature",
      "properties": {
        "@id": "node/768567336",
        "alt_name": "قلعة المعدية",
        "amenity": "police",
        "int_name": "Al Mu‘addīyah, Al Muaddiyah",
        "name": "قلعة المعدية",
        "name:ar": "قلعة المعدية",
        "name:ar1": "قلعة المعدية",
        "name:de": "Al Muaddiyah",
        "name:en": "Al Muaddiyah",
        "name:fr": "Al Muaddiyah"
      },
      "geometry": {
        "type": "Point",
        "coordinates": [
          30.166667,
          31.266667
        ]
      },
      "id": "node/768567336"
    },
    {
      "type": "Feature",
      "properties": {
        "@id": "node/768578517",
        "alt_name": "طابية الكلخ",
        "amenity": "police",
        "int_name": "El Kilh, Al Kilh, Tabiyat al Kalakh",
        "name": "طابية الكلخ",
        "name:ar": "طابية الكلخ",
        "name:ar1": "طابية الكلخ",
        "name:de": "Al Kilh",
        "name:en": "Al Kilh",
        "name:fr": "Al Kilh"
      },
      "geometry": {
        "type": "Point",
        "coordinates": [
          30.221389,
          31.283056
        ]
      },
      "id": "node/768578517"
    },
    {
      "type": "Feature",
      "properties": {
        "@id": "node/768578608",
        "alt_name": "طابية العلايم",
        "amenity": "police",
        "int_name": "El-‘Alâyim Fort, Al Alayim Fort",
        "name": "طابية العلايم",
        "name:ar": "طابية العلايم",
        "name:ar1": "طابية العلايم",
        "name:de": "Al Alayim Fort",
        "name:en": "Al Alayim Fort",
        "name:fr": "Al Alayim Fort"
      },
      "geometry": {
        "type": "Point",
        "coordinates": [
          30.3325,
          31.373611
        ]
      },
      "id": "node/768578608"
    },
    {
      "type": "Feature",
      "properties": {
        "@id": "node/768581330",
        "alt_name": "محطة الكبريت",
        "amenity": "police",
        "int_name": "Maḩaţţat al Kibrīt, Mahattat al Kibrit",
        "name": "محطة الكبريت",
        "name:ar": "محطة الكبريت",
        "name:ar1": "محطة الكبريت",
        "name:de": "Mahattat al Kibrit",
        "name:en": "Mahattat al Kibrit",
        "name:fr": "Mahattat al Kibrit"
      },
      "geometry": {
        "type": "Point",
        "coordinates": [
          32.5,
          30.266667
        ]
      },
      "id": "node/768581330"
    },
    {
      "type": "Feature",
      "properties": {
        "@id": "node/768798239",
        "alt_name": "رأس النكب",
        "amenity": "police",
        "int_name": "Râs el-Nakab, Ras al Nakab",
        "name": "رأس النكب",
        "name:ar": "رأس النكب",
        "name:de": "Ras al Nakab",
        "name:en": "Ras al Nakab",
        "name:fr": "Ras al Nakab"
      },
      "geometry": {
        "type": "Point",
        "coordinates": [
          34.858333,
          29.604444
        ]
      },
      "id": "node/768798239"
    },
    {
      "type": "Feature",
      "properties": {
        "@id": "node/768813533",
        "alt_name": "قلعة العياش رقم ستة",
        "amenity": "police",
        "int_name": "El-‘Aiyâsh Fort No. 6, Al Aiyash Fort No. 6",
        "name": "قلعة العياش رقم ستة",
        "name:ar": "قلعة العياش رقم ستة",
        "name:ar1": "قلعة العياش رقم ستة",
        "name:de": "Al Aiyash Fort No. 6",
        "name:en": "Al Aiyash Fort No. 6",
        "name:fr": "Al Aiyash Fort No. 6"
      },
      "geometry": {
        "type": "Point",
        "coordinates": [
          31.280556,
          31.558333
        ]
      },
      "id": "node/768813533"
    },
    {
      "type": "Feature",
      "properties": {
        "@id": "node/768815353",
        "alt_name": "الغليون",
        "amenity": "police",
        "int_name": "El-Ghalyûn, Al Ghalyun",
        "name": "الغليون",
        "name:ar": "الغليون",
        "name:ar1": "الغليون",
        "name:de": "Al Ghalyun",
        "name:en": "Al Ghalyun",
        "name:fr": "Al Ghalyun"
      },
      "geometry": {
        "type": "Point",
        "coordinates": [
          30.401667,
          31.481389
        ]
      },
      "id": "node/768815353"
    },
    {
      "type": "Feature",
      "properties": {
        "@id": "node/768815445",
        "alt_name": "طابية العبد",
        "amenity": "police",
        "int_name": "Ṭâbyet el-‘Abd, Tabyet al Abd",
        "name": "طابية العبد",
        "name:ar": "طابية العبد",
        "name:ar1": "طابية العبد",
        "name:de": "Tabyet al Abd",
        "name:en": "Tabyet al Abd",
        "name:fr": "Tabyet al Abd"
      },
      "geometry": {
        "type": "Point",
        "coordinates": [
          30.358611,
          31.446667
        ]
      },
      "id": "node/768815445"
    },
    {
      "type": "Feature",
      "properties": {
        "@id": "way/769798767",
        "man_made": "water_works",
        "@geometry": "center"
      },
      "geometry": {
        "type": "Point",
        "coordinates": [
          31.157433,
          27.2130122
        ]
      },
      "id": "way/769798767"
    },
    {
      "type": "Feature",
      "properties": {
        "@id": "way/771797364",
        "amenity": "police",
        "name": "قسم شرطة مدينة نصر ثان",
        "name:ar": "قسم شرطة مدينة نصر ثان",
        "@geometry": "center"
      },
      "geometry": {
        "type": "Point",
        "coordinates": [
          31.3123595,
          30.0500992
        ]
      },
      "id": "way/771797364"
    },
    {
      "type": "Feature",
      "properties": {
        "@id": "way/772063268",
        "amenity": "police",
        "name": "قسم باب شرقي",
        "name:ar": "قسم شرطة باب شرقي",
        "name:en": "Bab Sharqi Police Station",
        "@geometry": "center"
      },
      "geometry": {
        "type": "Point",
        "coordinates": [
          29.9174056,
          31.201996
        ]
      },
      "id": "way/772063268"
    },
    {
      "type": "Feature",
      "properties": {
        "@id": "way/773080796",
        "country": "JP",
        "diplomatic": "embassy",
        "embassy": "yes",
        "name": "سفارة اليبان",
        "name:ar": "سفارة اليابان",
        "name:en": "Embassy of Japan",
        "name:fr": "Ambassade du Japon",
        "office": "diplomatic",
        "target": "EG",
        "wikidata": "Q44597513",
        "@geometry": "center"
      },
      "geometry": {
        "type": "Point",
        "coordinates": [
          31.2448773,
          29.9644618
        ]
      },
      "id": "way/773080796"
    },
    {
      "type": "Feature",
      "properties": {
        "@id": "way/774514449",
        "amenity": "police",
        "building": "yes",
        "name": "مركز شرطة البداري",
        "name:ar": "مركز شرطة البداري",
        "name:en": "Al Badari Police Department",
        "opening_hours": "24/7",
        "operator": "Ministiry of Interior",
        "@geometry": "center"
      },
      "geometry": {
        "type": "Point",
        "coordinates": [
          31.4151491,
          26.9920889
        ]
      },
      "id": "way/774514449"
    },
    {
      "type": "Feature",
      "properties": {
        "@id": "way/774939044",
        "addr:city": "القاهرة",
        "addr:housenumber": "41",
        "addr:postcode": "11211",
        "addr:street": "شارع إسماعيل محمد",
        "check_date": "2025-06-24",
        "country": "ES",
        "diplomatic": "embassy",
        "embassy": "yes",
        "name": "السفارة الإسبانية",
        "name:ar": "السفارة الإسبانية",
        "name:de": "Botschaft von Spanien",
        "name:en": "Spanish Embassy",
        "name:es": "Embajada de España",
        "name:fr": "Ambassade d'Espagne",
        "office": "diplomatic",
        "phone": "+20 2-2735643",
        "target": "EG",
        "website": "http://www.exteriores.gob.es/embajadas/elcairo/es/Paginas/inicio.aspx",
        "wikidata": "Q65173823",
        "wikipedia": "es:Embajada de España en Egipto",
        "@geometry": "center"
      },
      "geometry": {
        "type": "Point",
        "coordinates": [
          31.2225095,
          30.0621521
        ]
      },
      "id": "way/774939044"
    },
    {
      "type": "Feature",
      "properties": {
        "@id": "way/775151288",
        "addr:country": "EG",
        "addr:district": "الدقى",
        "addr:district:en": "Al Doqi",
        "addr:housenumber": "34",
        "addr:postcode": "12612",
        "addr:province": "الجيزه",
        "addr:province:en": "Giza",
        "addr:street": "شارع المساحه",
        "addr:street:en": "Al Mesaha Street",
        "addr:street:ru": "улица Мисаха",
        "addr:subdistrict": "الاورمان",
        "addr:subdistrict:en": "Al Orman",
        "building": "yes",
        "contact:email": "cairo2007@mail.ru; rusconsulegypt@gmail.com",
        "contact:fax": "+20-2-37614512",
        "contact:phone": "+20-2-37486393",
        "contact:website": "https://egypt.mid.ru/ru/",
        "country": "RU",
        "diplomatic": "embassy",
        "name": "Консульство Российской федерации в Египте",
        "name:ru": "Консульство Российской федерации в Египте",
        "office": "diplomatic",
        "roof:shape": "flat",
        "target": "EG",
        "@geometry": "center"
      },
      "geometry": {
        "type": "Point",
        "coordinates": [
          31.2168963,
          30.0383032
        ]
      },
      "id": "way/775151288"
    },
    {
      "type": "Feature",
      "properties": {
        "@id": "way/775642058",
        "addr:country": "EG",
        "addr:district": "قصر النيل",
        "addr:district:en": "Qasr Al Nile",
        "addr:housenumber": "18",
        "addr:postcode": "11519",
        "addr:province": "القاهرة",
        "addr:province:en": "Cairo",
        "addr:street": "شارع عائشه التيموريه",
        "addr:street:en": "Aesha Al Temouria Street",
        "addr:subdistrict": "جاردن سيتى",
        "addr:subdistrict:en": "Garden City",
        "building": "yes",
        "country": "GR",
        "diplomatic": "embassy",
        "embassy": "yes",
        "name": "سفارة اليونان",
        "name:el": "πρεσβεία της Ελλάδος",
        "name:en": "Embassy of Greece",
        "name:fr": "Ambassade de Grèce",
        "office": "diplomatic",
        "phone": "+20 2 27950443",
        "roof:shape": "flat",
        "target": "EG",
        "website": "https://www.mfa.gr/missionsabroad/egypt.html",
        "wikidata": "Q109479087",
        "@geometry": "center"
      },
      "geometry": {
        "type": "Point",
        "coordinates": [
          31.2299576,
          30.0348447
        ]
      },
      "id": "way/775642058"
    },
    {
      "type": "Feature",
      "properties": {
        "@id": "way/776121668",
        "addr:city": "القاهرة",
        "addr:housenumber": "6",
        "addr:street": "شارع الكامل محمد",
        "country": "RO",
        "diplomatic": "embassy",
        "embassy": "yes",
        "name": "سفارة رومانيا",
        "name:ar": "سفارة رومانيا",
        "name:de": "Botschaft von Rumänien",
        "name:en": "Embassy of Romania",
        "name:es": "Embajada de Rumania",
        "name:fr": "Ambassade de Roumanie",
        "office": "diplomatic",
        "phone": "+202 2736.01.07",
        "target": "EG",
        "website": "http://cairo.mae.ro",
        "@geometry": "center"
      },
      "geometry": {
        "type": "Point",
        "coordinates": [
          31.2189408,
          30.058987
        ]
      },
      "id": "way/776121668"
    },
    {
      "type": "Feature",
      "properties": {
        "@id": "way/776669807",
        "building": "government",
        "country": "SA",
        "diplomatic": "embassy",
        "embassy": "yes",
        "name": "سفارة المملكة العربية السعودية",
        "name:ar": "سفارة المملكة العربية السعودية",
        "name:en": "Embassy of Saudi Arabia",
        "name:fr": "Ambassade d'Arabie Saoudite",
        "office": "diplomatic",
        "phone": "+20237749800",
        "target": "EG",
        "website": "https://embassies.mofa.gov.sa/sites/Egypt",
        "wikidata": "Q12216178",
        "@geometry": "center"
      },
      "geometry": {
        "type": "Point",
        "coordinates": [
          31.2178277,
          30.0315297
        ]
      },
      "id": "way/776669807"
    },
    {
      "type": "Feature",
      "properties": {
        "@id": "way/776676267",
        "name": "مرور مدينة نصر",
        "name:ar": "مرور التجمع الخامس",
        "name:en": "Nasr City Traffic Authority",
        "office": "government",
        "@geometry": "center"
      },
      "geometry": {
        "type": "Point",
        "coordinates": [
          31.4206413,
          29.9816508
        ]
      },
      "id": "way/776676267"
    },
    {
      "type": "Feature",
      "properties": {
        "@id": "way/777639499",
        "addr:city": "القاهرة",
        "addr:housenumber": "10",
        "addr:postcode": "11511",
        "addr:street": "شارع عبد الخالق ثروت",
        "country": "CH",
        "diplomatic": "embassy",
        "embassy": "yes",
        "int_name": "Embassy of Switzerland",
        "name": "السفارة السوسرية",
        "name:ar": "السفارة السوسرية",
        "name:de": "Botschaft der Schweiz",
        "name:en": "Swiss Embassy",
        "name:fr": "Ambassade de Suisse",
        "name:it": "Ambasciata di Svizzera",
        "note": "correct arabic tag",
        "office": "diplomatic",
        "target": "EG",
        "website": "https://www.eda.admin.ch/cairo",
        "wheelchair": "no",
        "wikidata": "Q101242930",
        "@geometry": "center"
      },
      "geometry": {
        "type": "Point",
        "coordinates": [
          31.2397176,
          30.0512905
        ]
      },
      "id": "way/777639499"
    },
    {
      "type": "Feature",
      "properties": {
        "@id": "way/777768274",
        "addr:street": "شارع القسم الجديد",
        "amenity": "police",
        "name": "قسم شرطة شبين القناطر",
        "name:ar": "قسم شرطة شبين القناطر",
        "name:en": "Shibien el Kanater Police Station",
        "@geometry": "center"
      },
      "geometry": {
        "type": "Point",
        "coordinates": [
          31.3144371,
          30.3140162
        ]
      },
      "id": "way/777768274"
    },
    {
      "type": "Feature",
      "properties": {
        "@id": "way/777889365",
        "name": "حى مصر الجديدة",
        "name:ar": "حى مصر الجديدة",
        "office": "government",
        "@geometry": "center"
      },
      "geometry": {
        "type": "Point",
        "coordinates": [
          31.3299575,
          30.1050145
        ]
      },
      "id": "way/777889365"
    },
    {
      "type": "Feature",
      "properties": {
        "@id": "way/777893666",
        "country": "PS",
        "diplomatic": "embassy",
        "embassy": "yes",
        "name": "السفارة الفلسطينية",
        "name:ar": "السفارة الفلسطينية",
        "name:en": "Embassy of State of Palestine",
        "name:fr": "Ambassade de Palestine",
        "office": "diplomatic",
        "target": "EG",
        "@geometry": "center"
      },
      "geometry": {
        "type": "Point",
        "coordinates": [
          31.2066402,
          30.041458
        ]
      },
      "id": "way/777893666"
    },
    {
      "type": "Feature",
      "properties": {
        "@id": "way/777905741",
        "country": "KW",
        "diplomatic": "embassy",
        "embassy": "yes",
        "name": "سفارة الكويت",
        "name:ar": "سفارة الكويت",
        "name:en": "Embassy of Kuwait",
        "name:fr": "Ambassade du Koweït",
        "note": "correct arabic tag",
        "office": "diplomatic",
        "target": "EG",
        "@geometry": "center"
      },
      "geometry": {
        "type": "Point",
        "coordinates": [
          31.216889,
          30.0408268
        ]
      },
      "id": "way/777905741"
    },
    {
      "type": "Feature",
      "properties": {
        "@id": "way/783381498",
        "addr:housenumber": "50",
        "addr:street": "83",
        "building": "yes",
        "country": "UA",
        "diplomatic": "embassy",
        "email": "emb_eg@mfa.gov.ua",
        "embassy": "yes",
        "name:en": "Embassy of Ukraine",
        "name:fr": "Ambassade d'Ukraine",
        "name:ru": "Посольство Украины",
        "office": "diplomatic",
        "opening_hours": "Su-We 08:30-13:00, 13:30-16:15; Th 08:30-13:00, 13:30-16:00",
        "phone": "+20223786870",
        "target": "EG",
        "website": "https://egypt.mfa.gov.ua/",
        "wikidata": "Q12142684",
        "@geometry": "center"
      },
      "geometry": {
        "type": "Point",
        "coordinates": [
          31.2664515,
          29.9593796
        ]
      },
      "id": "way/783381498"
    },
    {
      "type": "Feature",
      "properties": {
        "@id": "way/807008182",
        "landuse": "industrial",
        "name": "محطة كهرباء السويس البخارية",
        "name:ar": "محطة كهرباء السويس البخارية",
        "name:en": "Suez Power Station",
        "operator": "East Delta Electricity Production Company",
        "plant:method": "combustion",
        "plant:output:electricity": "650 MW",
        "plant:source": "gas",
        "power": "plant",
        "source": "http://www.moee.gov.eg/english_new/EEHC_Rep/2017-2018en.pdf",
        "start_date": "2017",
        "@geometry": "center"
      },
      "geometry": {
        "type": "Point",
        "coordinates": [
          32.5040496,
          29.951681
        ]
      },
      "id": "way/807008182"
    },
    {
      "type": "Feature",
      "properties": {
        "@id": "way/807008183",
        "landuse": "industrial",
        "name": "محطة كهرباء شرم الشيخ الغازية",
        "name:ar": "محطة كهرباء شرم الشيخ الغازية",
        "name:en": "Sharm El Sheikh Power Station",
        "operator": "East Delta Electricity Production Company",
        "plant:method": "combustion",
        "plant:output:electricity": "288 MW",
        "plant:source": "gas",
        "power": "plant",
        "source": "http://www.moee.gov.eg/english_new/EEHC_Rep/2017-2018en.pdf",
        "wikidata": "Q56360081",
        "@geometry": "center"
      },
      "geometry": {
        "type": "Point",
        "coordinates": [
          34.303618,
          27.8774301
        ]
      },
      "id": "way/807008183"
    },
    {
      "type": "Feature",
      "properties": {
        "@id": "way/807008188",
        "landuse": "industrial",
        "name": "محطة كهرباء 6 أكتوبر",
        "name:ar": "محطة كهرباء 6 أكتوبر",
        "name:en": "6 October Power Station",
        "operator": "Cairo Electricity Production Company",
        "plant:method": "combustion",
        "plant:output:electricity": "1518.7 MW",
        "plant:source": "gas",
        "power": "plant",
        "source": "http://www.cairoepc.com/",
        "start_date": "2012",
        "wikidata": "Q56359852",
        "@geometry": "center"
      },
      "geometry": {
        "type": "Point",
        "coordinates": [
          31.0453396,
          30.0555624
        ]
      },
      "id": "way/807008188"
    },
    {
      "type": "Feature",
      "properties": {
        "@id": "way/807008190",
        "name": "محطة كهرباء غرب القاهرة",
        "name:ar": "محطة كهرباء غرب القاهرة",
        "name:en": "Cairo West Power Plant",
        "operator": "Cairo Electricity Production Company",
        "plant:method": "combustion",
        "plant:output:electricity": "2010 MW",
        "plant:source": "gas",
        "power": "plant",
        "source": "http://www.cairoepc.com/",
        "start_date": "1994",
        "wikidata": "Q56359854",
        "@geometry": "center"
      },
      "geometry": {
        "type": "Point",
        "coordinates": [
          31.1654544,
          30.1390348
        ]
      },
      "id": "way/807008190"
    },
    {
      "type": "Feature",
      "properties": {
        "@id": "way/807413248",
        "name": "Naga Hammadi power plant",
        "plant:method": "run-of-the-river",
        "plant:output:electricity": "64 MW",
        "plant:source": "hydro",
        "power": "plant",
        "source": "http://www.moee.gov.eg/english_new/EEHC_Rep/2017-2018en.pdf",
        "wikidata": "Q1682687",
        "@geometry": "center"
      },
      "geometry": {
        "type": "Point",
        "coordinates": [
          32.1467297,
          26.1535511
        ]
      },
      "id": "way/807413248"
    },
    {
      "type": "Feature",
      "properties": {
        "@id": "way/807413249",
        "landuse": "industrial",
        "name": "Esna Power Plant",
        "plant:method": "run-of-the-river",
        "plant:output:electricity": "86 MW",
        "plant:source": "hydro",
        "power": "plant",
        "source": "http://www.moee.gov.eg/english_new/EEHC_Rep/2017-2018en.pdf",
        "wikidata": "Q56358273",
        "@geometry": "center"
      },
      "geometry": {
        "type": "Point",
        "coordinates": [
          32.5531253,
          25.3179376
        ]
      },
      "id": "way/807413249"
    },
    {
      "type": "Feature",
      "properties": {
        "@id": "way/807413251",
        "barrier": "wall",
        "name": "محطة كهرباء بنها المركبة",
        "name:en": "Banha Power Plant",
        "operator": "Middle Delta Electricity Production Company",
        "plant:method": "combustion",
        "plant:output:electricity": "750 MW",
        "plant:source": "gas",
        "plant:type": "combined_cycle",
        "power": "plant",
        "source": "http://www.moee.gov.eg/english_new/EEHC_Rep/2017-2018en.pdf",
        "start_date": "2014",
        "wikidata": "Q56359815",
        "@geometry": "center"
      },
      "geometry": {
        "type": "Point",
        "coordinates": [
          31.2231593,
          30.4962593
        ]
      },
      "id": "way/807413251"
    },
    {
      "type": "Feature",
      "properties": {
        "@id": "way/807413255",
        "barrier": "wall",
        "name": "محطة توليد كهرباء غرب أسيوط",
        "name:en": "West Assiut Power Plant",
        "operator": "Upper Egypt Electricity Production Company",
        "plant:method": "combustion",
        "plant:output:electricity": "1500 MW",
        "plant:source": "gas",
        "plant:type": "combined_cycle",
        "power": "plant",
        "source": "http://www.moee.gov.eg/english_new/EEHC_Rep/2017-2018en.pdf",
        "start_date": "2015",
        "wikidata": "Q56360050",
        "@geometry": "center"
      },
      "geometry": {
        "type": "Point",
        "coordinates": [
          30.999569,
          27.1816145
        ]
      },
      "id": "way/807413255"
    },
    {
      "type": "Feature",
      "properties": {
        "@id": "way/819189942",
        "addr:city": "وديان",
        "addr:city:ar": "وديان",
        "addr:city:en": "Wudyan",
        "building": "yes",
        "government": "parliament",
        "name": "مجلس النواب",
        "name:ar": "مجلس النواب",
        "name:arz": "مجلس النواب",
        "name:de": "Parlament Ägyptens",
        "name:en": "Parliament of Egypt",
        "name:es": "Casa de Representantes",
        "office": "government",
        "wikidata": "Q2584535",
        "wikipedia": "ar:مجلس النواب (مصر)",
        "@geometry": "center"
      },
      "geometry": {
        "type": "Point",
        "coordinates": [
          31.7592641,
          30.0135171
        ]
      },
      "id": "way/819189942"
    },
    {
      "type": "Feature",
      "properties": {
        "@id": "way/822304407",
        "building": "yes",
        "country": "SA",
        "diplomatic": "embassy",
        "embassy": "yes",
        "name": "قنصلية المملكة العربية السعودية",
        "name:ar": "قنصلية المملكة العربية السعودية",
        "name:en": "Kingdom Of Saudi Arabia Council",
        "name:fr": "Ambassade d'Arabie Saoudite",
        "office": "diplomatic",
        "roof:shape": "hipped",
        "target": "EG",
        "@geometry": "center"
      },
      "geometry": {
        "type": "Point",
        "coordinates": [
          31.2318586,
          30.0331796
        ]
      },
      "id": "way/822304407"
    },
    {
      "type": "Feature",
      "properties": {
        "@id": "way/822304408",
        "building": "yes",
        "country": "SA",
        "diplomatic": "embassy",
        "embassy": "yes",
        "name": "قنصلية المملكة العربية السعودية",
        "name:ar": "قنصلية المملكة العربية السعودية",
        "name:en": "Kingdom Of Saudi Arabia Council",
        "office": "diplomatic",
        "roof:shape": "hipped",
        "target": "EG",
        "@geometry": "center"
      },
      "geometry": {
        "type": "Point",
        "coordinates": [
          31.2322353,
          30.0334231
        ]
      },
      "id": "way/822304408"
    },
    {
      "type": "Feature",
      "properties": {
        "@id": "way/822305231",
        "addr:city": "القاهرة",
        "addr:housenumber": "15",
        "addr:street": "شارع عبد الرحمن فهمي",
        "building": "yes",
        "building:levels": "3",
        "country": "IT",
        "diplomatic": "embassy",
        "embassy": "yes",
        "name": "السفارة الإيطالية",
        "name:ar": "السفارة الإيطالية",
        "name:en": "Embassy of Italy",
        "name:fr": "Ambassade d'Italie",
        "name:it": "Ambasciata d'Italia",
        "office": "diplomatic",
        "phone": "+20 (0)2 27943194",
        "source": "https://ambilcairo.esteri.it",
        "target": "EG",
        "website": "https://ambilcairo.esteri.it",
        "wikidata": "Q105061822",
        "@geometry": "center"
      },
      "geometry": {
        "type": "Point",
        "coordinates": [
          31.2299499,
          30.0330407
        ]
      },
      "id": "way/822305231"
    },
    {
      "type": "Feature",
      "properties": {
        "@id": "way/829671321",
        "addr:city": "وديان",
        "addr:city:ar": "وديان",
        "addr:city:en": "Wudyan",
        "building": "ministry",
        "government": "ministry",
        "name": "وزارة الإنتاج الحربي",
        "name:ar": "وزارة الإنتاج الحربي",
        "name:de": "Ministerium für Militärproduktion",
        "name:en": "Ministry of Military Production",
        "name:es": "Ministerio de Producción Militar",
        "office": "government",
        "wikidata": "Q16063108",
        "wikipedia": "ar:وزارة الإنتاج الحربي (مصر)",
        "@geometry": "center"
      },
      "geometry": {
        "type": "Point",
        "coordinates": [
          31.7458032,
          30.0115654
        ]
      },
      "id": "way/829671321"
    },
    {
      "type": "Feature",
      "properties": {
        "@id": "way/829671327",
        "building": "ministry",
        "government": "ministry",
        "name": "وزارة المالية",
        "name:ar": "وزارة المالية",
        "name:de": "Finanzministerium",
        "name:en": "Ministry of Finance",
        "name:es": "Ministerio de Finanzas",
        "office": "government",
        "website": "https://mof.gov.eg",
        "wikidata": "Q4294784",
        "wikipedia": "ar:وزارة المالية (مصر)",
        "@geometry": "center"
      },
      "geometry": {
        "type": "Point",
        "coordinates": [
          31.7414885,
          30.0115851
        ]
      },
      "id": "way/829671327"
    },
    {
      "type": "Feature",
      "properties": {
        "@id": "way/829671328",
        "addr:city": "وديان",
        "addr:city:ar": "وديان",
        "addr:city:en": "Wudyan",
        "building": "ministry",
        "government": "ministry",
        "name": "وزارة الصحة والسكان",
        "name:ar": "وزارة الصحة والسكان",
        "name:de": "Gesundheitsministerium",
        "name:en": "Ministry of Health",
        "name:es": "Ministerio de Salud",
        "office": "government",
        "wikidata": "Q4118002",
        "wikipedia": "ar:وزارة الصحة والسكان (مصر)",
        "@geometry": "center"
      },
      "geometry": {
        "type": "Point",
        "coordinates": [
          31.7476973,
          30.0115492
        ]
      },
      "id": "way/829671328"
    },
    {
      "type": "Feature",
      "properties": {
        "@id": "way/829671335",
        "addr:city": "وديان",
        "addr:city:ar": "وديان",
        "addr:city:en": "Wudyan",
        "building": "ministry",
        "government": "ministry",
        "name": "وزارة الإسكان والمرافق والمجتمعات العمرانية",
        "name:ar": "وزارة الإسكان والمرافق والمجتمعات العمرانية",
        "name:de": "Ministerium für Wohnungswesen",
        "name:en": "Ministry of Housing",
        "name:es": "Ministerio de Vivienda",
        "office": "government",
        "wikidata": "Q17583189",
        "wikipedia": "ar:وزارة الإسكان والمرافق والمجتمعات العمرانية (مصر)",
        "@geometry": "center"
      },
      "geometry": {
        "type": "Point",
        "coordinates": [
          31.7459072,
          30.0156123
        ]
      },
      "id": "way/829671335"
    },
    {
      "type": "Feature",
      "properties": {
        "@id": "way/829671336",
        "addr:city": "وديان",
        "addr:city:ar": "وديان",
        "addr:city:en": "Wudyan",
        "building": "ministry",
        "government": "ministry",
        "name": "وزارة التعليم العالي والبحث العلمي",
        "name:ar": "وزارة التعليم العالي والبحث العلمي",
        "name:de": "Ministerium für Höhere Bildung",
        "name:en": "Ministry of Higher Education",
        "name:es": "Ministerio de Educación Superior",
        "office": "government",
        "website": "https://mohesr.gov.eg",
        "wikidata": "Q12250950",
        "wikipedia": "ar:وزارة التعليم العالي والبحث العلمي (مصر)",
        "@geometry": "center"
      },
      "geometry": {
        "type": "Point",
        "coordinates": [
          31.741441,
          30.0155909
        ]
      },
      "id": "way/829671336"
    },
    {
      "type": "Feature",
      "properties": {
        "@id": "way/829683345",
        "building": "yes",
        "name": "القصر الجمهوري بالعاصمة",
        "name:ar": "القصر الجمهوري بالعاصمة",
        "name:en": "Capital Presidential Palace",
        "name:es": "Palacio Presidencial de la Nueva Capital",
        "name:tr": "Başkanlık Sarayı",
        "office": "government",
        "@geometry": "center"
      },
      "geometry": {
        "type": "Point",
        "coordinates": [
          31.7551455,
          30.0306937
        ]
      },
      "id": "way/829683345"
    },
    {
      "type": "Feature",
      "properties": {
        "@id": "node/840792011",
        "addr:city": "القاهرة",
        "country": "GW",
        "diplomatic": "embassy",
        "embassy": "yes",
        "name": "سفارة غينيا بيساو",
        "name:ar": "سفارة غينيا بيساو",
        "name:de": "Botschaft von Guinea-Bissau",
        "name:en": "Embassy of Guinea Bissau",
        "name:es": "Embajada de Guinea-Bisáu",
        "name:fr": "Ambassade de Guinée-Bissau",
        "name:zh": "使馆",
        "office": "diplomatic",
        "target": "EG"
      },
      "geometry": {
        "type": "Point",
        "coordinates": [
          31.2202206,
          30.0693327
        ]
      },
      "id": "node/840792011"
    },
    {
      "type": "Feature",
      "properties": {
        "@id": "node/840795858",
        "addr:housenumber": "33",
        "addr:street": "شارع المنصور محمد",
        "alt_name": "سفارة جمهورية صربيا",
        "country": "RS",
        "diplomatic": "embassy",
        "embassy": "yes",
        "name": "سفارة جمهورية صربيا",
        "name:ar": "سفارة جمهورية صربيا",
        "name:en": "Embassy of Serbia",
        "name:fr": "Ambassade de Serbie",
        "office": "diplomatic",
        "phone": "+202 2735-40-61",
        "target": "EG",
        "website": "https://cairo.mfa.gov.rs/",
        "wikidata": "Q108807318"
      },
      "geometry": {
        "type": "Point",
        "coordinates": [
          31.2177852,
          30.0659344
        ]
      },
      "id": "node/840795858"
    },
    {
      "type": "Feature",
      "properties": {
        "@id": "node/840803616",
        "addr:city": "القاهرة",
        "alt_name": "سفارة بنغلادش",
        "country": "BD",
        "diplomatic": "embassy",
        "embassy": "yes",
        "name": "سفارة بنغلادش",
        "name:ar": "سفارة بنغلادش",
        "name:de": "Botschaft von Bangladesch",
        "name:en": "Embassy of Bangladesh",
        "name:es": "Embajada de Bangladesh",
        "name:fr": "Ambassade du Bangladesh",
        "name:ur": "بنگلہ دیش کا سفارت خانہ",
        "office": "diplomatic",
        "target": "EG"
      },
      "geometry": {
        "type": "Point",
        "coordinates": [
          31.2207356,
          30.0678007
        ]
      },
      "id": "node/840803616"
    },
    {
      "type": "Feature",
      "properties": {
        "@id": "node/841512373",
        "alt_name": "سفارة الكنغو",
        "country": "CG",
        "diplomatic": "embassy",
        "embassy": "yes",
        "name": "سفارة الكنغو",
        "name:ar": "سفارة الكونغو",
        "name:en": "Embassy of Congo",
        "name:fr": "Ambassade du Congo",
        "office": "diplomatic",
        "target": "EG"
      },
      "geometry": {
        "type": "Point",
        "coordinates": [
          31.2022746,
          30.0523085
        ]
      },
      "id": "node/841512373"
    },
    {
      "type": "Feature",
      "properties": {
        "@id": "node/841513160",
        "alt_name": "سفارة موريتانيا",
        "country": "MR",
        "diplomatic": "embassy",
        "embassy": "yes",
        "name": "سفارة موريتانيا",
        "name:ar": "سفارة موريتانيا",
        "name:en": "Embassy of Mauritania",
        "name:fr": "Ambassade de Mauritanie",
        "office": "diplomatic",
        "target": "EG"
      },
      "geometry": {
        "type": "Point",
        "coordinates": [
          31.196215,
          30.0524742
        ]
      },
      "id": "node/841513160"
    },
    {
      "type": "Feature",
      "properties": {
        "@id": "node/841514610",
        "alt_name": "سفارة السنغال",
        "country": "SN",
        "diplomatic": "embassy",
        "embassy": "yes",
        "name": "سفارة السنغال",
        "name:ar": "سفارة السنغال",
        "name:en": "Embassy of Senegal",
        "name:fr": "Ambassade du Sénégal",
        "office": "diplomatic",
        "target": "EG"
      },
      "geometry": {
        "type": "Point",
        "coordinates": [
          31.2090039,
          30.0540157
        ]
      },
      "id": "node/841514610"
    },
    {
      "type": "Feature",
      "properties": {
        "@id": "node/841516343",
        "alt_name": "سفارة تنزانيا",
        "country": "TZ",
        "diplomatic": "embassy",
        "embassy": "yes",
        "name": "سفارة تنزانيا",
        "name:ar": "سفارة تنزانيا",
        "name:en": "Embassy of Tanzania",
        "name:fr": "Ambassade de Tanzanie",
        "office": "diplomatic",
        "target": "EG"
      },
      "geometry": {
        "type": "Point",
        "coordinates": [
          31.2050449,
          30.0530685
        ]
      },
      "id": "node/841516343"
    },
    {
      "type": "Feature",
      "properties": {
        "@id": "node/841522739",
        "alt_name": "سفارة كوبا",
        "country": "CU",
        "diplomatic": "embassy",
        "embassy": "yes",
        "name": "سفارة كوبا",
        "name:ar": "سفارة كوبا",
        "name:en": "Embassy of Cuba",
        "name:fr": "Ambassade de Cuba",
        "office": "diplomatic",
        "target": "EG"
      },
      "geometry": {
        "type": "Point",
        "coordinates": [
          31.1982965,
          30.0474686
        ]
      },
      "id": "node/841522739"
    },
    {
      "type": "Feature",
      "properties": {
        "@id": "node/841524820",
        "alt_name": "سفارة ليبيريا",
        "country": "LR",
        "diplomatic": "embassy",
        "embassy": "yes",
        "name": "سفارة ليبيريا",
        "name:ar": "سفارة ليبيريا",
        "name:en": "Embassy of Liberia",
        "name:fr": "Ambassade du Libéria",
        "office": "diplomatic",
        "target": "EG"
      },
      "geometry": {
        "type": "Point",
        "coordinates": [
          31.2024056,
          30.041079
        ]
      },
      "id": "node/841524820"
    },
    {
      "type": "Feature",
      "properties": {
        "@id": "way/841730293",
        "man_made": "water_works",
        "@geometry": "center"
      },
      "geometry": {
        "type": "Point",
        "coordinates": [
          30.5336926,
          31.1817792
        ]
      },
      "id": "way/841730293"
    },
    {
      "type": "Feature",
      "properties": {
        "@id": "way/841730297",
        "man_made": "water_works",
        "@geometry": "center"
      },
      "geometry": {
        "type": "Point",
        "coordinates": [
          30.1465786,
          31.1327534
        ]
      },
      "id": "way/841730297"
    },
    {
      "type": "Feature",
      "properties": {
        "@id": "way/841730298",
        "man_made": "water_works",
        "@geometry": "center"
      },
      "geometry": {
        "type": "Point",
        "coordinates": [
          30.1176882,
          31.1517964
        ]
      },
      "id": "way/841730298"
    },
    {
      "type": "Feature",
      "properties": {
        "@id": "way/849211874",
        "amenity": "police",
        "building": "yes",
        "@geometry": "center"
      },
      "geometry": {
        "type": "Point",
        "coordinates": [
          34.433554,
          28.0070191
        ]
      },
      "id": "way/849211874"
    },
    {
      "type": "Feature",
      "properties": {
        "@id": "way/859434000",
        "alt_name:en": "Ministry of Defence;The Octagon, Ministry of Defence",
        "alt_name:he": "האוקטגון (מצרים)",
        "alt_name:zh": "国防部;埃及国防部",
        "government": "ministry",
        "name": "الأوكتاجون",
        "name:ar": "الأوكتاجون",
        "name:en": "The Octagon",
        "name:es": "El Octágono",
        "name:he": "האוקטגון",
        "name:tr": "Sekizgen",
        "name:zh": "八角大楼",
        "office": "government",
        "phone": "+20224144247",
        "website": "https://www.mod.gov.eg/ModWebSite/",
        "wikidata": "Q97280156",
        "@geometry": "center"
      },
      "geometry": {
        "type": "Point",
        "coordinates": [
          31.6540902,
          29.9379301
        ]
      },
      "id": "way/859434000"
    },
    {
      "type": "Feature",
      "properties": {
        "@id": "way/875172238",
        "amenity": "police",
        "building": "yes",
        "@geometry": "center"
      },
      "geometry": {
        "type": "Point",
        "coordinates": [
          25.5192885,
          29.2046181
        ]
      },
      "id": "way/875172238"
    },
    {
      "type": "Feature",
      "properties": {
        "@id": "way/876027711",
        "amenity": "police",
        "building": "yes",
        "name": "قسم شرطة المقطم",
        "@geometry": "center"
      },
      "geometry": {
        "type": "Point",
        "coordinates": [
          31.3305278,
          30.011132
        ]
      },
      "id": "way/876027711"
    },
    {
      "type": "Feature",
      "properties": {
        "@id": "way/881717865",
        "addr:city": "قلين",
        "man_made": "water_works",
        "name": "محطة مياة شرب قلين",
        "operator": "شركة المياة والشرب",
        "@geometry": "center"
      },
      "geometry": {
        "type": "Point",
        "coordinates": [
          30.8354148,
          31.0495541
        ]
      },
      "id": "way/881717865"
    },
    {
      "type": "Feature",
      "properties": {
        "@id": "way/888861986",
        "amenity": "police",
        "building": "yes",
        "name": "El Dawahi Police Station",
        "@geometry": "center"
      },
      "geometry": {
        "type": "Point",
        "coordinates": [
          32.2817967,
          31.2499877
        ]
      },
      "id": "way/888861986"
    },
    {
      "type": "Feature",
      "properties": {
        "@id": "node/894105662",
        "amenity": "police",
        "name": "قسم شرطة الأهرام",
        "name:ar": "قسم شرطة الأهرام",
        "name:en": "Al-Ahram Police Station",
        "name:fa": "اداره پلیس اهرام مصر"
      },
      "geometry": {
        "type": "Point",
        "coordinates": [
          31.1337406,
          29.9839332
        ]
      },
      "id": "node/894105662"
    },
    {
      "type": "Feature",
      "properties": {
        "@id": "way/896454999",
        "name": "Marsa Alam Solar Power Station",
        "name:en": "Marsa Alam Solar Power Station",
        "plant:method": "photovoltaic",
        "plant:output:electricity": "6 MW",
        "plant:source": "solar",
        "power": "plant",
        "source": "https://masdar.ae/en/renewables/our-projects/red-sea-solar-pv-plants",
        "start_date": "2016",
        "@geometry": "center"
      },
      "geometry": {
        "type": "Point",
        "coordinates": [
          34.87282,
          25.062648
        ]
      },
      "id": "way/896454999"
    },
    {
      "type": "Feature",
      "properties": {
        "@id": "node/900959878",
        "amenity": "police"
      },
      "geometry": {
        "type": "Point",
        "coordinates": [
          31.0515835,
          29.9513203
        ]
      },
      "id": "node/900959878"
    },
    {
      "type": "Feature",
      "properties": {
        "@id": "way/901715757",
        "addr:street": "Incontinental district, across Samra Bay",
        "building": "yes",
        "consulate": "consulate_general",
        "country": "RU",
        "diplomatic": "consulate",
        "email": "gkhurghada@mid.ru",
        "name": "القنصلية الروسية",
        "name:ar": "القنصلية الروسية",
        "name:en": "Russian consulate",
        "name:ru": "Генеральное консульство России в Хургаде",
        "office": "diplomatic",
        "opening_hours": "Su, Tu-Th 09:30-13:30",
        "phone": "+200653465757",
        "website": "https://hurghada.mid.ru",
        "@geometry": "center"
      },
      "geometry": {
        "type": "Point",
        "coordinates": [
          33.8262565,
          27.1557215
        ]
      },
      "id": "way/901715757"
    },
    {
      "type": "Feature",
      "properties": {
        "@id": "node/903389037",
        "country": "NL",
        "diplomatic": "embassy",
        "embassy": "yes",
        "name": "سفارة هولندا",
        "name:ar": "سفارة هولندا",
        "name:de": "Botschaft der Niederlande",
        "name:en": "Embassy of Netherlands",
        "name:es": "Embajada de Holanda",
        "name:fr": "Ambassade des Pays-Bas",
        "name:nl": "Nederlandse ambassade",
        "office": "diplomatic",
        "target": "EG",
        "wikidata": "Q38055159"
      },
      "geometry": {
        "type": "Point",
        "coordinates": [
          31.2209575,
          30.0587307
        ]
      },
      "id": "node/903389037"
    },
    {
      "type": "Feature",
      "properties": {
        "@id": "node/903398351",
        "addr:city": "القاهرة",
        "addr:street": "شارع ابن زنكي",
        "country": "LY",
        "diplomatic": "embassy",
        "embassy": "yes",
        "name": "السفارة الليبية",
        "name:ar": "السفارة الليبية",
        "name:de": "Botschaft von Libyen",
        "name:en": "Embassy of Libya",
        "name:es": "Embajada de Libia",
        "name:fr": "Ambassade de Libye",
        "name:it": "Ambasciata della Libia",
        "office": "diplomatic",
        "phone": "+20 2 27351269",
        "target": "EG"
      },
      "geometry": {
        "type": "Point",
        "coordinates": [
          31.2193777,
          30.0596807
        ]
      },
      "id": "node/903398351"
    },
    {
      "type": "Feature",
      "properties": {
        "@id": "node/903403723",
        "addr:housenumber": "5",
        "addr:street": "شارع المنصور محمد",
        "country": "CD",
        "diplomatic": "embassy",
        "embassy": "yes",
        "name": "سفارة الكونغو الديمقراطية",
        "name:ar": "سفارة الكونغو الديمقراطية",
        "name:de": "Botschaft der Demokratischen Republik Kongo",
        "name:en": "Embassy of the Democratic Republic of Congo",
        "name:es": "Embajada de la República Democrática del Congo",
        "name:fr": "Ambassade de République Démocratique du Congo",
        "office": "diplomatic",
        "target": "EG"
      },
      "geometry": {
        "type": "Point",
        "coordinates": [
          31.2178328,
          30.0612129
        ]
      },
      "id": "node/903403723"
    },
    {
      "type": "Feature",
      "properties": {
        "@id": "way/905259220",
        "building": "yes",
        "name": "جهاز تنمية مدينة قنا الجديدة",
        "office": "government",
        "@geometry": "center"
      },
      "geometry": {
        "type": "Point",
        "coordinates": [
          32.7354227,
          26.2383815
        ]
      },
      "id": "way/905259220"
    },
    {
      "type": "Feature",
      "properties": {
        "@id": "way/912384429",
        "addr:country": "EG",
        "addr:district": "المعادى",
        "addr:district:en": "El Maadi",
        "addr:housenumber": "62",
        "addr:postcode": "11728",
        "addr:province": "القاهرة",
        "addr:province:en": "Cairo",
        "addr:street": "شارع القنال",
        "addr:street:en": "Canal Street",
        "addr:subdistrict": "السرايات الغربيه",
        "addr:subdistrict:en": "West Al Sarayat",
        "building": "yes",
        "contact:email": "ambaga.egypte@diplomatie.gouv.ga",
        "contact:phone": "+20 2 3304 3972",
        "country": "GA",
        "diplomatic": "embassy",
        "embassy": "yes",
        "name": "embassy;سفارة جمهورية الغابون",
        "name:ar": "سفارة جمهورية الغابون",
        "name:en": "Embassy of Gabon",
        "name:fr": "Ambassade du Gabon",
        "office": "diplomatic",
        "target": "EG",
        "@geometry": "center"
      },
      "geometry": {
        "type": "Point",
        "coordinates": [
          31.2625214,
          29.9564734
        ]
      },
      "id": "way/912384429"
    },
    {
      "type": "Feature",
      "properties": {
        "@id": "way/912384430",
        "addr:country": "EG",
        "addr:district": "المعادى",
        "addr:district:en": "El Maadi",
        "addr:housenumber": "60",
        "addr:postcode": "11728",
        "addr:province": "القاهرة",
        "addr:province:en": "Cairo",
        "addr:street": "شارع القنال",
        "addr:street:en": "Canal Street",
        "addr:subdistrict": "السرايات الغربيه",
        "addr:subdistrict:en": "West Al Sarayat",
        "building": "yes",
        "country": "KE",
        "diplomatic": "embassy",
        "embassy": "yes",
        "name": "Embassy of the Republic of Kenya",
        "name:fr": "Ambassade du Kenya",
        "office": "diplomatic",
        "target": "EG",
        "@geometry": "center"
      },
      "geometry": {
        "type": "Point",
        "coordinates": [
          31.2625175,
          29.9562693
        ]
      },
      "id": "way/912384430"
    },
    {
      "type": "Feature",
      "properties": {
        "@id": "node/914032347",
        "amenity": "police"
      },
      "geometry": {
        "type": "Point",
        "coordinates": [
          31.3442952,
          30.8974718
        ]
      },
      "id": "node/914032347"
    },
    {
      "type": "Feature",
      "properties": {
        "@id": "node/914817090",
        "amenity": "police"
      },
      "geometry": {
        "type": "Point",
        "coordinates": [
          33.8281687,
          27.2560436
        ]
      },
      "id": "node/914817090"
    },
    {
      "type": "Feature",
      "properties": {
        "@id": "way/922847854",
        "addr:city": "القاهرة",
        "addr:housenumber": "9",
        "addr:postcode": "11568",
        "addr:street": "شارع محمد مظهر",
        "country": "IQ",
        "diplomatic": "embassy",
        "embassy": "yes",
        "name": "سفارة العراق ودار سكن السفير في القاهرة",
        "office": "diplomatic",
        "target": "EG",
        "@geometry": "center"
      },
      "geometry": {
        "type": "Point",
        "coordinates": [
          31.223255,
          30.0646808
        ]
      },
      "id": "way/922847854"
    },
    {
      "type": "Feature",
      "properties": {
        "@id": "way/923817892",
        "barrier": "fence",
        "name": "محطة الخلايا الفوتو فلطية بكوم امبو",
        "name:en": "Kom Ombo Solar Power Station",
        "plant:method": "photovoltaic",
        "plant:output:electricity": "26 MW",
        "plant:source": "solar",
        "power": "plant",
        "start_date": "2020",
        "@geometry": "center"
      },
      "geometry": {
        "type": "Point",
        "coordinates": [
          32.8105322,
          24.6145636
        ]
      },
      "id": "way/923817892"
    },
    {
      "type": "Feature",
      "properties": {
        "@id": "way/923817895",
        "plant:method": "photovoltaic",
        "plant:output:electricity": "yes",
        "plant:source": "solar",
        "power": "plant",
        "@geometry": "center"
      },
      "geometry": {
        "type": "Point",
        "coordinates": [
          32.8560254,
          24.4395309
        ]
      },
      "id": "way/923817895"
    },
    {
      "type": "Feature",
      "properties": {
        "@id": "way/925360837",
        "man_made": "water_works",
        "@geometry": "center"
      },
      "geometry": {
        "type": "Point",
        "coordinates": [
          31.0265225,
          29.1994068
        ]
      },
      "id": "way/925360837"
    },
    {
      "type": "Feature",
      "properties": {
        "@id": "way/925360883",
        "man_made": "water_works",
        "@geometry": "center"
      },
      "geometry": {
        "type": "Point",
        "coordinates": [
          32.3603569,
          30.4544091
        ]
      },
      "id": "way/925360883"
    },
    {
      "type": "Feature",
      "properties": {
        "@id": "way/930414508",
        "barrier": "fence",
        "landuse": "industrial",
        "name": "محطة سيدي كرير3 ,4",
        "name:en": "Sidi Krir 3 & 4 Power Plant",
        "operator": "Egyptian Electricity Holding Company (EEHC)",
        "plant:method": "combustion",
        "plant:output:electricity": "682.5 MW",
        "plant:source": "gas",
        "power": "plant",
        "source": "http://globalenergyobservatory.org/geoid/5396",
        "start_date": "2002",
        "wikidata": "Q56359664",
        "@geometry": "center"
      },
      "geometry": {
        "type": "Point",
        "coordinates": [
          29.6581136,
          31.0428256
        ]
      },
      "id": "way/930414508"
    },
    {
      "type": "Feature",
      "properties": {
        "@id": "way/938809536",
        "plant:method": "photovoltaic",
        "plant:output:electricity": "yes",
        "plant:source": "solar",
        "power": "plant",
        "@geometry": "center"
      },
      "geometry": {
        "type": "Point",
        "coordinates": [
          31.4778902,
          31.4494848
        ]
      },
      "id": "way/938809536"
    },
    {
      "type": "Feature",
      "properties": {
        "@id": "way/966580090",
        "building": "yes",
        "name": "the educational administration",
        "office": "government",
        "@geometry": "center"
      },
      "geometry": {
        "type": "Point",
        "coordinates": [
          31.2755292,
          29.8475611
        ]
      },
      "id": "way/966580090"
    },
    {
      "type": "Feature",
      "properties": {
        "@id": "way/970309803",
        "amenity": "police",
        "building": "yes",
        "@geometry": "center"
      },
      "geometry": {
        "type": "Point",
        "coordinates": [
          34.3170528,
          27.909956
        ]
      },
      "id": "way/970309803"
    },
    {
      "type": "Feature",
      "properties": {
        "@id": "way/979544407",
        "name": "Abu Ramad Solar Power Station",
        "name:en": "Abu Ramad Solar Power Station",
        "plant:method": "photovoltaic",
        "plant:output:electricity": "2 MW",
        "plant:source": "solar",
        "power": "plant",
        "source": "https://masdar.ae/en/renewables/our-projects/red-sea-solar-pv-plants",
        "start_date": "2016",
        "@geometry": "center"
      },
      "geometry": {
        "type": "Point",
        "coordinates": [
          36.4087871,
          22.4044299
        ]
      },
      "id": "way/979544407"
    },
    {
      "type": "Feature",
      "properties": {
        "@id": "way/986694828",
        "amenity": "police",
        "building": "yes",
        "layer": "1",
        "name": "قسم شرطه بولاق الدكرور",
        "name:en": "Boulak Eldakrour police station",
        "@geometry": "center"
      },
      "geometry": {
        "type": "Point",
        "coordinates": [
          31.1998616,
          30.0275489
        ]
      },
      "id": "way/986694828"
    },
    {
      "type": "Feature",
      "properties": {
        "@id": "way/995066183",
        "addr:city": "أسوان‎",
        "addr:street": "شارع الفنادق",
        "building": "yes",
        "consulate": "consulate_general",
        "country": "SD",
        "diplomatic": "consulate",
        "name": "القنصلية العامة لجمهورية السودان-اسوان",
        "name:ar": "القنصلية العامة لجمهورية السودان-اسوان",
        "name:en": "Consulate General of the Republic of Sudan",
        "office": "diplomatic",
        "phone": "+20972422238.",
        "target": "EG",
        "@geometry": "center"
      },
      "geometry": {
        "type": "Point",
        "coordinates": [
          32.8804971,
          24.0690109
        ]
      },
      "id": "way/995066183"
    },
    {
      "type": "Feature",
      "properties": {
        "@id": "way/998145018",
        "plant:method": "photovoltaic",
        "plant:output:electricity": "yes",
        "plant:source": "solar",
        "power": "plant",
        "@geometry": "center"
      },
      "geometry": {
        "type": "Point",
        "coordinates": [
          30.5552986,
          27.9126923
        ]
      },
      "id": "way/998145018"
    },
    {
      "type": "Feature",
      "properties": {
        "@id": "way/1002243022",
        "man_made": "water_works",
        "@geometry": "center"
      },
      "geometry": {
        "type": "Point",
        "coordinates": [
          32.3627661,
          30.2767873
        ]
      },
      "id": "way/1002243022"
    },
    {
      "type": "Feature",
      "properties": {
        "@id": "way/1002939778",
        "man_made": "water_works",
        "@geometry": "center"
      },
      "geometry": {
        "type": "Point",
        "coordinates": [
          31.6226641,
          22.3403786
        ]
      },
      "id": "way/1002939778"
    },
    {
      "type": "Feature",
      "properties": {
        "@id": "way/1003726698",
        "building": "yes",
        "consulate": "yes",
        "country": "RU",
        "diplomatic": "consulate",
        "name": "Russian Council",
        "name:fr": "Consulat de Russie",
        "office": "diplomatic",
        "target": "EG",
        "@geometry": "center"
      },
      "geometry": {
        "type": "Point",
        "coordinates": [
          29.9557643,
          31.2375752
        ]
      },
      "id": "way/1003726698"
    },
    {
      "type": "Feature",
      "properties": {
        "@id": "way/1003959273",
        "building": "yes",
        "check_date": "2024-02-27",
        "country": "LY",
        "diplomatic": "consulate",
        "name": "القنصلية الليبية",
        "name:en": "Libya consulate",
        "name:fr": "Consulat de Lybie",
        "office": "diplomatic",
        "target": "EG",
        "@geometry": "center"
      },
      "geometry": {
        "type": "Point",
        "coordinates": [
          29.9752931,
          31.2464698
        ]
      },
      "id": "way/1003959273"
    },
    {
      "type": "Feature",
      "properties": {
        "@id": "way/1005181118",
        "amenity": "police",
        "building": "yes",
        "operator": "Egyptian Ministry of Interiors",
        "@geometry": "center"
      },
      "geometry": {
        "type": "Point",
        "coordinates": [
          30.0126754,
          31.2813818
        ]
      },
      "id": "way/1005181118"
    },
    {
      "type": "Feature",
      "properties": {
        "@id": "way/1006703060",
        "man_made": "water_works",
        "name": "Water facility Qanater station",
        "name:ar": "مرفق مياه محطة القناطر",
        "name:de": "Wasseranlage Qanater",
        "@geometry": "center"
      },
      "geometry": {
        "type": "Point",
        "coordinates": [
          31.1079678,
          30.1824316
        ]
      },
      "id": "way/1006703060"
    },
    {
      "type": "Feature",
      "properties": {
        "@id": "way/1007810266",
        "building": "yes",
        "man_made": "water_works",
        "@geometry": "center"
      },
      "geometry": {
        "type": "Point",
        "coordinates": [
          34.2894323,
          27.8614984
        ]
      },
      "id": "way/1007810266"
    },
    {
      "type": "Feature",
      "properties": {
        "@id": "way/1016187890",
        "plant:method": "photovoltaic",
        "plant:output:electricity": "yes",
        "plant:source": "solar",
        "power": "plant",
        "@geometry": "center"
      },
      "geometry": {
        "type": "Point",
        "coordinates": [
          35.4219977,
          23.9811012
        ]
      },
      "id": "way/1016187890"
    },
    {
      "type": "Feature",
      "properties": {
        "@id": "way/1020884397",
        "amenity": "prison",
        "name": "مركز الإصلاح والتأهيل بوادى النطرون - مجمع السجون",
        "name:ar": "مركز الإصلاح والتأهيل بوادى النطرون - مجمع السجون",
        "name:en": "Correction and Rehabilitation Center in Wadi El Natroun - Prison Complex",
        "@geometry": "center"
      },
      "geometry": {
        "type": "Point",
        "coordinates": [
          30.4527262,
          30.3591535
        ]
      },
      "id": "way/1020884397"
    },
    {
      "type": "Feature",
      "properties": {
        "@id": "way/1021889538",
        "building": "ministry",
        "government": "ministry",
        "layer": "1",
        "name": "وزارة العدل",
        "name:ar": "وزارة العدل",
        "name:de": "Justizministerium",
        "name:en": "Ministry of Justice",
        "name:es": "Ministerio de Justicia",
        "office": "government",
        "wikidata": "Q4294857",
        "wikipedia": "ar:وزارة العدل (مصر)",
        "@geometry": "center"
      },
      "geometry": {
        "type": "Point",
        "coordinates": [
          31.7508448,
          30.0111293
        ]
      },
      "id": "way/1021889538"
    },
    {
      "type": "Feature",
      "properties": {
        "@id": "node/1023942808",
        "access": "yes",
        "barrier": "checkpoint"
      },
      "geometry": {
        "type": "Point",
        "coordinates": [
          34.7793476,
          25.2608536
        ]
      },
      "id": "node/1023942808"
    },
    {
      "type": "Feature",
      "properties": {
        "@id": "way/1031718780",
        "addr:city": "Helwan",
        "amenity": "prison",
        "barrier": "wall",
        "name": "سجن حلوان",
        "name:en": "Helwan Prison",
        "@geometry": "center"
      },
      "geometry": {
        "type": "Point",
        "coordinates": [
          31.3539644,
          29.8652494
        ]
      },
      "id": "way/1031718780"
    },
    {
      "type": "Feature",
      "properties": {
        "@id": "way/1039261456",
        "building": "yes",
        "government": "tax",
        "name": "El-Sheikh Zayed & October Real Estate Taxation",
        "name:ar": "مأمورية الضرائب العقارية للشيخ زايد و أكتوبر",
        "office": "government",
        "@geometry": "center"
      },
      "geometry": {
        "type": "Point",
        "coordinates": [
          30.9949468,
          30.0308276
        ]
      },
      "id": "way/1039261456"
    },
    {
      "type": "Feature",
      "properties": {
        "@id": "way/1057672882",
        "amenity": "police",
        "building": "yes",
        "name:en": "Edfu Police Station",
        "@geometry": "center"
      },
      "geometry": {
        "type": "Point",
        "coordinates": [
          32.8800214,
          24.9793301
        ]
      },
      "id": "way/1057672882"
    },
    {
      "type": "Feature",
      "properties": {
        "@id": "way/1057701972",
        "amenity": "police",
        "name": "مركز شرطة السياحة _ قوة حراسة المعبد",
        "name:ar": "مركز شرطة السياحة _ قوة حراسة المعبد",
        "name:en": "Tourism Police Station - Temple Guard Force",
        "@geometry": "center"
      },
      "geometry": {
        "type": "Point",
        "coordinates": [
          32.872673,
          24.9750322
        ]
      },
      "id": "way/1057701972"
    },
    {
      "type": "Feature",
      "properties": {
        "@id": "way/1063271086",
        "name": "Shalateen Solar Power Station",
        "name:en": "Shalateen Solar Power Station",
        "plant:method": "photovoltaic",
        "plant:output:electricity": "5 MW",
        "plant:source": "solar",
        "power": "plant",
        "source": "https://masdar.ae/en/renewables/our-projects/red-sea-solar-pv-plants",
        "start_date": "2016",
        "@geometry": "center"
      },
      "geometry": {
        "type": "Point",
        "coordinates": [
          35.6124113,
          23.1272331
        ]
      },
      "id": "way/1063271086"
    },
    {
      "type": "Feature",
      "properties": {
        "@id": "way/1071216954",
        "amenity": "police",
        "building": "yes",
        "@geometry": "center"
      },
      "geometry": {
        "type": "Point",
        "coordinates": [
          29.8997868,
          31.1952808
        ]
      },
      "id": "way/1071216954"
    },
    {
      "type": "Feature",
      "properties": {
        "@id": "way/1071216963",
        "addr:city": "الإسكندرية",
        "addr:country": "EG",
        "addr:district": "العطارين",
        "addr:district:en": "Al Attarin",
        "addr:housenumber": "7",
        "addr:postcode": "21521",
        "addr:province": "الاسكندرية",
        "addr:province:en": "Alexandria",
        "addr:street": "شارع محمود باشا الفلكى",
        "addr:street:en": "Mahmoud Pasha Al Falaki Street",
        "addr:subdistrict": "المسله غرب و شريف باشا",
        "addr:subdistrict:en": "Al Masala West And Sherif Basha",
        "alt_name:en": "Alexandria Immigration Department",
        "building": "yes",
        "name": "الجوازت و الهجرة",
        "name:ar": "الجوازت و الهجرة",
        "name:en": "Immigration & Passports",
        "office": "government",
        "smoking": "no",
        "wheelchair": "no",
        "wikidata": "Q111524309",
        "@geometry": "center"
      },
      "geometry": {
        "type": "Point",
        "coordinates": [
          29.8975868,
          31.1970262
        ]
      },
      "id": "way/1071216963"
    },
    {
      "type": "Feature",
      "properties": {
        "@id": "way/1074623543",
        "plant:method": "photovoltaic",
        "plant:output:electricity": "yes",
        "plant:source": "solar",
        "power": "plant",
        "@geometry": "center"
      },
      "geometry": {
        "type": "Point",
        "coordinates": [
          27.9631235,
          27.0468338
        ]
      },
      "id": "way/1074623543"
    },
    {
      "type": "Feature",
      "properties": {
        "@id": "way/1076816636",
        "plant:method": "photovoltaic",
        "plant:output:electricity": "yes",
        "plant:source": "solar",
        "power": "plant",
        "@geometry": "center"
      },
      "geometry": {
        "type": "Point",
        "coordinates": [
          36.7175673,
          22.034464
        ]
      },
      "id": "way/1076816636"
    },
    {
      "type": "Feature",
      "properties": {
        "@id": "way/1076816676",
        "amenity": "police",
        "building": "yes",
        "@geometry": "center"
      },
      "geometry": {
        "type": "Point",
        "coordinates": [
          36.7077689,
          21.9970258
        ]
      },
      "id": "way/1076816676"
    },
    {
      "type": "Feature",
      "properties": {
        "@id": "way/1078338813",
        "building": "yes",
        "office": "government",
        "@geometry": "center"
      },
      "geometry": {
        "type": "Point",
        "coordinates": [
          29.9075444,
          31.2035391
        ]
      },
      "id": "way/1078338813"
    },
    {
      "type": "Feature",
      "properties": {
        "@id": "way/1083333286",
        "landuse": "industrial",
        "name": "EL-AMERYA FTZ",
        "power": "plant",
        "@geometry": "center"
      },
      "geometry": {
        "type": "Point",
        "coordinates": [
          29.7623489,
          31.0278872
        ]
      },
      "id": "way/1083333286"
    },
    {
      "type": "Feature",
      "properties": {
        "@id": "way/1084672053",
        "name": "دار الوثائق القومية",
        "name:ar": "دار الوثائق القومية",
        "name:en": "National Archives of Egypt",
        "name:fa": "آرشیو ملی مصر",
        "office": "government",
        "@geometry": "center"
      },
      "geometry": {
        "type": "Point",
        "coordinates": [
          31.2472479,
          30.0058478
        ]
      },
      "id": "way/1084672053"
    },
    {
      "type": "Feature",
      "properties": {
        "@id": "way/1086604449",
        "plant:method": "photovoltaic",
        "plant:source": "solar",
        "power": "plant",
        "@geometry": "center"
      },
      "geometry": {
        "type": "Point",
        "coordinates": [
          33.8818076,
          27.0606972
        ]
      },
      "id": "way/1086604449"
    },
    {
      "type": "Feature",
      "properties": {
        "@id": "way/1091327005",
        "addr:city": "صروة",
        "man_made": "water_works",
        "@geometry": "center"
      },
      "geometry": {
        "type": "Point",
        "coordinates": [
          30.8350932,
          31.0426518
        ]
      },
      "id": "way/1091327005"
    },
    {
      "type": "Feature",
      "properties": {
        "@id": "node/1099710671",
        "amenity": "police"
      },
      "geometry": {
        "type": "Point",
        "coordinates": [
          33.6153815,
          27.4202022
        ]
      },
      "id": "node/1099710671"
    },
    {
      "type": "Feature",
      "properties": {
        "@id": "way/1113392239",
        "addr:city": "القاهرة",
        "addr:country": "EG",
        "addr:district": "الزمالك",
        "addr:district:en": "El Zamalek",
        "addr:housenumber": "5",
        "addr:postcode": "11568",
        "addr:province": "القاهرة",
        "addr:province:en": "Cairo",
        "addr:street": "شارع عزيز أباظة",
        "addr:street:en": "Aziz Abaza Street",
        "addr:subdistrict": "محمد مظهر",
        "addr:subdistrict:en": "Mohamed Mazhar",
        "alt_name": "السفارة الهندية",
        "alt_name:ar": "السفارة الهندية",
        "alt_name:de": "Indische Botschaft",
        "alt_name:en": "Indian Embassy",
        "alt_name:es": "Embajada India",
        "alt_name:ur": "بھارتی سفارت خانہ",
        "building": "yes",
        "country": "IN",
        "diplomatic": "embassy",
        "embassy": "yes",
        "name": "سفارة جمهورية الهند",
        "name:ar": "سفارة جمهورية الهند",
        "name:de": "Botschaft der Republik Indien",
        "name:en": "Embassy of the Republic of India",
        "name:es": "Embajada de la República de la India",
        "name:fr": "Ambassade d'Inde",
        "name:ur": "جمہوریہ ہند کا سفارت خانہ",
        "office": "diplomatic",
        "phone": "+202 2736-0052",
        "target": "EG",
        "website": "https://www.eoicairo.gov.in/",
        "wikidata": "Q73094312",
        "@geometry": "center"
      },
      "geometry": {
        "type": "Point",
        "coordinates": [
          31.2246997,
          30.0601167
        ]
      },
      "id": "way/1113392239"
    },
    {
      "type": "Feature",
      "properties": {
        "@id": "way/1113392765",
        "addr:city": "Cairo",
        "addr:country": "EG",
        "addr:district": "الزمالك",
        "addr:district:en": "El Zamalek",
        "addr:housenumber": "15",
        "addr:postcode": "11568",
        "addr:province": "القاهرة",
        "addr:province:en": "Cairo",
        "addr:street": "شارع البرازيل",
        "addr:street:en": "El Brazil Street",
        "addr:subdistrict": "محمد مظهر",
        "addr:subdistrict:en": "Mohamed Mazhar",
        "building": "yes",
        "check_date": "2025-06-24",
        "country": "BH",
        "diplomatic": "embassy",
        "embassy": "yes",
        "name": "سفارة البحرين",
        "name:ar": "سفارة البحرين",
        "name:de": "Botschaft von Bahrain",
        "name:en": "Embassy of Bahrain",
        "name:es": "Embajada de Bahréin",
        "name:fr": "Ambassade de Bahreïn",
        "office": "diplomatic",
        "target": "EG",
        "website": "https://www.mofa.gov.bh/Default.aspx?tabid=4599",
        "wikidata": "Q68170734",
        "@geometry": "center"
      },
      "geometry": {
        "type": "Point",
        "coordinates": [
          31.2235022,
          30.0619408
        ]
      },
      "id": "way/1113392765"
    },
    {
      "type": "Feature",
      "properties": {
        "@id": "way/1120464768",
        "landuse": "industrial",
        "plant:method": "combustion",
        "plant:output:electricity": "yes",
        "plant:source": "oil",
        "power": "plant",
        "@geometry": "center"
      },
      "geometry": {
        "type": "Point",
        "coordinates": [
          35.422173,
          24.1975752
        ]
      },
      "id": "way/1120464768"
    },
    {
      "type": "Feature",
      "properties": {
        "@id": "way/1120852401",
        "barrier": "wall",
        "landuse": "industrial",
        "man_made": "water_works",
        "name": "Interwater",
        "@geometry": "center"
      },
      "geometry": {
        "type": "Point",
        "coordinates": [
          33.8239362,
          27.10893
        ]
      },
      "id": "way/1120852401"
    },
    {
      "type": "Feature",
      "properties": {
        "@id": "way/1121898035",
        "addr:country": "EG",
        "addr:district": "الزمالك",
        "addr:district:en": "El Zamalek",
        "addr:housenumber": "14",
        "addr:postcode": "11568",
        "addr:province": "القاهرة",
        "addr:province:en": "Cairo",
        "addr:street": "شارع البرازيل",
        "addr:street:en": "El Brazil Street",
        "addr:subdistrict": "محمد مظهر",
        "addr:subdistrict:en": "Mohamed Mazhar",
        "building": "yes",
        "check_date": "2024-10-22",
        "country": "DZ",
        "diplomatic": "embassy",
        "embassy": "yes",
        "name": "سفارة الجزائر",
        "name:ar": "سفارة الجزائر",
        "name:de": "Botschaft von Algerien",
        "name:en": "Embassy of Algeria",
        "name:es": "Embajada de Argelia",
        "name:fr": "Ambassade d'Algérie",
        "office": "diplomatic",
        "target": "EG",
        "@geometry": "center"
      },
      "geometry": {
        "type": "Point",
        "coordinates": [
          31.2227744,
          30.061907
        ]
      },
      "id": "way/1121898035"
    },
    {
      "type": "Feature",
      "properties": {
        "@id": "way/1121899521",
        "addr:city": "القاهرة",
        "addr:country": "EG",
        "addr:district": "الزمالك",
        "addr:district:en": "El Zamalek",
        "addr:housenumber": "3;6",
        "addr:postcode": "11568",
        "addr:province": "القاهرة",
        "addr:province:en": "Cairo",
        "addr:street": "شارع الملك الافضل",
        "addr:street:en": "Al Malek Al Afdal Street",
        "addr:subdistrict": "ابو الفدا",
        "addr:subdistrict:en": "Abo El Feda",
        "building": "yes",
        "country": "BG",
        "diplomatic": "embassy",
        "embassy": "yes",
        "name": "سفارة بلغاريا",
        "name:ar": "سفارة بلغاريا",
        "name:de": "Botschaft von Bulgarien",
        "name:en": "Embassy of Bulgaria",
        "name:es": "Embajada de Bulgaria",
        "name:fr": "Ambassade de Bulgarie",
        "office": "diplomatic",
        "opening_hours": "Su-Th 08:30-15:00",
        "phone": "+202 273 63 025",
        "target": "EG",
        "website": "https://www.mfa.bg/embassies/egypt",
        "wikidata": "Q109328425",
        "@geometry": "center"
      },
      "geometry": {
        "type": "Point",
        "coordinates": [
          31.2176284,
          30.0636189
        ]
      },
      "id": "way/1121899521"
    },
    {
      "type": "Feature",
      "properties": {
        "@id": "way/1123846148",
        "addr:country": "EG",
        "addr:district": "العجوزه",
        "addr:district:en": "Al Agouza",
        "addr:housenumber": "9",
        "addr:postcode": "12657",
        "addr:province": "الجيزه",
        "addr:province:en": "Giza",
        "addr:street": "شارع صدقي سليمان",
        "addr:street:en": "Sedki Suliman Street",
        "addr:subdistrict": "ميت عقبه",
        "addr:subdistrict:en": "Mit Okba",
        "alt_name": "سفارة البروندي",
        "building": "yes",
        "country": "BI",
        "diplomatic": "embassy",
        "embassy": "yes",
        "name": "سفارة البروندي",
        "name:ar": "سفارة البروندي",
        "name:en": "Embassy of Burundi",
        "name:fr": "Ambassade du Burundi",
        "office": "diplomatic",
        "target": "EG",
        "@geometry": "center"
      },
      "geometry": {
        "type": "Point",
        "coordinates": [
          31.191978,
          30.0568207
        ]
      },
      "id": "way/1123846148"
    },
    {
      "type": "Feature",
      "properties": {
        "@id": "way/1124108677",
        "addr:country": "EG",
        "addr:district": "باب شرق",
        "addr:district:en": "Bab Sharq",
        "addr:housenumber": "116",
        "addr:postcode": "21524",
        "addr:province": "الاسكندرية",
        "addr:province:en": "Alexandria",
        "addr:street": "شارع عمر لطفي",
        "addr:street:en": "Omar Lotfi Street",
        "addr:subdistrict": "الابراهيميه بحرى",
        "addr:subdistrict:en": "Al Ibrahimeya Bahary",
        "building": "yes",
        "name": "المصرية للاتصالات وي - الإبراهيمية",
        "name:ar": "المصرية للاتصالات - الإبراهيمية",
        "name:en": "Telecome Egypt WE - Ibrahimia",
        "office": "government",
        "@geometry": "center"
      },
      "geometry": {
        "type": "Point",
        "coordinates": [
          29.9276712,
          31.2157019
        ]
      },
      "id": "way/1124108677"
    },
    {
      "type": "Feature",
      "properties": {
        "@id": "way/1124111886",
        "building": "yes",
        "name": "سنترال التجمع الاول",
        "name:ar": "سنترال التجمع الاول",
        "name:en": "Central First Settlement",
        "office": "government",
        "@geometry": "center"
      },
      "geometry": {
        "type": "Point",
        "coordinates": [
          31.4479892,
          30.0645715
        ]
      },
      "id": "way/1124111886"
    },
    {
      "type": "Feature",
      "properties": {
        "@id": "node/1125333299",
        "amenity": "police",
        "name": "قسم شرطة الموسكي",
        "name:ar": "قسم شرطة الموسكي",
        "name:en": "El Mousky Police Station",
        "operator": "وزارة الداخلية"
      },
      "geometry": {
        "type": "Point",
        "coordinates": [
          31.2495329,
          30.0496485
        ]
      },
      "id": "node/1125333299"
    },
    {
      "type": "Feature",
      "properties": {
        "@id": "way/1127376533",
        "name": "محطة سيوه للطاقة الشمسية",
        "name:en": "Siwa Solar PV Plant",
        "operator": "Al Behira Electrical Distribution Company",
        "plant:method": "photovoltaic",
        "plant:output:electricity": "10 MW",
        "plant:source": "solar",
        "power": "plant",
        "start_date": "2015",
        "@geometry": "center"
      },
      "geometry": {
        "type": "Point",
        "coordinates": [
          25.5153998,
          29.1783961
        ]
      },
      "id": "way/1127376533"
    },
    {
      "type": "Feature",
      "properties": {
        "@id": "way/1134399103",
        "addr:city": "القاهرة",
        "alt_name": "سفارة الهندوراس",
        "building": "yes",
        "country": "HN",
        "diplomatic": "embassy",
        "embassy": "yes",
        "name": "سفارة الهندوراس",
        "name:ar": "سفارة الهندوراس",
        "name:de": "Botschaft von Honduras",
        "name:en": "Embassy of Honduras",
        "name:es": "Embajada de Honduras",
        "name:fr": "Ambassade du Honduras",
        "office": "diplomatic",
        "target": "EG",
        "@geometry": "center"
      },
      "geometry": {
        "type": "Point",
        "coordinates": [
          31.2209048,
          30.0657889
        ]
      },
      "id": "way/1134399103"
    },
    {
      "type": "Feature",
      "properties": {
        "@id": "way/1135303467",
        "landuse": "industrial",
        "name": "Damietta LNG Terminal Power Station",
        "power": "plant",
        "source": "https://www.bloomberg.com/press-releases/2022-11-01/mitsubishi-power-and-egypt-s-damietta-lng-sign-long-term-service",
        "@geometry": "center"
      },
      "geometry": {
        "type": "Point",
        "coordinates": [
          31.7450755,
          31.4693825
        ]
      },
      "id": "way/1135303467"
    },
    {
      "type": "Feature",
      "properties": {
        "@id": "way/1137441731",
        "landuse": "industrial",
        "name": "El Ameriya Refinery Power Plant",
        "power": "plant",
        "source": "https://www.gem.wiki/El_Ameriya_Refinery_power_station",
        "@geometry": "center"
      },
      "geometry": {
        "type": "Point",
        "coordinates": [
          29.8496682,
          31.0022413
        ]
      },
      "id": "way/1137441731"
    },
    {
      "type": "Feature",
      "properties": {
        "@id": "way/1140717256",
        "addr:city": "بركة السبع",
        "addr:street": "طريق النصر",
        "amenity": "police",
        "building": "yes",
        "layer": "1",
        "name": "قسم شرطة",
        "source": "survey;local knowledge;aerial imagery",
        "@geometry": "center"
      },
      "geometry": {
        "type": "Point",
        "coordinates": [
          31.0859297,
          30.6381599
        ]
      },
      "id": "way/1140717256"
    },
    {
      "type": "Feature",
      "properties": {
        "@id": "way/1145079634",
        "addr:city": "كفر الدوار",
        "addr:street": "شارع القنال",
        "building": "office",
        "government": "إدارة_تعليمية",
        "name": "إدارة بندر كفر الدوار التعليمية",
        "office": "government",
        "@geometry": "center"
      },
      "geometry": {
        "type": "Point",
        "coordinates": [
          30.129484,
          31.1313053
        ]
      },
      "id": "way/1145079634"
    },
    {
      "type": "Feature",
      "properties": {
        "@id": "way/1152586382",
        "building": "yes",
        "layer": "1",
        "office": "government",
        "@geometry": "center"
      },
      "geometry": {
        "type": "Point",
        "coordinates": [
          30.9945349,
          29.9745099
        ]
      },
      "id": "way/1152586382"
    },
    {
      "type": "Feature",
      "properties": {
        "@id": "node/1154534537",
        "amenity": "police"
      },
      "geometry": {
        "type": "Point",
        "coordinates": [
          34.8923901,
          29.4943328
        ]
      },
      "id": "node/1154534537"
    },
    {
      "type": "Feature",
      "properties": {
        "@id": "node/1154534650",
        "barrier": "border_control",
        "country": "EG",
        "name": "Taba border crossing (Egypt)"
      },
      "geometry": {
        "type": "Point",
        "coordinates": [
          34.9003964,
          29.4913222
        ]
      },
      "id": "node/1154534650"
    },
    {
      "type": "Feature",
      "properties": {
        "@id": "way/1154607673",
        "amenity": "police",
        "building": "yes",
        "name": "مرور رأس سدر",
        "operator": "Traffic",
        "@geometry": "center"
      },
      "geometry": {
        "type": "Point",
        "coordinates": [
          32.725464,
          29.5919869
        ]
      },
      "id": "way/1154607673"
    },
    {
      "type": "Feature",
      "properties": {
        "@id": "way/1176630292",
        "man_made": "water_works",
        "name": "Water research Institute",
        "operator": "researsh",
        "@geometry": "center"
      },
      "geometry": {
        "type": "Point",
        "coordinates": [
          30.8301702,
          27.9625902
        ]
      },
      "id": "way/1176630292"
    },
    {
      "type": "Feature",
      "properties": {
        "@id": "way/1178781554",
        "amenity": "prison",
        "@geometry": "center"
      },
      "geometry": {
        "type": "Point",
        "coordinates": [
          31.6184154,
          30.3309335
        ]
      },
      "id": "way/1178781554"
    },
    {
      "type": "Feature",
      "properties": {
        "@id": "way/1188368670",
        "amenity": "police",
        "building": "yes",
        "@geometry": "center"
      },
      "geometry": {
        "type": "Point",
        "coordinates": [
          30.8795596,
          30.1057739
        ]
      },
      "id": "way/1188368670"
    },
    {
      "type": "Feature",
      "properties": {
        "@id": "way/1190824160",
        "amenity": "police",
        "building": "yes",
        "@geometry": "center"
      },
      "geometry": {
        "type": "Point",
        "coordinates": [
          33.8223993,
          27.1970853
        ]
      },
      "id": "way/1190824160"
    },
    {
      "type": "Feature",
      "properties": {
        "@id": "way/1209094640",
        "amenity": "police",
        "building": "yes",
        "@geometry": "center"
      },
      "geometry": {
        "type": "Point",
        "coordinates": [
          33.8222085,
          27.180544
        ]
      },
      "id": "way/1209094640"
    },
    {
      "type": "Feature",
      "properties": {
        "@id": "way/1218416185",
        "addr:city": "Rafah",
        "amenity": "police",
        "building": "yes",
        "name": "Rafah Police Department",
        "@geometry": "center"
      },
      "geometry": {
        "type": "Point",
        "coordinates": [
          34.236419,
          31.2584775
        ]
      },
      "id": "way/1218416185"
    },
    {
      "type": "Feature",
      "properties": {
        "@id": "way/1219331952",
        "plant:source": "solar",
        "power": "plant",
        "@geometry": "center"
      },
      "geometry": {
        "type": "Point",
        "coordinates": [
          35.4104952,
          24.2363631
        ]
      },
      "id": "way/1219331952"
    },
    {
      "type": "Feature",
      "properties": {
        "@id": "way/1219378550",
        "plant:source": "solar",
        "power": "plant",
        "@geometry": "center"
      },
      "geometry": {
        "type": "Point",
        "coordinates": [
          28.745285,
          30.2643172
        ]
      },
      "id": "way/1219378550"
    },
    {
      "type": "Feature",
      "properties": {
        "@id": "way/1219590323",
        "plant:method": "photovoltaic",
        "plant:output:electricity": "yes",
        "plant:source": "solar",
        "power": "plant",
        "@geometry": "center"
      },
      "geometry": {
        "type": "Point",
        "coordinates": [
          33.4462367,
          30.1726213
        ]
      },
      "id": "way/1219590323"
    },
    {
      "type": "Feature",
      "properties": {
        "@id": "way/1221292369",
        "barrier": "fence",
        "man_made": "water_works",
        "@geometry": "center"
      },
      "geometry": {
        "type": "Point",
        "coordinates": [
          26.7174149,
          30.8571535
        ]
      },
      "id": "way/1221292369"
    },
    {
      "type": "Feature",
      "properties": {
        "@id": "way/1221292381",
        "amenity": "police",
        "building": "yes",
        "@geometry": "center"
      },
      "geometry": {
        "type": "Point",
        "coordinates": [
          26.7214455,
          30.8572769
        ]
      },
      "id": "way/1221292381"
    },
    {
      "type": "Feature",
      "properties": {
        "@id": "way/1223816667",
        "plant:method": "photovoltaic",
        "plant:output:electricity": "yes",
        "plant:source": "solar",
        "power": "plant",
        "@geometry": "center"
      },
      "geometry": {
        "type": "Point",
        "coordinates": [
          34.0059213,
          29.7845594
        ]
      },
      "id": "way/1223816667"
    },
    {
      "type": "Feature",
      "properties": {
        "@id": "way/1226138741",
        "building": "office",
        "office": "government",
        "@geometry": "center"
      },
      "geometry": {
        "type": "Point",
        "coordinates": [
          29.9310351,
          31.1706514
        ]
      },
      "id": "way/1226138741"
    },
    {
      "type": "Feature",
      "properties": {
        "@id": "way/1232053028",
        "amenity": "prison",
        "name": "مركز أصلاح وتأهيل ١٥ مايو",
        "name:ar": "مركز أصلاح وتأهيل ١٥ مايو",
        "name:en": "15th of May Correction and Rehabilitation Centre",
        "@geometry": "center"
      },
      "geometry": {
        "type": "Point",
        "coordinates": [
          31.4304104,
          29.8548062
        ]
      },
      "id": "way/1232053028"
    },
    {
      "type": "Feature",
      "properties": {
        "@id": "way/1232940967",
        "amenity": "police",
        "building": "yes",
        "@geometry": "center"
      },
      "geometry": {
        "type": "Point",
        "coordinates": [
          31.9227744,
          26.1876208
        ]
      },
      "id": "way/1232940967"
    },
    {
      "type": "Feature",
      "properties": {
        "@id": "way/1234647927",
        "amenity": "police",
        "building": "yes",
        "name": "Maadi Police Station",
        "name:ar": "قسم شرطة المعادي",
        "@geometry": "center"
      },
      "geometry": {
        "type": "Point",
        "coordinates": [
          31.2623082,
          29.9600745
        ]
      },
      "id": "way/1234647927"
    },
    {
      "type": "Feature",
      "properties": {
        "@id": "way/1234647928",
        "building": "yes",
        "name": "National Security Investigations",
        "name:ar": "مباحث أمن الدولة",
        "office": "government",
        "@geometry": "center"
      },
      "geometry": {
        "type": "Point",
        "coordinates": [
          31.2624564,
          29.9596406
        ]
      },
      "id": "way/1234647928"
    },
    {
      "type": "Feature",
      "properties": {
        "@id": "way/1236135578",
        "addr:city": "New Akhmim",
        "amenity": "prison",
        "name": "مركز الإصلاح والتأهيل",
        "name:ar": "مركز الإصلاح والتأهيل",
        "name:en": "New Akhmim Correction and Rehabilitation Center",
        "wikidata": "Q117840976",
        "wikipedia": "مركز الإصلاح والتأهيل بأخميم الجديدة",
        "@geometry": "center"
      },
      "geometry": {
        "type": "Point",
        "coordinates": [
          31.8576086,
          26.4761551
        ]
      },
      "id": "way/1236135578"
    },
    {
      "type": "Feature",
      "properties": {
        "@id": "way/1236342573",
        "amenity": "police",
        "building": "yes",
        "name": "مركز شرطة أخميم الجديدة",
        "name:ar": "مركز شرطة أخميم الجديدة",
        "name:en": "New Akhmim Police Station",
        "@geometry": "center"
      },
      "geometry": {
        "type": "Point",
        "coordinates": [
          31.8396617,
          26.4981501
        ]
      },
      "id": "way/1236342573"
    },
    {
      "type": "Feature",
      "properties": {
        "@id": "way/1236780483",
        "barrier": "fence",
        "name": "محطة توشكي للطاقة الشمسية",
        "name:en": "Toshka solar farm",
        "operator": "Complete Energy Solutions",
        "plant:method": "photovoltaic",
        "plant:output:electricity": "20 MW",
        "plant:source": "solar",
        "power": "plant",
        "start_date": "2017",
        "@geometry": "center"
      },
      "geometry": {
        "type": "Point",
        "coordinates": [
          31.3479538,
          22.654215
        ]
      },
      "id": "way/1236780483"
    },
    {
      "type": "Feature",
      "properties": {
        "@id": "way/1239095167",
        "plant:method": "photovoltaic",
        "plant:output:electricity": "yes",
        "plant:source": "solar",
        "power": "plant",
        "@geometry": "center"
      },
      "geometry": {
        "type": "Point",
        "coordinates": [
          34.7890907,
          25.2470136
        ]
      },
      "id": "way/1239095167"
    },
    {
      "type": "Feature",
      "properties": {
        "@id": "way/1240749712",
        "building": "yes",
        "plant:source": "solar",
        "power": "plant",
        "@geometry": "center"
      },
      "geometry": {
        "type": "Point",
        "coordinates": [
          30.5495598,
          30.3625332
        ]
      },
      "id": "way/1240749712"
    },
    {
      "type": "Feature",
      "properties": {
        "@id": "way/1242556553",
        "building": "yes",
        "government": "administrative",
        "name": "Passeport Office",
        "office": "government",
        "opening_hours": "08:00-14:00",
        "@geometry": "center"
      },
      "geometry": {
        "type": "Point",
        "coordinates": [
          32.8392466,
          24.2015801
        ]
      },
      "id": "way/1242556553"
    },
    {
      "type": "Feature",
      "properties": {
        "@id": "way/1244207729",
        "building": "yes",
        "name": "مبني قيادة مركز الإصلاح والتأهيل",
        "name:ar": "مبني قيادة مركز الإصلاح والتأهيل",
        "name:en": "Rehabilitation Center Central Command",
        "office": "government",
        "@geometry": "center"
      },
      "geometry": {
        "type": "Point",
        "coordinates": [
          31.8627161,
          26.4749047
        ]
      },
      "id": "way/1244207729"
    },
    {
      "type": "Feature",
      "properties": {
        "@id": "node/1259516976",
        "alt_name": "قنصلية فرنسا",
        "consulate": "yes",
        "country": "FR",
        "diplomatic": "consulate",
        "name": "قنصلية فرنسا",
        "name:ar": "قنصلية فرنسا",
        "name:en": "Consulate of France",
        "name:fr": "Consulat de France",
        "office": "diplomatic",
        "target": "EG"
      },
      "geometry": {
        "type": "Point",
        "coordinates": [
          31.2403024,
          30.0493116
        ]
      },
      "id": "node/1259516976"
    },
    {
      "type": "Feature",
      "properties": {
        "@id": "node/1263172942",
        "consulate": "consulate_general",
        "country": "LB",
        "diplomatic": "consulate",
        "name": "قنصلية لبنان",
        "name:ar": "قنصلية لبنان",
        "name:en": "Consulate General of Lebanon",
        "name:fr": "Consulat Général du Liban",
        "office": "diplomatic",
        "target": "EG",
        "wikidata": "Q111528894"
      },
      "geometry": {
        "type": "Point",
        "coordinates": [
          29.9079704,
          31.1988076
        ]
      },
      "id": "node/1263172942"
    },
    {
      "type": "Feature",
      "properties": {
        "@id": "node/1263180044",
        "amenity": "police",
        "name": "قسم شرطه السيده زينب",
        "name:ar": "قسم شرطه السيده زينب",
        "name:en": "Al-Sayeda Zeinab Police Station",
        "note": "burned (2/2011)"
      },
      "geometry": {
        "type": "Point",
        "coordinates": [
          31.2431974,
          30.0314562
        ]
      },
      "id": "node/1263180044"
    },
    {
      "type": "Feature",
      "properties": {
        "@id": "way/1275264029",
        "barrier": "wall",
        "name": "جهاز مشروعات الخدمة الوطنية",
        "name:en": "National Service Projects Authority",
        "office": "government",
        "@geometry": "center"
      },
      "geometry": {
        "type": "Point",
        "coordinates": [
          31.4266928,
          30.1357827
        ]
      },
      "id": "way/1275264029"
    },
    {
      "type": "Feature",
      "properties": {
        "@id": "way/1298720603",
        "addr:city": "Al-Hawamdiya",
        "building": "apartments",
        "government": "register_office",
        "name": "Regitration office of Hawamdiya",
        "office": "government",
        "opening_hours": "08:30-12:30,15:30-20:00",
        "wheelchair": "limited",
        "@geometry": "center"
      },
      "geometry": {
        "type": "Point",
        "coordinates": [
          31.2650621,
          29.8959361
        ]
      },
      "id": "way/1298720603"
    },
    {
      "type": "Feature",
      "properties": {
        "@id": "way/1300979798",
        "building": "yes",
        "government": "register_office",
        "name": "Driver and vehicle licensing agency",
        "office": "government",
        "@geometry": "center"
      },
      "geometry": {
        "type": "Point",
        "coordinates": [
          31.5337649,
          30.016984
        ]
      },
      "id": "way/1300979798"
    },
    {
      "type": "Feature",
      "properties": {
        "@id": "way/1306213777",
        "amenity": "police",
        "building": "yes",
        "source:geometry": "Bing Aerial Imagery",
        "@geometry": "center"
      },
      "geometry": {
        "type": "Point",
        "coordinates": [
          32.8360022,
          23.9854566
        ]
      },
      "id": "way/1306213777"
    },
    {
      "type": "Feature",
      "properties": {
        "@id": "way/1309283633",
        "plant:method": "photovoltaic",
        "plant:source": "solar",
        "power": "plant",
        "@geometry": "center"
      },
      "geometry": {
        "type": "Point",
        "coordinates": [
          30.9144128,
          30.0592688
        ]
      },
      "id": "way/1309283633"
    },
    {
      "type": "Feature",
      "properties": {
        "@id": "node/1315014566",
        "amenity": "police",
        "source": "Bing"
      },
      "geometry": {
        "type": "Point",
        "coordinates": [
          34.6724065,
          29.0258586
        ]
      },
      "id": "node/1315014566"
    },
    {
      "type": "Feature",
      "properties": {
        "@id": "way/1321707345",
        "building": "yes",
        "office": "government",
        "@geometry": "center"
      },
      "geometry": {
        "type": "Point",
        "coordinates": [
          31.3231949,
          29.9707176
        ]
      },
      "id": "way/1321707345"
    },
    {
      "type": "Feature",
      "properties": {
        "@id": "way/1324000708",
        "name": "Zafarana Solar Power Station",
        "name:en": "Zafarana Solar Power Station",
        "plant:method": "photovoltaic",
        "plant:output:electricity": "43 MW",
        "plant:source": "solar",
        "power": "plant",
        "start_date": "2022",
        "@geometry": "center"
      },
      "geometry": {
        "type": "Point",
        "coordinates": [
          32.543842,
          29.17729
        ]
      },
      "id": "way/1324000708"
    },
    {
      "type": "Feature",
      "properties": {
        "@id": "way/1324385422",
        "barrier": "fence",
        "name": "AMEA Kom Ombo Solar Power Plant",
        "name:fr": "Parc solaire de Kom Ombo",
        "plant:method": "photovoltaic",
        "plant:output:electricity": "500 MW",
        "plant:source": "solar",
        "power": "plant",
        "source": "https://www.ameapower.com/776-2/",
        "@geometry": "center"
      },
      "geometry": {
        "type": "Point",
        "coordinates": [
          32.6824701,
          24.583124
        ]
      },
      "id": "way/1324385422"
    },
    {
      "type": "Feature",
      "properties": {
        "@id": "way/1324385426",
        "barrier": "fence",
        "name": "ACWA Kom Ombo Solar Power Station",
        "name:en": "ACWA Kom Ombo Solar Power Station",
        "plant:method": "photovoltaic",
        "plant:output:electricity": "200 MW",
        "plant:source": "solar",
        "power": "plant",
        "source": "https://acwapower.com/en/projects/kom-ombo-pv/",
        "@geometry": "center"
      },
      "geometry": {
        "type": "Point",
        "coordinates": [
          32.7948425,
          24.614229
        ]
      },
      "id": "way/1324385426"
    },
    {
      "type": "Feature",
      "properties": {
        "@id": "way/1324385428",
        "landuse": "industrial",
        "name": "محطة كهرباء المساعيد الغازية",
        "name:ar": "محطة كهرباء المساعيد الغازية",
        "name:en": "Al-Masaeed Power Station",
        "operator": "East Delta Electricity Production Company",
        "plant:method": "combustion",
        "plant:output:electricity": "48.4 MW",
        "plant:source": "oil",
        "power": "plant",
        "source": "http://www.moee.gov.eg/english_new/EEHC_Rep/REP2021-2022en.pdf",
        "@geometry": "center"
      },
      "geometry": {
        "type": "Point",
        "coordinates": [
          33.7031556,
          31.1167793
        ]
      },
      "id": "way/1324385428"
    },
    {
      "type": "Feature",
      "properties": {
        "@id": "way/1327562259",
        "plant:source": "solar",
        "power": "plant",
        "@geometry": "center"
      },
      "geometry": {
        "type": "Point",
        "coordinates": [
          34.386728,
          28.0136163
        ]
      },
      "id": "way/1327562259"
    },
    {
      "type": "Feature",
      "properties": {
        "@id": "way/1328412032",
        "name": "Sukari Gold Mine Solar Plant",
        "plant:method": "photovoltaic",
        "plant:output:electricity": "36 MW",
        "plant:source": "solar",
        "power": "plant",
        "@geometry": "center"
      },
      "geometry": {
        "type": "Point",
        "coordinates": [
          34.7129023,
          24.9761262
        ]
      },
      "id": "way/1328412032"
    },
    {
      "type": "Feature",
      "properties": {
        "@id": "way/1340113287",
        "plant:method": "photovoltaic",
        "plant:output:electricity": "yes",
        "plant:source": "solar",
        "power": "plant",
        "@geometry": "center"
      },
      "geometry": {
        "type": "Point",
        "coordinates": [
          33.6205627,
          27.4163251
        ]
      },
      "id": "way/1340113287"
    },
    {
      "type": "Feature",
      "properties": {
        "@id": "way/1340142997",
        "plant:method": "photovoltaic",
        "plant:output:electricity": "yes",
        "plant:source": "solar",
        "power": "plant",
        "@geometry": "center"
      },
      "geometry": {
        "type": "Point",
        "coordinates": [
          34.7374678,
          25.3215582
        ]
      },
      "id": "way/1340142997"
    },
    {
      "type": "Feature",
      "properties": {
        "@id": "way/1340143004",
        "plant:method": "photovoltaic",
        "plant:output:electricity": "yes",
        "plant:source": "solar",
        "power": "plant",
        "@geometry": "center"
      },
      "geometry": {
        "type": "Point",
        "coordinates": [
          34.7910193,
          25.2398453
        ]
      },
      "id": "way/1340143004"
    },
    {
      "type": "Feature",
      "properties": {
        "@id": "way/1340804083",
        "amenity": "police",
        "building": "yes",
        "@geometry": "center"
      },
      "geometry": {
        "type": "Point",
        "coordinates": [
          34.5046497,
          28.8375671
        ]
      },
      "id": "way/1340804083"
    },
    {
      "type": "Feature",
      "properties": {
        "@id": "way/1341037936",
        "plant:method": "photovoltaic",
        "plant:output:electricity": "yes",
        "plant:source": "solar",
        "power": "plant",
        "@geometry": "center"
      },
      "geometry": {
        "type": "Point",
        "coordinates": [
          33.3587665,
          28.6871482
        ]
      },
      "id": "way/1341037936"
    },
    {
      "type": "Feature",
      "properties": {
        "@id": "way/1341923364",
        "amenity": "prison",
        "barrier": "wall",
        "landuse": "construction",
        "@geometry": "center"
      },
      "geometry": {
        "type": "Point",
        "coordinates": [
          33.2139284,
          30.4335997
        ]
      },
      "id": "way/1341923364"
    },
    {
      "type": "Feature",
      "properties": {
        "@id": "way/1344824109",
        "amenity": "prison",
        "name": "Minya Prison",
        "@geometry": "center"
      },
      "geometry": {
        "type": "Point",
        "coordinates": [
          30.8389174,
          28.0895685
        ]
      },
      "id": "way/1344824109"
    },
    {
      "type": "Feature",
      "properties": {
        "@id": "way/1353190423",
        "plant:method": "photovoltaic",
        "plant:output:electricity": "yes",
        "plant:source": "solar",
        "power": "plant",
        "@geometry": "center"
      },
      "geometry": {
        "type": "Point",
        "coordinates": [
          33.9579386,
          27.1831913
        ]
      },
      "id": "way/1353190423"
    },
    {
      "type": "Feature",
      "properties": {
        "@id": "way/1353190424",
        "plant:method": "photovoltaic",
        "plant:output:electricity": "yes",
        "plant:source": "solar",
        "power": "plant",
        "@geometry": "center"
      },
      "geometry": {
        "type": "Point",
        "coordinates": [
          33.9588999,
          27.1831228
        ]
      },
      "id": "way/1353190424"
    },
    {
      "type": "Feature",
      "properties": {
        "@id": "way/1353190425",
        "plant:method": "photovoltaic",
        "plant:output:electricity": "yes",
        "plant:source": "solar",
        "power": "plant",
        "@geometry": "center"
      },
      "geometry": {
        "type": "Point",
        "coordinates": [
          33.9587219,
          27.1832597
        ]
      },
      "id": "way/1353190425"
    },
    {
      "type": "Feature",
      "properties": {
        "@id": "way/1374700136",
        "plant:source": "solar",
        "power": "plant",
        "@geometry": "center"
      },
      "geometry": {
        "type": "Point",
        "coordinates": [
          33.971221,
          26.8759063
        ]
      },
      "id": "way/1374700136"
    },
    {
      "type": "Feature",
      "properties": {
        "@id": "way/1379046928",
        "building": "yes",
        "name": "رئاسة حى مصر القديمة",
        "name:ar": "رئاسة حى مصر القديمة",
        "name:en": "Misr El Qadima District Presidency",
        "office": "government",
        "source": "microsoft/BuildingFootprints",
        "website": "https://www.cairo.gov.eg/ar/Hay_Misr%20ElQdema/Pages/default.aspx",
        "@geometry": "center"
      },
      "geometry": {
        "type": "Point",
        "coordinates": [
          31.2391297,
          30.0149755
        ]
      },
      "id": "way/1379046928"
    },
    {
      "type": "Feature",
      "properties": {
        "@id": "way/1379118325",
        "building": "yes",
        "government": "water",
        "name": "شركة مياه الشرب بالقاهرة الكبرى - عين الصيرة",
        "name:ar": "شركة مياه الشرب بالقاهرة الكبرى - عين الصيرة",
        "office": "government",
        "operator": "الشركة القابضة لمياه الشرب والصرف الصحى",
        "phone": "125",
        "website": "http://www.gcwc.com.eg/",
        "@geometry": "center"
      },
      "geometry": {
        "type": "Point",
        "coordinates": [
          31.2421888,
          30.0156307
        ]
      },
      "id": "way/1379118325"
    },
    {
      "type": "Feature",
      "properties": {
        "@id": "way/1379118328",
        "branch": "فرع مركز خدمة عملاء عين الصيرة",
        "building": "yes",
        "government": "water",
        "name": "شركة مياه الشرب بالقاهرة الكبرى - مركز خدمة عملاء عين الصيرة",
        "name:ar": "شركة مياه الشرب بالقاهرة الكبرى - مركز خدمة عملاء عين الصيرة",
        "office": "government",
        "operator": "الشركة القابضة لمياه الشرب والصرف الصحى",
        "phone": "125",
        "website": "http://www.gcwc.com.eg/",
        "@geometry": "center"
      },
      "geometry": {
        "type": "Point",
        "coordinates": [
          31.2422934,
          30.0154727
        ]
      },
      "id": "way/1379118328"
    },
    {
      "type": "Feature",
      "properties": {
        "@id": "way/1387032531",
        "addr:city": "بورسعيد",
        "addr:street": "شارع صفيه زغلول",
        "amenity": "police",
        "building": "yes",
        "opening_hours": "24/7",
        "@geometry": "center"
      },
      "geometry": {
        "type": "Point",
        "coordinates": [
          32.2982514,
          31.266792
        ]
      },
      "id": "way/1387032531"
    },
    {
      "type": "Feature",
      "properties": {
        "@id": "way/1387356071",
        "amenity": "police",
        "building": "yes",
        "name": "الامن المركزى منطقة الاسكندرية",
        "operator": "وزارة الداخلية - جمهورية مصر العربية",
        "@geometry": "center"
      },
      "geometry": {
        "type": "Point",
        "coordinates": [
          30.0259832,
          31.2759328
        ]
      },
      "id": "way/1387356071"
    },
    {
      "type": "Feature",
      "properties": {
        "@id": "way/1390074925",
        "building": "yes",
        "office": "government",
        "@geometry": "center"
      },
      "geometry": {
        "type": "Point",
        "coordinates": [
          32.2915498,
          31.2634621
        ]
      },
      "id": "way/1390074925"
    },
    {
      "type": "Feature",
      "properties": {
        "@id": "way/1393672126",
        "plant:method": "photovoltaic",
        "plant:output:electricity": "yes",
        "plant:source": "solar",
        "power": "plant",
        "@geometry": "center"
      },
      "geometry": {
        "type": "Point",
        "coordinates": [
          34.9611367,
          24.9130839
        ]
      },
      "id": "way/1393672126"
    },
    {
      "type": "Feature",
      "properties": {
        "@id": "way/1424531701",
        "plant:source": "solar",
        "power": "plant",
        "@geometry": "center"
      },
      "geometry": {
        "type": "Point",
        "coordinates": [
          30.1930207,
          30.1823289
        ]
      },
      "id": "way/1424531701"
    },
    {
      "type": "Feature",
      "properties": {
        "@id": "way/1424534324",
        "plant:source": "solar",
        "power": "plant",
        "@geometry": "center"
      },
      "geometry": {
        "type": "Point",
        "coordinates": [
          29.700028,
          30.9275029
        ]
      },
      "id": "way/1424534324"
    },
    {
      "type": "Feature",
      "properties": {
        "@id": "way/1424534477",
        "plant:source": "solar",
        "power": "plant",
        "@geometry": "center"
      },
      "geometry": {
        "type": "Point",
        "coordinates": [
          31.2016775,
          27.3263027
        ]
      },
      "id": "way/1424534477"
    },
    {
      "type": "Feature",
      "properties": {
        "@id": "way/1424534512",
        "plant:source": "solar",
        "power": "plant",
        "@geometry": "center"
      },
      "geometry": {
        "type": "Point",
        "coordinates": [
          32.3211068,
          29.6805425
        ]
      },
      "id": "way/1424534512"
    },
    {
      "type": "Feature",
      "properties": {
        "@id": "way/1424652837",
        "plant:source": "solar",
        "power": "plant",
        "@geometry": "center"
      },
      "geometry": {
        "type": "Point",
        "coordinates": [
          30.2241907,
          30.2432146
        ]
      },
      "id": "way/1424652837"
    },
    {
      "type": "Feature",
      "properties": {
        "@id": "way/1424652927",
        "plant:source": "solar",
        "power": "plant",
        "@geometry": "center"
      },
      "geometry": {
        "type": "Point",
        "coordinates": [
          30.5885339,
          30.2611244
        ]
      },
      "id": "way/1424652927"
    },
    {
      "type": "Feature",
      "properties": {
        "@id": "way/1424652960",
        "plant:source": "solar",
        "power": "plant",
        "@geometry": "center"
      },
      "geometry": {
        "type": "Point",
        "coordinates": [
          32.72952,
          23.3042771
        ]
      },
      "id": "way/1424652960"
    },
    {
      "type": "Feature",
      "properties": {
        "@id": "way/1424653893",
        "plant:source": "solar",
        "power": "plant",
        "@geometry": "center"
      },
      "geometry": {
        "type": "Point",
        "coordinates": [
          30.4689288,
          30.5389289
        ]
      },
      "id": "way/1424653893"
    },
    {
      "type": "Feature",
      "properties": {
        "@id": "way/1424654065",
        "plant:source": "solar",
        "power": "plant",
        "@geometry": "center"
      },
      "geometry": {
        "type": "Point",
        "coordinates": [
          30.881069,
          28.0112297
        ]
      },
      "id": "way/1424654065"
    },
    {
      "type": "Feature",
      "properties": {
        "@id": "way/1424654103",
        "plant:source": "solar",
        "power": "plant",
        "@geometry": "center"
      },
      "geometry": {
        "type": "Point",
        "coordinates": [
          33.2139977,
          28.6568986
        ]
      },
      "id": "way/1424654103"
    },
    {
      "type": "Feature",
      "properties": {
        "@id": "way/1424654111",
        "plant:source": "solar",
        "power": "plant",
        "@geometry": "center"
      },
      "geometry": {
        "type": "Point",
        "coordinates": [
          30.4043332,
          27.964236
        ]
      },
      "id": "way/1424654111"
    },
    {
      "type": "Feature",
      "properties": {
        "@id": "way/1424654236",
        "plant:source": "solar",
        "power": "plant",
        "@geometry": "center"
      },
      "geometry": {
        "type": "Point",
        "coordinates": [
          27.8415522,
          26.4656244
        ]
      },
      "id": "way/1424654236"
    },
    {
      "type": "Feature",
      "properties": {
        "@id": "way/1424654322",
        "plant:source": "solar",
        "power": "plant",
        "@geometry": "center"
      },
      "geometry": {
        "type": "Point",
        "coordinates": [
          31.5959796,
          29.9957651
        ]
      },
      "id": "way/1424654322"
    },
    {
      "type": "Feature",
      "properties": {
        "@id": "way/1424654323",
        "plant:source": "solar",
        "power": "plant",
        "@geometry": "center"
      },
      "geometry": {
        "type": "Point",
        "coordinates": [
          31.5955331,
          29.9958212
        ]
      },
      "id": "way/1424654323"
    },
    {
      "type": "Feature",
      "properties": {
        "@id": "way/1424654324",
        "plant:source": "solar",
        "power": "plant",
        "@geometry": "center"
      },
      "geometry": {
        "type": "Point",
        "coordinates": [
          31.5950287,
          29.9958804
        ]
      },
      "id": "way/1424654324"
    },
    {
      "type": "Feature",
      "properties": {
        "@id": "way/1424654325",
        "plant:source": "solar",
        "power": "plant",
        "@geometry": "center"
      },
      "geometry": {
        "type": "Point",
        "coordinates": [
          31.5945822,
          29.995935
        ]
      },
      "id": "way/1424654325"
    },
    {
      "type": "Feature",
      "properties": {
        "@id": "way/1424654326",
        "plant:source": "solar",
        "power": "plant",
        "@geometry": "center"
      },
      "geometry": {
        "type": "Point",
        "coordinates": [
          31.5940779,
          29.9959919
        ]
      },
      "id": "way/1424654326"
    },
    {
      "type": "Feature",
      "properties": {
        "@id": "way/1424654327",
        "plant:source": "solar",
        "power": "plant",
        "@geometry": "center"
      },
      "geometry": {
        "type": "Point",
        "coordinates": [
          31.593634,
          29.9960489
        ]
      },
      "id": "way/1424654327"
    },
    {
      "type": "Feature",
      "properties": {
        "@id": "way/1424654375",
        "plant:source": "solar",
        "power": "plant",
        "@geometry": "center"
      },
      "geometry": {
        "type": "Point",
        "coordinates": [
          30.5031833,
          30.2175534
        ]
      },
      "id": "way/1424654375"
    },
    {
      "type": "Feature",
      "properties": {
        "@id": "way/1424654625",
        "plant:source": "solar",
        "power": "plant",
        "@geometry": "center"
      },
      "geometry": {
        "type": "Point",
        "coordinates": [
          32.1462267,
          29.7945676
        ]
      },
      "id": "way/1424654625"
    },
    {
      "type": "Feature",
      "properties": {
        "@id": "way/1424654803",
        "plant:source": "solar",
        "power": "plant",
        "@geometry": "center"
      },
      "geometry": {
        "type": "Point",
        "coordinates": [
          30.6291586,
          30.3387666
        ]
      },
      "id": "way/1424654803"
    },
    {
      "type": "Feature",
      "properties": {
        "@id": "way/1424667549",
        "plant:source": "solar",
        "power": "plant",
        "@geometry": "center"
      },
      "geometry": {
        "type": "Point",
        "coordinates": [
          30.5768555,
          25.4797842
        ]
      },
      "id": "way/1424667549"
    },
    {
      "type": "Feature",
      "properties": {
        "@id": "way/1424667884",
        "plant:source": "solar",
        "power": "plant",
        "@geometry": "center"
      },
      "geometry": {
        "type": "Point",
        "coordinates": [
          31.3331795,
          29.8262611
        ]
      },
      "id": "way/1424667884"
    },
    {
      "type": "Feature",
      "properties": {
        "@id": "way/1424667918",
        "plant:source": "solar",
        "power": "plant",
        "@geometry": "center"
      },
      "geometry": {
        "type": "Point",
        "coordinates": [
          28.9365546,
          28.2150834
        ]
      },
      "id": "way/1424667918"
    },
    {
      "type": "Feature",
      "properties": {
        "@id": "way/1424668267",
        "plant:source": "solar",
        "power": "plant",
        "@geometry": "center"
      },
      "geometry": {
        "type": "Point",
        "coordinates": [
          30.0517568,
          30.7047085
        ]
      },
      "id": "way/1424668267"
    },
    {
      "type": "Feature",
      "properties": {
        "@id": "way/1424668402",
        "plant:source": "solar",
        "power": "plant",
        "@geometry": "center"
      },
      "geometry": {
        "type": "Point",
        "coordinates": [
          30.8271646,
          30.1509419
        ]
      },
      "id": "way/1424668402"
    },
    {
      "type": "Feature",
      "properties": {
        "@id": "way/1424668815",
        "plant:source": "solar",
        "power": "plant",
        "@geometry": "center"
      },
      "geometry": {
        "type": "Point",
        "coordinates": [
          29.9955135,
          30.22319
        ]
      },
      "id": "way/1424668815"
    },
    {
      "type": "Feature",
      "properties": {
        "@id": "way/1424669172",
        "plant:source": "solar",
        "power": "plant",
        "@geometry": "center"
      },
      "geometry": {
        "type": "Point",
        "coordinates": [
          31.4396684,
          29.9896896
        ]
      },
      "id": "way/1424669172"
    },
    {
      "type": "Feature",
      "properties": {
        "@id": "way/1424669751",
        "plant:source": "solar",
        "power": "plant",
        "@geometry": "center"
      },
      "geometry": {
        "type": "Point",
        "coordinates": [
          31.4060658,
          30.0844782
        ]
      },
      "id": "way/1424669751"
    },
    {
      "type": "Feature",
      "properties": {
        "@id": "way/1424669971",
        "plant:source": "solar",
        "power": "plant",
        "@geometry": "center"
      },
      "geometry": {
        "type": "Point",
        "coordinates": [
          30.0842357,
          30.2782899
        ]
      },
      "id": "way/1424669971"
    },
    {
      "type": "Feature",
      "properties": {
        "@id": "way/1424670487",
        "plant:source": "solar",
        "power": "plant",
        "@geometry": "center"
      },
      "geometry": {
        "type": "Point",
        "coordinates": [
          29.0297037,
          28.7095715
        ]
      },
      "id": "way/1424670487"
    },
    {
      "type": "Feature",
      "properties": {
        "@id": "way/1426710207",
        "man_made": "water_works",
        "name": "محطة تحلية مياه عزيز الجديده",
        "@geometry": "center"
      },
      "geometry": {
        "type": "Point",
        "coordinates": [
          30.9263489,
          31.0385183
        ]
      },
      "id": "way/1426710207"
    },
    {
      "type": "Feature",
      "properties": {
        "@id": "way/1436796244",
        "amenity": "police",
        "name": "وحدة تراخيص مرور العتبة",
        "name:ar": "وحدة تراخيص مرور العتبة",
        "operator": "الإدارة العامة لمرور القاهرة",
        "@geometry": "center"
      },
      "geometry": {
        "type": "Point",
        "coordinates": [
          31.2494917,
          30.0532003
        ]
      },
      "id": "way/1436796244"
    },
    {
      "type": "Feature",
      "properties": {
        "@id": "way/1436796245",
        "addr:street": "شارع باب باريس",
        "amenity": "police",
        "check_date": "2025-03-26",
        "name": "قسم شرطة عابدين",
        "name:ar": "قسم شرطة عابدين",
        "name:en": "Abdin Police Station",
        "operator": "وزارة الداخلية",
        "@geometry": "center"
      },
      "geometry": {
        "type": "Point",
        "coordinates": [
          31.2492911,
          30.0436226
        ]
      },
      "id": "way/1436796245"
    },
    {
      "type": "Feature",
      "properties": {
        "@id": "way/1436796246",
        "amenity": "police",
        "building": "yes",
        "name": "قسم شرطة مصر القديمة",
        "name:ar": "قسم شرطة مصر القديمة",
        "name:en": "Masr Al Qadima Police Station",
        "operator": "وزارة الداخلية",
        "@geometry": "center"
      },
      "geometry": {
        "type": "Point",
        "coordinates": [
          31.2270569,
          30.0047244
        ]
      },
      "id": "way/1436796246"
    },
    {
      "type": "Feature",
      "properties": {
        "@id": "way/1436796247",
        "amenity": "police",
        "name": "وحدة تراخيص مرور عين الصيرة",
        "name:ar": "وحدة تراخيص مرور عين الصيرة",
        "operator": "الإدارة العامة لمرور القاهرة",
        "@geometry": "center"
      },
      "geometry": {
        "type": "Point",
        "coordinates": [
          31.2451125,
          30.015338
        ]
      },
      "id": "way/1436796247"
    },
    {
      "type": "Feature",
      "properties": {
        "@id": "way/1436801387",
        "addr:city": "القاهرة الجديدة",
        "branch": "القاهرة الجديدة",
        "building": "yes",
        "government": "electricity",
        "name": "شركة شمال القاهرة لتوزيع الكهرباء - القاهرة الجديدة",
        "name:ar": "شركة شمال القاهرة لتوزيع الكهرباء - القاهرة الجديدة",
        "office": "government",
        "operator": "الشركة القابضة لكهرباء مصر",
        "phone": "121",
        "website": "https://ncedc.gov.eg/",
        "@geometry": "center"
      },
      "geometry": {
        "type": "Point",
        "coordinates": [
          31.4401363,
          30.0129534
        ]
      },
      "id": "way/1436801387"
    },
    {
      "type": "Feature",
      "properties": {
        "@id": "way/1436801388",
        "addr:city": "القاهرة الجديدة",
        "area": "yes",
        "government": "yes",
        "name": "جهاز تنمية مدينة القاهرة الجديدة",
        "name:ar": "جهاز تنمية مدينة القاهرة الجديدة",
        "office": "government",
        "opening_hours": "Su-Th 09:00-15:00",
        "operator": "هيئة المجتمعات العمرانية الجديدة",
        "@geometry": "center"
      },
      "geometry": {
        "type": "Point",
        "coordinates": [
          31.4688451,
          30.0281863
        ]
      },
      "id": "way/1436801388"
    },
    {
      "type": "Feature",
      "properties": {
        "@id": "way/1449386712",
        "building": "yes",
        "government": "yes",
        "name": "مجمع الخدمات الحكومية لمركز اوسيم (قسم، مرور، سجل مدني)",
        "office": "government",
        "@geometry": "center"
      },
      "geometry": {
        "type": "Point",
        "coordinates": [
          31.1500459,
          30.1281788
        ]
      },
      "id": "way/1449386712"
    },
    {
      "type": "Feature",
      "properties": {
        "@id": "way/1450083927",
        "building": "yes",
        "government": "yes",
        "name": "الوحدة المحلية بمناوهلة",
        "office": "government",
        "@geometry": "center"
      },
      "geometry": {
        "type": "Point",
        "coordinates": [
          31.053402,
          30.4604848
        ]
      },
      "id": "way/1450083927"
    },
    {
      "type": "Feature",
      "properties": {
        "@id": "way/1454379737",
        "amenity": "prison",
        "barrier": "wall",
        "fixme": "Prison or police?",
        "material": "concrete",
        "@geometry": "center"
      },
      "geometry": {
        "type": "Point",
        "coordinates": [
          33.6965634,
          27.3198399
        ]
      },
      "id": "way/1454379737"
    },
    {
      "type": "Feature",
      "properties": {
        "@id": "way/1454380331",
        "amenity": "prison",
        "barrier": "wall",
        "fixme": "Prison or police?",
        "material": "concrete",
        "@geometry": "center"
      },
      "geometry": {
        "type": "Point",
        "coordinates": [
          33.738306,
          27.2830816
        ]
      },
      "id": "way/1454380331"
    },
    {
      "type": "Feature",
      "properties": {
        "@id": "way/1456049111",
        "building": "yes",
        "government": "prosecutor",
        "name": "نيابة أول و ثانى الشيخ زايد الجزئية",
        "name:ar": "نيابة أول و ثانى الشيخ زايد الجزئية",
        "name:en": "El-Sheikh Zayed 1st & 2nd Partial Prosecutor",
        "office": "government",
        "@geometry": "center"
      },
      "geometry": {
        "type": "Point",
        "coordinates": [
          30.9673852,
          30.0385964
        ]
      },
      "id": "way/1456049111"
    },
    {
      "type": "Feature",
      "properties": {
        "@id": "way/1458329373",
        "building": "yes",
        "office": "government",
        "@geometry": "center"
      },
      "geometry": {
        "type": "Point",
        "coordinates": [
          31.4682143,
          30.0666109
        ]
      },
      "id": "way/1458329373"
    },
    {
      "type": "Feature",
      "properties": {
        "@id": "way/1461545276",
        "plant:source": "solar",
        "power": "plant",
        "@geometry": "center"
      },
      "geometry": {
        "type": "Point",
        "coordinates": [
          34.3878708,
          28.0172751
        ]
      },
      "id": "way/1461545276"
    },
    {
      "type": "Feature",
      "properties": {
        "@id": "way/1463710119",
        "addr:city": "الرحاب",
        "addr:city:en": "Al Rehab",
        "addr:country": "EG",
        "addr:district": "القاهرة الجديدة",
        "addr:district:en": "New Cairo",
        "addr:housenumber": "6",
        "addr:neighbourhood": "مجموعة 57",
        "addr:neighbourhood:en": "Group 57",
        "addr:postcode": "11841",
        "addr:province": "القاهرة",
        "addr:province:en": "Cairo",
        "addr:street": "شارع الرحاب",
        "addr:street:en": "Al Rehab Street",
        "branch": "الرحاب",
        "branch:ar": "الرحاب",
        "building": "yes",
        "government": "yes",
        "name": "مكتب توثيق الشهر العقاري - فرع الرحاب",
        "name:ar": "مكتب توثيق الشهر العقاري - فرع الرحاب",
        "office": "government",
        "opening_hours": "Sa-Th 09:00-20:30",
        "wheelchair": "yes",
        "@geometry": "center"
      },
      "geometry": {
        "type": "Point",
        "coordinates": [
          31.4887545,
          30.0654772
        ]
      },
      "id": "way/1463710119"
    },
    {
      "type": "Feature",
      "properties": {
        "@id": "way/1463725067",
        "amenity": "police",
        "check_date": "2025-11-26",
        "name": "مديرية أمن الجيزة",
        "name:ar": "مديرية أمن الجيزة",
        "opening_hours": "24/7",
        "operator": "وزارة الداخلية",
        "phone": "002122",
        "@geometry": "center"
      },
      "geometry": {
        "type": "Point",
        "coordinates": [
          31.0540412,
          30.0420589
        ]
      },
      "id": "way/1463725067"
    },
    {
      "type": "Feature",
      "properties": {
        "@id": "way/1463725068",
        "addr:street": "شارع يوسف السباعى",
        "amenity": "police",
        "internet_access": "wlan",
        "name": "مديرية أمن القاهرة",
        "name:ar": "مديرية أمن القاهرة",
        "opening_hours": "24/7",
        "operator": "وزارة الداخلية",
        "phone": "002122",
        "@geometry": "center"
      },
      "geometry": {
        "type": "Point",
        "coordinates": [
          31.5255952,
          30.0696128
        ]
      },
      "id": "way/1463725068"
    },
    {
      "type": "Feature",
      "properties": {
        "@id": "way/1463725069",
        "amenity": "police",
        "area": "yes",
        "name": "وحدة مرور الدائري 3",
        "name:ar": "وحدة مرور الدائري 3",
        "operator": "الإدارة العامة لمرور القاهرة",
        "@geometry": "center"
      },
      "geometry": {
        "type": "Point",
        "coordinates": [
          31.3608258,
          29.9796123
        ]
      },
      "id": "way/1463725069"
    },
    {
      "type": "Feature",
      "properties": {
        "@id": "way/1463725070",
        "addr:country": "EG",
        "addr:district": "مصر القديمة",
        "addr:district:en": "Masr Al Kadima",
        "addr:housenumber": "21",
        "addr:postcode": "11451",
        "addr:province": "القاهرة",
        "addr:province:en": "Cairo",
        "addr:street": "شارع عبد العزيز آل سعود",
        "addr:street:en": "Abd Al Aziz Al Seoud Street",
        "addr:subdistrict": "الروضه والمقياس",
        "addr:subdistrict:en": "Al Roda and Al Mekyas",
        "building": "yes",
        "email": "Info@edaegypt.gov.eg",
        "facebook": "egyptiandrugauthority",
        "government": "healthcare",
        "name": "هيئة الدواء المصرية",
        "name:ar": "هيئة الدواء المصرية",
        "name:en": "Egyptian Drug Authority - EDA",
        "office": "government",
        "opening_hours": "Su-Th 09:00-15:00",
        "phone": "15301;+202-25354100",
        "website": "https://www.edaegypt.gov.eg/",
        "wikidata": "Q100258024",
        "@geometry": "center"
      },
      "geometry": {
        "type": "Point",
        "coordinates": [
          31.2229886,
          30.012124
        ]
      },
      "id": "way/1463725070"
    },
    {
      "type": "Feature",
      "properties": {
        "@id": "way/1465589099",
        "building": "yes",
        "name": "ديوان محافظة القاهرة",
        "name:en": "Cairo Governorate Headoffice",
        "office": "government",
        "@geometry": "center"
      },
      "geometry": {
        "type": "Point",
        "coordinates": [
          31.2454331,
          30.0446168
        ]
      },
      "id": "way/1465589099"
    },
    {
      "type": "Feature",
      "properties": {
        "@id": "way/1467045016",
        "construction": "power",
        "landuse": "construction",
        "name": "Obelisk Solar Power Plant",
        "operator": "Scatec",
        "plant:method": "photovoltaic",
        "plant:output:electricity": "1000 MW",
        "plant:source": "solar",
        "power": "plant",
        "source": "https://renewablesnow.com/news/egypt-inaugurates-first-phase-of-1-gw-obelisk-solar-battery-project-1287848/",
        "start_date": "2024",
        "@geometry": "center"
      },
      "geometry": {
        "type": "Point",
        "coordinates": [
          32.2888186,
          25.8928163
        ]
      },
      "id": "way/1467045016"
    },
    {
      "type": "Feature",
      "properties": {
        "@id": "way/1467116514",
        "building": "yes",
        "office": "government",
        "@geometry": "center"
      },
      "geometry": {
        "type": "Point",
        "coordinates": [
          31.4520589,
          30.0716847
        ]
      },
      "id": "way/1467116514"
    },
    {
      "type": "Feature",
      "properties": {
        "@id": "way/1474236143",
        "addr:city": "القاهرة",
        "addr:country": "EG",
        "addr:district": "الزمالك",
        "addr:district:en": "El Zamalek",
        "addr:housenumber": "29",
        "addr:postcode": "11568",
        "addr:province": "القاهرة",
        "addr:province:en": "Cairo",
        "addr:street": "شارع محمد مظهر",
        "addr:street:en": "Mohamed Mazhar Street",
        "addr:subdistrict": "محمد مظهر",
        "addr:subdistrict:en": "Mohamed Mazhar",
        "building": "yes",
        "building:levels": "1",
        "country": "HU",
        "diplomatic": "embassy",
        "embassy": "yes",
        "name": "سفارة المجر",
        "name:ar": "سفارة المجر",
        "name:de": "Botschaft von Ungarn",
        "name:en": "Embassy of Hungary",
        "name:es": "Embajada de Hungría",
        "name:fr": "Ambassade de Hongrie",
        "name:hu": "Magyarország Nagykövetsége Kairó",
        "office": "diplomatic",
        "target": "EG",
        "website": "https://kairo.mfa.gov.hu/",
        "wikidata": "Q63637291",
        "@geometry": "center"
      },
      "geometry": {
        "type": "Point",
        "coordinates": [
          31.2220169,
          30.0688616
        ]
      },
      "id": "way/1474236143"
    },
    {
      "type": "Feature",
      "properties": {
        "@id": "way/1474589550",
        "building": "yes",
        "government": "prosecutor",
        "name": "النيابة الإدارية القاهرة الجديدة",
        "name:en": "Administrative Prosecution – New Cairo",
        "name:fr": "Parquet administratif – Nouveau Caire",
        "office": "government",
        "opening_hours": "Sa-Th 09:00-15:00",
        "phone": "0222471886",
        "@geometry": "center"
      },
      "geometry": {
        "type": "Point",
        "coordinates": [
          31.4592206,
          30.0670611
        ]
      },
      "id": "way/1474589550"
    },
    {
      "type": "Feature",
      "properties": {
        "@id": "way/1474857549",
        "building": "yes",
        "name": "هندسة كهرباء التحدي",
        "office": "government",
        "@geometry": "center"
      },
      "geometry": {
        "type": "Point",
        "coordinates": [
          30.5577738,
          30.6523956
        ]
      },
      "id": "way/1474857549"
    },
    {
      "type": "Feature",
      "properties": {
        "@id": "way/1504176676",
        "building": "yes",
        "building:levels": "5",
        "name": "مبني رئاسة الوزراء",
        "office": "government",
        "@geometry": "center"
      },
      "geometry": {
        "type": "Point",
        "coordinates": [
          28.8827577,
          30.8756504
        ]
      },
      "id": "way/1504176676"
    },
    {
      "type": "Feature",
      "properties": {
        "@id": "way/1530890556",
        "addr:city": "مدينة حدائق العاصمة",
        "addr:street": "محور الامام الشافعي",
        "amenity": "police",
        "building": "yes",
        "name": "مجمع شرطة حدائق العاصمة",
        "@geometry": "center"
      },
      "geometry": {
        "type": "Point",
        "coordinates": [
          31.8110458,
          30.1346209
        ]
      },
      "id": "way/1530890556"
    },
    {
      "type": "Feature",
      "properties": {
        "@id": "way/1531391127",
        "amenity": "police",
        "building": "yes",
        "name": "قسم شرطة اول مدينة العبور",
        "name:en": "El Obour City Police Station",
        "@geometry": "center"
      },
      "geometry": {
        "type": "Point",
        "coordinates": [
          31.4733744,
          30.2361583
        ]
      },
      "id": "way/1531391127"
    },
    {
      "type": "Feature",
      "properties": {
        "@id": "way/1531391169",
        "amenity": "police",
        "building": "yes",
        "name": "قسم شرطه المطرية",
        "name:en": "Matareya Police Station",
        "@geometry": "center"
      },
      "geometry": {
        "type": "Point",
        "coordinates": [
          31.3027487,
          30.1295847
        ]
      },
      "id": "way/1531391169"
    },
    {
      "type": "Feature",
      "properties": {
        "@id": "node/1735303546",
        "amenity": "police"
      },
      "geometry": {
        "type": "Point",
        "coordinates": [
          34.5126277,
          28.5229125
        ]
      },
      "id": "node/1735303546"
    },
    {
      "type": "Feature",
      "properties": {
        "@id": "node/1779349582",
        "amenity": "police",
        "name": "Imbaba Traffic Police",
        "name:ar": "نقطة مرور إمبابة"
      },
      "geometry": {
        "type": "Point",
        "coordinates": [
          31.2130245,
          30.0664576
        ]
      },
      "id": "node/1779349582"
    },
    {
      "type": "Feature",
      "properties": {
        "@id": "node/1809455445",
        "amenity": "police",
        "name": "Al-Sunbullawayn Police Station",
        "name:en": "Al-Sunbullawayn Police Station"
      },
      "geometry": {
        "type": "Point",
        "coordinates": [
          31.4598229,
          30.8835352
        ]
      },
      "id": "node/1809455445"
    },
    {
      "type": "Feature",
      "properties": {
        "@id": "node/1822982145",
        "amenity": "police",
        "name": "Army"
      },
      "geometry": {
        "type": "Point",
        "coordinates": [
          33.8394688,
          27.1961177
        ]
      },
      "id": "node/1822982145"
    },
    {
      "type": "Feature",
      "properties": {
        "@id": "node/1823350793",
        "amenity": "police"
      },
      "geometry": {
        "type": "Point",
        "coordinates": [
          31.2130101,
          30.0162761
        ]
      },
      "id": "node/1823350793"
    },
    {
      "type": "Feature",
      "properties": {
        "@id": "node/1823350941",
        "amenity": "police"
      },
      "geometry": {
        "type": "Point",
        "coordinates": [
          31.2132195,
          30.0159687
        ]
      },
      "id": "node/1823350941"
    },
    {
      "type": "Feature",
      "properties": {
        "@id": "node/1859240940",
        "access": "designated",
        "barrier": "border_control",
        "description:he": "מעבר גבול יבשתי עיקרי ממדינת ישראל למצרים למעבר מטענים וסחורות ביבוא וביצוא.",
        "government": "yes",
        "name": "Nitzana Border Crossing",
        "name:ar": "معبر نتسانا الحدودي",
        "name:en": "Nitzana Border Crossing",
        "name:he": "מעבר ניצנה",
        "police": "checkpoint",
        "wikidata": "Q2386965",
        "wikipedia": "en:Nitzana Border Crossing"
      },
      "geometry": {
        "type": "Point",
        "coordinates": [
          34.3944209,
          30.8822963
        ]
      },
      "id": "node/1859240940"
    },
    {
      "type": "Feature",
      "properties": {
        "@id": "node/1891996914",
        "amenity": "police",
        "name": "قسم شرطة",
        "name:ar": "قسم شرطة",
        "name:en": "Police Station"
      },
      "geometry": {
        "type": "Point",
        "coordinates": [
          30.7548252,
          28.0964869
        ]
      },
      "id": "node/1891996914"
    },
    {
      "type": "Feature",
      "properties": {
        "@id": "node/1894542504",
        "addr:city": "سيوة",
        "amenity": "police",
        "name": "شرطة",
        "name:ar": "شرطة"
      },
      "geometry": {
        "type": "Point",
        "coordinates": [
          25.5192241,
          29.2046181
        ]
      },
      "id": "node/1894542504"
    },
    {
      "type": "Feature",
      "properties": {
        "@id": "node/1906972172",
        "access": "no",
        "barrier": "border_control",
        "name": "ميناء برى راس حدربة Ras Haderba Land Port",
        "name:ar": "ميناء برى راس حدربة Ras Haderba Land Port"
      },
      "geometry": {
        "type": "Point",
        "coordinates": [
          36.7258434,
          22.0005694
        ]
      },
      "id": "node/1906972172"
    },
    {
      "type": "Feature",
      "properties": {
        "@id": "node/1937391233",
        "amenity": "police"
      },
      "geometry": {
        "type": "Point",
        "coordinates": [
          30.942134,
          29.9784116
        ]
      },
      "id": "node/1937391233"
    },
    {
      "type": "Feature",
      "properties": {
        "@id": "node/1939489505",
        "amenity": "police",
        "name": "قسم شرطة الجيزة",
        "name:ar": "قسم شرطة الجيزة",
        "name:en": "Al-Gizeh Police Station"
      },
      "geometry": {
        "type": "Point",
        "coordinates": [
          31.2179304,
          30.0101264
        ]
      },
      "id": "node/1939489505"
    },
    {
      "type": "Feature",
      "properties": {
        "@id": "node/2006107433",
        "barrier": "border_control",
        "name": "Netafim Crossing"
      },
      "geometry": {
        "type": "Point",
        "coordinates": [
          34.8673894,
          29.5994646
        ]
      },
      "id": "node/2006107433"
    },
    {
      "type": "Feature",
      "properties": {
        "@id": "node/2116839456",
        "addr:housenumber": "40",
        "addr:street": "شارع بابل",
        "country": "SG",
        "diplomatic": "embassy",
        "embassy": "yes",
        "name": "سنغافورا",
        "name:ar": "سنغافورا",
        "name:en": "Embassy of Singapore",
        "name:fr": "Ambassade de Singapour",
        "office": "diplomatic",
        "opening_hours": "Su-Th 08:30-15:00",
        "phone": "+20-2-3749-0468",
        "target": "EG",
        "website": "https://www.mfa.gov.sg/Cairo",
        "wikidata": "Q111552250"
      },
      "geometry": {
        "type": "Point",
        "coordinates": [
          31.202395,
          30.0424239
        ]
      },
      "id": "node/2116839456"
    },
    {
      "type": "Feature",
      "properties": {
        "@id": "node/2116839487",
        "addr:housenumber": "24",
        "addr:street": "شارع بابل",
        "country": "MZ",
        "diplomatic": "embassy",
        "embassy": "yes",
        "name": "سفارة موزمبيق",
        "name:ar": "سفارة موزمبيق",
        "name:en": "Embassy of Mozambique",
        "name:fr": "Ambassade du Mozambique",
        "office": "diplomatic",
        "phone": "+202 76 05 505",
        "target": "EG",
        "wikidata": "Q113361010"
      },
      "geometry": {
        "type": "Point",
        "coordinates": [
          31.2029314,
          30.0402692
        ]
      },
      "id": "node/2116839487"
    },
    {
      "type": "Feature",
      "properties": {
        "@id": "node/2134394103",
        "amenity": "police"
      },
      "geometry": {
        "type": "Point",
        "coordinates": [
          33.969712,
          28.5611853
        ]
      },
      "id": "node/2134394103"
    },
    {
      "type": "Feature",
      "properties": {
        "@id": "node/2170712357",
        "amenity": "police",
        "source": "Bing"
      },
      "geometry": {
        "type": "Point",
        "coordinates": [
          34.8627661,
          25.0573378
        ]
      },
      "id": "node/2170712357"
    },
    {
      "type": "Feature",
      "properties": {
        "@id": "node/2206526146",
        "addr:housename": "Villa 60",
        "addr:street": "Al Nahda Street",
        "country": "NA",
        "diplomatic": "embassy",
        "embassy": "yes",
        "name": "Namibia Embassy",
        "name:fr": "Ambassade de Namibie",
        "office": "diplomatic",
        "target": "EG"
      },
      "geometry": {
        "type": "Point",
        "coordinates": [
          31.2634044,
          29.959077
        ]
      },
      "id": "node/2206526146"
    },
    {
      "type": "Feature",
      "properties": {
        "@id": "node/2354622563",
        "barrier": "border_control"
      },
      "geometry": {
        "type": "Point",
        "coordinates": [
          31.1535303,
          22.0005637
        ]
      },
      "id": "node/2354622563"
    },
    {
      "type": "Feature",
      "properties": {
        "@id": "node/2420446051",
        "barrier": "border_control",
        "name": "Eshket",
        "source": "http://www.africarecordrun.com/"
      },
      "geometry": {
        "type": "Point",
        "coordinates": [
          31.5123556,
          22.0000123
        ]
      },
      "id": "node/2420446051"
    },
    {
      "type": "Feature",
      "properties": {
        "@id": "node/2445781990",
        "name": "Engineers Syndicate",
        "name:ar": "نقابة المهندسين",
        "office": "government"
      },
      "geometry": {
        "type": "Point",
        "coordinates": [
          30.7505991,
          28.1125238
        ]
      },
      "id": "node/2445781990"
    },
    {
      "type": "Feature",
      "properties": {
        "@id": "node/2488122558",
        "addr:city": "القاهرة",
        "addr:country": "EG",
        "addr:housenumber": "13",
        "addr:street": "شارع محمد مظهر",
        "addr:suburb": "Zamalek",
        "check_date": "2024-10-21",
        "country": "SE",
        "diplomatic": "embassy",
        "embassy": "yes",
        "name": "سفارة السويد",
        "name:ar": "سفارة السويد",
        "name:de": "Botschaft von Schweden",
        "name:en": "Embassy of Sweden",
        "name:es": "Embajada de Suecia",
        "name:fr": "Ambassade de Suède",
        "name:ru": "Посольство Швеции",
        "name:sv": "Sveriges ambassad",
        "office": "diplomatic",
        "source": "swedenabroad.com",
        "target": "EG",
        "wikidata": "Q10686008"
      },
      "geometry": {
        "type": "Point",
        "coordinates": [
          31.2227391,
          30.0655667
        ]
      },
      "id": "node/2488122558"
    },
    {
      "type": "Feature",
      "properties": {
        "@id": "node/2524271728",
        "amenity": "police",
        "name": "قسم شرطة أول العاشر من رمضان",
        "name:ar": "قسم شرطة أول العاشر من رمضان"
      },
      "geometry": {
        "type": "Point",
        "coordinates": [
          31.7404283,
          30.2857976
        ]
      },
      "id": "node/2524271728"
    },
    {
      "type": "Feature",
      "properties": {
        "@id": "node/2550072316",
        "addr:city": "مدينة 6 أكتوبر",
        "addr:housename": "جمعية تنمية وتطوير الصادرات البستانية",
        "addr:street": "المحور المركزى",
        "addr:street:en": "Al Markazy Axis",
        "name": "جمعية تنمية وتطوير الصادرات البستانية",
        "name:ar": "جمعية تنمية وتطوير الصادرات البستانية",
        "name:en": "Development Society for Horticultural Exports",
        "office": "government"
      },
      "geometry": {
        "type": "Point",
        "coordinates": [
          30.9418018,
          29.9731674
        ]
      },
      "id": "node/2550072316"
    },
    {
      "type": "Feature",
      "properties": {
        "@id": "node/2610641880",
        "addr:housename": "جمعية رسالة للأعمال الخيرية",
        "name": "جمعية رسالة للأعمال الخيرية",
        "name:ar": "جمعية رسالة للأعمال الخيرية",
        "name:en": "Resala Charity Association",
        "office": "government"
      },
      "geometry": {
        "type": "Point",
        "coordinates": [
          31.2488583,
          30.1083046
        ]
      },
      "id": "node/2610641880"
    },
    {
      "type": "Feature",
      "properties": {
        "@id": "node/2723693902",
        "barrier": "border_control"
      },
      "geometry": {
        "type": "Point",
        "coordinates": [
          31.5145925,
          22.0023126
        ]
      },
      "id": "node/2723693902"
    },
    {
      "type": "Feature",
      "properties": {
        "@id": "node/2951043058",
        "access": "no",
        "barrier": "border_control",
        "name": "Netafim Crossing",
        "name:en": "Netafim Crossing",
        "wikidata": "Q2560585",
        "wikipedia": "he:מעבר נטפים"
      },
      "geometry": {
        "type": "Point",
        "coordinates": [
          34.8675212,
          29.5989463
        ]
      },
      "id": "node/2951043058"
    },
    {
      "type": "Feature",
      "properties": {
        "@id": "node/3051869675",
        "amenity": "prison",
        "name": "سجن الحضرة",
        "name:ar": "سجن الحضرة"
      },
      "geometry": {
        "type": "Point",
        "coordinates": [
          29.921836,
          31.1972801
        ]
      },
      "id": "node/3051869675"
    },
    {
      "type": "Feature",
      "properties": {
        "@id": "node/3107349152",
        "addr:city": "القاهرة",
        "addr:city:en": "Cairo",
        "amenity": "police",
        "name": "قسم شرطة الازبكية",
        "name:ar": "قسم شرطة الازبكية",
        "name:en": "Al Azbakiya Police Station",
        "operator": "Government"
      },
      "geometry": {
        "type": "Point",
        "coordinates": [
          31.2440725,
          30.0602889
        ]
      },
      "id": "node/3107349152"
    },
    {
      "type": "Feature",
      "properties": {
        "@id": "node/3118523494",
        "name": "مديرية الطب البيطرى - الدقهلية",
        "name:ar": "مديرية الطب البيطرى - الدقهلية",
        "name:en": "Veterinary Medicine Directorate - El Dakahleya",
        "office": "government",
        "phone": "+20 50 2244393"
      },
      "geometry": {
        "type": "Point",
        "coordinates": [
          31.3650631,
          31.0448683
        ]
      },
      "id": "node/3118523494"
    },
    {
      "type": "Feature",
      "properties": {
        "@id": "node/3119551788",
        "amenity": "police",
        "name": "قسم شرطة المنصورة ثانى",
        "name:ar": "قسم شرطة المنصورة ثانى",
        "name:en": "Mansoura Police Station"
      },
      "geometry": {
        "type": "Point",
        "coordinates": [
          31.392798,
          31.042948
        ]
      },
      "id": "node/3119551788"
    },
    {
      "type": "Feature",
      "properties": {
        "@id": "node/3119625089",
        "amenity": "police",
        "name": "قسم شرطة المنصورة أول",
        "name:ar": "قسم شرطة المنصورة أول",
        "name:en": "Mansoura Police Station"
      },
      "geometry": {
        "type": "Point",
        "coordinates": [
          31.3796453,
          31.0468689
        ]
      },
      "id": "node/3119625089"
    },
    {
      "type": "Feature",
      "properties": {
        "@id": "node/3119635525",
        "amenity": "police",
        "name": "شرطة النجدة",
        "name:ar": "شرطة النجدة"
      },
      "geometry": {
        "type": "Point",
        "coordinates": [
          31.3747382,
          31.046884
        ]
      },
      "id": "node/3119635525"
    },
    {
      "type": "Feature",
      "properties": {
        "@id": "node/3119668282",
        "name": "مديرية الامن القديمة",
        "name:ar": "مديرية الامن القديمة",
        "office": "government"
      },
      "geometry": {
        "type": "Point",
        "coordinates": [
          31.3955614,
          31.0490206
        ]
      },
      "id": "node/3119668282"
    },
    {
      "type": "Feature",
      "properties": {
        "@id": "node/3379213345",
        "amenity": "police",
        "description": "Visa Office Sharm",
        "name": "Tourist passport departament",
        "name:en": "Tourist passport departament"
      },
      "geometry": {
        "type": "Point",
        "coordinates": [
          34.4174923,
          28.01873
        ]
      },
      "id": "node/3379213345"
    },
    {
      "type": "Feature",
      "properties": {
        "@id": "node/3395205036",
        "name": "Luxor Passport Office",
        "office": "diplomatic"
      },
      "geometry": {
        "type": "Point",
        "coordinates": [
          32.6392336,
          25.697646
        ]
      },
      "id": "node/3395205036"
    },
    {
      "type": "Feature",
      "properties": {
        "@id": "node/3663369991",
        "amenity": "police"
      },
      "geometry": {
        "type": "Point",
        "coordinates": [
          34.3002482,
          27.9264179
        ]
      },
      "id": "node/3663369991"
    },
    {
      "type": "Feature",
      "properties": {
        "@id": "node/3778152647",
        "barrier": "border_control"
      },
      "geometry": {
        "type": "Point",
        "coordinates": [
          25.09549,
          31.5689639
        ]
      },
      "id": "node/3778152647"
    },
    {
      "type": "Feature",
      "properties": {
        "@id": "node/3778152649",
        "barrier": "border_control"
      },
      "geometry": {
        "type": "Point",
        "coordinates": [
          25.0955064,
          31.5690158
        ]
      },
      "id": "node/3778152649"
    },
    {
      "type": "Feature",
      "properties": {
        "@id": "node/3778152652",
        "barrier": "border_control"
      },
      "geometry": {
        "type": "Point",
        "coordinates": [
          25.0956552,
          31.5693227
        ]
      },
      "id": "node/3778152652"
    },
    {
      "type": "Feature",
      "properties": {
        "@id": "node/3778152653",
        "barrier": "border_control"
      },
      "geometry": {
        "type": "Point",
        "coordinates": [
          25.0956832,
          31.569373
        ]
      },
      "id": "node/3778152653"
    },
    {
      "type": "Feature",
      "properties": {
        "@id": "node/3778154060",
        "barrier": "border_control"
      },
      "geometry": {
        "type": "Point",
        "coordinates": [
          25.0770396,
          31.5761615
        ]
      },
      "id": "node/3778154060"
    },
    {
      "type": "Feature",
      "properties": {
        "@id": "node/3847140537",
        "name": "Oficina de empadronamiento electoral de Bolivia en el exterior",
        "office": "government",
        "website": "https://yoparticipo.oep.org.bo/"
      },
      "geometry": {
        "type": "Point",
        "coordinates": [
          31.1994059,
          30.0404513
        ]
      },
      "id": "node/3847140537"
    },
    {
      "type": "Feature",
      "properties": {
        "@id": "node/4238403089",
        "amenity": "police",
        "name": "نقطة شرطة الابراهيمية",
        "name:ar": "نقطة شرطة الابراهيمية",
        "name:en": "Al-Ibrahemia police departement"
      },
      "geometry": {
        "type": "Point",
        "coordinates": [
          29.9292379,
          31.2078774
        ]
      },
      "id": "node/4238403089"
    },
    {
      "type": "Feature",
      "properties": {
        "@id": "node/4242958389",
        "amenity": "police",
        "name": "Deyarb Negm Police Station - مركز شرطة ديرب نجم",
        "name:ar": "Deyarb Negm Police Station - مركز شرطة ديرب نجم"
      },
      "geometry": {
        "type": "Point",
        "coordinates": [
          31.4589302,
          30.7529588
        ]
      },
      "id": "node/4242958389"
    },
    {
      "type": "Feature",
      "properties": {
        "@id": "node/4243763989",
        "name": "Deyarb Negm City Hall - مجلس مدينة ديرب نجم",
        "name:ar": "Deyarb Negm City Hall - مجلس مدينة ديرب نجم",
        "office": "government"
      },
      "geometry": {
        "type": "Point",
        "coordinates": [
          31.4593874,
          30.7524808
        ]
      },
      "id": "node/4243763989"
    },
    {
      "type": "Feature",
      "properties": {
        "@id": "node/4307282094",
        "amenity": "police",
        "name": "مرورو الاميريه",
        "name:ar": "مرورو الاميريه"
      },
      "geometry": {
        "type": "Point",
        "coordinates": [
          31.2953509,
          30.111509
        ]
      },
      "id": "node/4307282094"
    },
    {
      "type": "Feature",
      "properties": {
        "@id": "node/4315888895",
        "name": "Real sate office",
        "office": "government"
      },
      "geometry": {
        "type": "Point",
        "coordinates": [
          31.2135263,
          30.032947
        ]
      },
      "id": "node/4315888895"
    },
    {
      "type": "Feature",
      "properties": {
        "@id": "node/4317574392",
        "addr:housenumber": "35 A . 35 B",
        "addr:postcode": "11241",
        "addr:street": "كورنيش النيل",
        "name": "Premier Egypt",
        "office": "government",
        "opening_hours": "Su-Th 09:00-17:00",
        "phone": "02 25271271",
        "website": "https://www.premieregypt.com/"
      },
      "geometry": {
        "type": "Point",
        "coordinates": [
          31.2305844,
          29.9839638
        ]
      },
      "id": "node/4317574392"
    },
    {
      "type": "Feature",
      "properties": {
        "@id": "node/4324874627",
        "name": "Egyptian Intel. HQ",
        "office": "government"
      },
      "geometry": {
        "type": "Point",
        "coordinates": [
          31.2974222,
          30.0964604
        ]
      },
      "id": "node/4324874627"
    },
    {
      "type": "Feature",
      "properties": {
        "@id": "node/4328064190",
        "addr:street": "الأوتوستراد",
        "amenity": "police",
        "name": "كمين ١٥ مايو",
        "name:ar": "كمين ١٥ مايو"
      },
      "geometry": {
        "type": "Point",
        "coordinates": [
          31.3524829,
          29.8199152
        ]
      },
      "id": "node/4328064190"
    },
    {
      "type": "Feature",
      "properties": {
        "@id": "node/4338865598",
        "amenity": "police",
        "name": "مركز شرطه وامن الدوله",
        "name:ar": "مركز شرطه وامن الدوله"
      },
      "geometry": {
        "type": "Point",
        "coordinates": [
          30.8468227,
          29.3102431
        ]
      },
      "id": "node/4338865598"
    },
    {
      "type": "Feature",
      "properties": {
        "@id": "node/4358880092",
        "name": "المصريه للأتصالات",
        "name:ar": "المصريه للأتصالات",
        "name:en": "Egypt Telecom",
        "office": "government"
      },
      "geometry": {
        "type": "Point",
        "coordinates": [
          31.2107083,
          30.0409843
        ]
      },
      "id": "node/4358880092"
    },
    {
      "type": "Feature",
      "properties": {
        "@id": "node/4358880289",
        "name": "الإدارة المركزية لمنطقة القاهرة الأزهرية",
        "name:ar": "الإدارة المركزية لمنطقة القاهرة الأزهرية",
        "office": "government"
      },
      "geometry": {
        "type": "Point",
        "coordinates": [
          31.3426526,
          30.052152
        ]
      },
      "id": "node/4358880289"
    },
    {
      "type": "Feature",
      "properties": {
        "@id": "node/4359890114",
        "office": "government"
      },
      "geometry": {
        "type": "Point",
        "coordinates": [
          31.205866,
          30.066843
        ]
      },
      "id": "node/4359890114"
    },
    {
      "type": "Feature",
      "properties": {
        "@id": "node/4373600191",
        "name": "الضرائب العام",
        "name:ar": "الضرائب العام",
        "office": "government"
      },
      "geometry": {
        "type": "Point",
        "coordinates": [
          31.204185,
          30.0077448
        ]
      },
      "id": "node/4373600191"
    },
    {
      "type": "Feature",
      "properties": {
        "@id": "node/4379594898",
        "amenity": "police",
        "name": "kaynana"
      },
      "geometry": {
        "type": "Point",
        "coordinates": [
          31.3196021,
          30.1242289
        ]
      },
      "id": "node/4379594898"
    },
    {
      "type": "Feature",
      "properties": {
        "@id": "node/4399135893",
        "addr:housenumber": "+2223116572-73",
        "addr:street": "٥٦٩ شارع ٣٥ منتجع النخيل التجمع الاول",
        "email": "city.wide@hotmail.com",
        "name": "سيتي وايد للتجارة والمقاولات",
        "name:ar": "سيتي وايد للتجارة والمقاولات",
        "name:en": "city wide",
        "office": "government",
        "phone": "+201064332999"
      },
      "geometry": {
        "type": "Point",
        "coordinates": [
          31.4314761,
          30.0582746
        ]
      },
      "id": "node/4399135893"
    },
    {
      "type": "Feature",
      "properties": {
        "@id": "node/4401435494",
        "addr:street": "شارع كورنيش النيل",
        "country": "AU",
        "diplomatic": "embassy",
        "embassy": "yes",
        "level": "11",
        "name": "سفارة أستراليا",
        "name:ar": "سفارة أستراليا",
        "name:de": "Botschaft von Australien",
        "name:en": "Embassy of Australia",
        "name:es": "Embajada de Australia",
        "name:fr": "Ambassade d'Australie",
        "office": "diplomatic",
        "phone": "+202 2770 6600",
        "target": "EG",
        "website": "https://egypt.embassy.gov.au/",
        "wikidata": "Q23892112",
        "wikipedia": "ar:سفارة أستراليا في مصر"
      },
      "geometry": {
        "type": "Point",
        "coordinates": [
          31.2279025,
          30.0637526
        ]
      },
      "id": "node/4401435494"
    },
    {
      "type": "Feature",
      "properties": {
        "@id": "node/4403610291",
        "addr:street": "ديوان العمدة",
        "amenity": "police",
        "name": "ديوان ال رشوان عمدة المخادمة",
        "name:ar": "ديوان ال رشوان عمدة المخادمة"
      },
      "geometry": {
        "type": "Point",
        "coordinates": [
          32.6300629,
          26.2027673
        ]
      },
      "id": "node/4403610291"
    },
    {
      "type": "Feature",
      "properties": {
        "@id": "node/4431298190",
        "amenity": "police",
        "name": "مركز عزبة اللحم",
        "name:ar": "مركز عزبة اللحم",
        "name:en": "Ezbet Ellahm center"
      },
      "geometry": {
        "type": "Point",
        "coordinates": [
          31.8099922,
          31.4339775
        ]
      },
      "id": "node/4431298190"
    },
    {
      "type": "Feature",
      "properties": {
        "@id": "node/4468087891",
        "name": "صالة الوصول لدخول مصر",
        "name:ar": "صالة الوصول لدخول مصر",
        "office": "government"
      },
      "geometry": {
        "type": "Point",
        "coordinates": [
          25.0852993,
          31.5726419
        ]
      },
      "id": "node/4468087891"
    },
    {
      "type": "Feature",
      "properties": {
        "@id": "node/4469637891",
        "amenity": "police",
        "name": "مكان انتظار سيارات",
        "name:ar": "مكان انتظار سيارات",
        "name:en": "Parking"
      },
      "geometry": {
        "type": "Point",
        "coordinates": [
          31.3484697,
          30.0897988
        ]
      },
      "id": "node/4469637891"
    },
    {
      "type": "Feature",
      "properties": {
        "@id": "node/4469638394",
        "addr:street": "الرياضة",
        "amenity": "police",
        "name": "جراج مترو",
        "name:ar": "جراج مترو",
        "name:en": "Home Parking"
      },
      "geometry": {
        "type": "Point",
        "coordinates": [
          31.3305063,
          30.0603708
        ]
      },
      "id": "node/4469638394"
    },
    {
      "type": "Feature",
      "properties": {
        "@id": "node/4470533998",
        "amenity": "police",
        "name": "بوابة شرطة",
        "name:ar": "بوابة شرطة",
        "name:en": "Police Gate"
      },
      "geometry": {
        "type": "Point",
        "coordinates": [
          25.1261617,
          31.5678803
        ]
      },
      "id": "node/4470533998"
    },
    {
      "type": "Feature",
      "properties": {
        "@id": "node/4483993691",
        "name": "شركة الغاز الطبيعي",
        "name:ar": "شركة الغاز الطبيعي",
        "office": "government"
      },
      "geometry": {
        "type": "Point",
        "coordinates": [
          30.9299103,
          29.9628266
        ]
      },
      "id": "node/4483993691"
    },
    {
      "type": "Feature",
      "properties": {
        "@id": "node/4487354495",
        "name": "مديرية التعليم",
        "name:ar": "مديرية التعليم",
        "office": "government"
      },
      "geometry": {
        "type": "Point",
        "coordinates": [
          31.0995528,
          29.0826725
        ]
      },
      "id": "node/4487354495"
    },
    {
      "type": "Feature",
      "properties": {
        "@id": "node/4492364091",
        "name": "السجل المدني",
        "name:ar": "السجل المدني",
        "office": "government"
      },
      "geometry": {
        "type": "Point",
        "coordinates": [
          31.1036866,
          29.0772123
        ]
      },
      "id": "node/4492364091"
    },
    {
      "type": "Feature",
      "properties": {
        "@id": "node/4500632095",
        "name": "إدارة الأحوال المدنية - مركز المعلومات",
        "name:ar": "إدارة الأحوال المدنية - مركز المعلومات",
        "office": "government"
      },
      "geometry": {
        "type": "Point",
        "coordinates": [
          31.1041239,
          29.0710809
        ]
      },
      "id": "node/4500632095"
    },
    {
      "type": "Feature",
      "properties": {
        "@id": "node/4504911589",
        "amenity": "police",
        "name:en": "Police",
        "opening_hours": "24/7"
      },
      "geometry": {
        "type": "Point",
        "coordinates": [
          31.6732533,
          30.5328164
        ]
      },
      "id": "node/4504911589"
    },
    {
      "type": "Feature",
      "properties": {
        "@id": "node/4507683591",
        "name": "مباحث الكهرباء الشروق",
        "name:ar": "مباحث الكهرباء الشروق",
        "office": "government"
      },
      "geometry": {
        "type": "Point",
        "coordinates": [
          31.7252136,
          30.2982405
        ]
      },
      "id": "node/4507683591"
    },
    {
      "type": "Feature",
      "properties": {
        "@id": "node/4515925290",
        "addr:street": "شارع رقم 15",
        "name": "خبراء وزارة العدل",
        "name:ar": "خبراء وزارة العدل",
        "office": "government"
      },
      "geometry": {
        "type": "Point",
        "coordinates": [
          31.0994344,
          29.0684378
        ]
      },
      "id": "node/4515925290"
    },
    {
      "type": "Feature",
      "properties": {
        "@id": "node/4520420695",
        "name": "مجلس المدينة",
        "name:ar": "مجلس المدينة",
        "name:en": "Town hall",
        "office": "government"
      },
      "geometry": {
        "type": "Point",
        "coordinates": [
          31.6733255,
          30.5327713
        ]
      },
      "id": "node/4520420695"
    },
    {
      "type": "Feature",
      "properties": {
        "@id": "node/4534948089",
        "name": "قسم جوازات شبرا الخيمه",
        "name:ar": "قسم جوازات شبرا الخيمه",
        "name:en": "Shobra al-kheima passport office",
        "office": "government"
      },
      "geometry": {
        "type": "Point",
        "coordinates": [
          31.2491647,
          30.1160163
        ]
      },
      "id": "node/4534948089"
    },
    {
      "type": "Feature",
      "properties": {
        "@id": "node/4556897794",
        "name": "هيئة الاسعاف المصرية",
        "name:ar": "هيئة الاسعاف المصرية",
        "name:en": "egyptian ambulance organization",
        "office": "government",
        "website": "http://www.eao.gov.eg"
      },
      "geometry": {
        "type": "Point",
        "coordinates": [
          31.2186006,
          30.0101619
        ]
      },
      "id": "node/4556897794"
    },
    {
      "type": "Feature",
      "properties": {
        "@id": "node/4570580205",
        "amenity": "police",
        "name": "مصلحه الأحوال المدنيه دمياط",
        "name:ar": "مصلحه الأحوال المدنيه دمياط"
      },
      "geometry": {
        "type": "Point",
        "coordinates": [
          31.8602081,
          31.4136219
        ]
      },
      "id": "node/4570580205"
    },
    {
      "type": "Feature",
      "properties": {
        "@id": "node/4575636296",
        "addr:street": "الهانوفيل",
        "amenity": "police",
        "name": "نقطه فوزي معاذ",
        "name:ar": "نقطه فوزي معاذ"
      },
      "geometry": {
        "type": "Point",
        "coordinates": [
          29.7686446,
          31.0959632
        ]
      },
      "id": "node/4575636296"
    },
    {
      "type": "Feature",
      "properties": {
        "@id": "node/4579809395",
        "name": "مرور العاشر",
        "name:ar": "مرور العاشر",
        "office": "government"
      },
      "geometry": {
        "type": "Point",
        "coordinates": [
          31.709233,
          30.285736
        ]
      },
      "id": "node/4579809395"
    },
    {
      "type": "Feature",
      "properties": {
        "@id": "node/4580139392",
        "amenity": "police",
        "name": "قسم شرطة الدرب الاحمر",
        "name:ar": "قسم شرطة الدرب الاحمر",
        "operator": "وزارة الداخلية"
      },
      "geometry": {
        "type": "Point",
        "coordinates": [
          31.251969,
          30.037285
        ]
      },
      "id": "node/4580139392"
    },
    {
      "type": "Feature",
      "properties": {
        "@id": "node/4584840592",
        "addr:street": "نفرتاري",
        "amenity": "police",
        "name": "قسم شرطة النهضة الجديد",
        "name:ar": "قسم شرطة النهضة الجديد"
      },
      "geometry": {
        "type": "Point",
        "coordinates": [
          31.4414375,
          30.1660843
        ]
      },
      "id": "node/4584840592"
    },
    {
      "type": "Feature",
      "properties": {
        "@id": "node/4586622489",
        "name": "تأمينات الخليفة",
        "name:ar": "تأمينات الخليفة",
        "office": "government"
      },
      "geometry": {
        "type": "Point",
        "coordinates": [
          31.2517715,
          30.0375841
        ]
      },
      "id": "node/4586622489"
    },
    {
      "type": "Feature",
      "properties": {
        "@id": "node/4593001814",
        "amenity": "police",
        "fixme": "police? man private adress?",
        "name:en": "Work"
      },
      "geometry": {
        "type": "Point",
        "coordinates": [
          30.9792397,
          30.0719453
        ]
      },
      "id": "node/4593001814"
    },
    {
      "type": "Feature",
      "properties": {
        "@id": "node/4596835193",
        "name": "المقاولون العرب",
        "name:ar": "المقاولون العرب",
        "name:en": "Arab contractors",
        "office": "government"
      },
      "geometry": {
        "type": "Point",
        "coordinates": [
          31.246652,
          30.0484375
        ]
      },
      "id": "node/4596835193"
    },
    {
      "type": "Feature",
      "properties": {
        "@id": "node/4597507989",
        "name": "نقابة المهن الزراعية",
        "name:ar": "نقابة المهن الزراعية",
        "office": "government"
      },
      "geometry": {
        "type": "Point",
        "coordinates": [
          31.4955143,
          30.5867477
        ]
      },
      "id": "node/4597507989"
    },
    {
      "type": "Feature",
      "properties": {
        "@id": "node/4597508589",
        "name": "مصلحة الاحوال المدنية",
        "name:ar": "مصلحة الاحوال المدنية",
        "office": "government"
      },
      "geometry": {
        "type": "Point",
        "coordinates": [
          31.5131156,
          30.5748024
        ]
      },
      "id": "node/4597508589"
    },
    {
      "type": "Feature",
      "properties": {
        "@id": "node/4598290796",
        "name": "مكتب بريد رمسيس",
        "name:ar": "مكتب بريد رمسيس",
        "office": "government"
      },
      "geometry": {
        "type": "Point",
        "coordinates": [
          31.2390338,
          30.0536214
        ]
      },
      "id": "node/4598290796"
    },
    {
      "type": "Feature",
      "properties": {
        "@id": "node/4598290890",
        "name": "نقابة المهن الزراعية",
        "name:ar": "نقابة المهن الزراعية",
        "office": "government"
      },
      "geometry": {
        "type": "Point",
        "coordinates": [
          31.2412533,
          30.057801
        ]
      },
      "id": "node/4598290890"
    },
    {
      "type": "Feature",
      "properties": {
        "@id": "node/4598290891",
        "name": "مكتب بريد مستشفى الجلاء",
        "name:ar": "مكتب بريد مستشفى الجلاء",
        "office": "government"
      },
      "geometry": {
        "type": "Point",
        "coordinates": [
          31.2366374,
          30.0544065
        ]
      },
      "id": "node/4598290891"
    },
    {
      "type": "Feature",
      "properties": {
        "@id": "node/4622373289",
        "amenity": "police",
        "name": "قسم مرور السنطه",
        "name:ar": "قسم مرور السنطه"
      },
      "geometry": {
        "type": "Point",
        "coordinates": [
          31.1178136,
          30.7148342
        ]
      },
      "id": "node/4622373289"
    },
    {
      "type": "Feature",
      "properties": {
        "@id": "node/4625203995",
        "amenity": "police",
        "name:ru": "Таможня"
      },
      "geometry": {
        "type": "Point",
        "coordinates": [
          29.8790095,
          31.1937153
        ]
      },
      "id": "node/4625203995"
    },
    {
      "type": "Feature",
      "properties": {
        "@id": "node/4634543595",
        "name": "الجمعية التعاونية الزراعية",
        "name:ar": "الجمعية التعاونية الزراعية",
        "office": "government"
      },
      "geometry": {
        "type": "Point",
        "coordinates": [
          30.5355861,
          25.2770381
        ]
      },
      "id": "node/4634543595"
    },
    {
      "type": "Feature",
      "properties": {
        "@id": "node/4663254424",
        "addr:housenumber": "6",
        "addr:street": "شارع يشبك",
        "amenity": "police",
        "name": "ديزاينوبيا زون",
        "name:ar": "ديزاينوبيا زون",
        "name:en": "Designopia Zone",
        "opening_hours": "Fr-We 10:00-22:00; Th 10:00-16:00"
      },
      "geometry": {
        "type": "Point",
        "coordinates": [
          31.2822771,
          30.0695151
        ]
      },
      "id": "node/4663254424"
    },
    {
      "type": "Feature",
      "properties": {
        "@id": "node/4672189189",
        "name": "المجلس الاقليمي لحقوق الانسان",
        "name:ar": "المجلس الاقليمي لحقوق الانسان",
        "office": "government"
      },
      "geometry": {
        "type": "Point",
        "coordinates": [
          30.5356609,
          25.2757419
        ]
      },
      "id": "node/4672189189"
    },
    {
      "type": "Feature",
      "properties": {
        "@id": "node/4694806291",
        "addr:street": "شارع أسماء شنودة",
        "amenity": "police"
      },
      "geometry": {
        "type": "Point",
        "coordinates": [
          31.3181063,
          30.1274634
        ]
      },
      "id": "node/4694806291"
    },
    {
      "type": "Feature",
      "properties": {
        "@id": "node/4705386693",
        "addr:housenumber": "241",
        "addr:street": "شارع الهرم",
        "name": "مركز معلومات و دعم اتخاذ القرار",
        "name:ar": "مركز معلومات و دعم اتخاذ القرار",
        "name:de": "Entscheidungsunterstützungs- und Informationszentrum",
        "name:en": "Decision Support and Information Center",
        "office": "government"
      },
      "geometry": {
        "type": "Point",
        "coordinates": [
          31.1686883,
          29.9965656
        ]
      },
      "id": "node/4705386693"
    },
    {
      "type": "Feature",
      "properties": {
        "@id": "node/4711812890",
        "name": "الادارة الزراعية",
        "name:ar": "الادارة الزراعية",
        "office": "government"
      },
      "geometry": {
        "type": "Point",
        "coordinates": [
          31.684422,
          30.5342104
        ]
      },
      "id": "node/4711812890"
    },
    {
      "type": "Feature",
      "properties": {
        "@id": "node/4711812993",
        "name": "ادارة الطب البيطري",
        "name:ar": "ادارة الطب البيطري",
        "office": "government"
      },
      "geometry": {
        "type": "Point",
        "coordinates": [
          31.6848361,
          30.534382
        ]
      },
      "id": "node/4711812993"
    },
    {
      "type": "Feature",
      "properties": {
        "@id": "node/4735372723",
        "name": "ادارة ابوحماد التعليمية",
        "name:ar": "ادارة ابوحماد التعليمية",
        "office": "government"
      },
      "geometry": {
        "type": "Point",
        "coordinates": [
          31.6780543,
          30.5425765
        ]
      },
      "id": "node/4735372723"
    },
    {
      "type": "Feature",
      "properties": {
        "@id": "node/4754465351",
        "man_made": "water_works",
        "name": "محطه المياه",
        "name:ar": "محطه المياه"
      },
      "geometry": {
        "type": "Point",
        "coordinates": [
          31.2710556,
          30.7413024
        ]
      },
      "id": "node/4754465351"
    },
    {
      "type": "Feature",
      "properties": {
        "@id": "node/4770565722",
        "name": "مكتب العمل - المنتزه",
        "name:ar": "مكتب العمل - المنتزه",
        "office": "government",
        "opening_hours": "Su-Th 08:00-14:00"
      },
      "geometry": {
        "type": "Point",
        "coordinates": [
          29.9890964,
          31.24519
        ]
      },
      "id": "node/4770565722"
    },
    {
      "type": "Feature",
      "properties": {
        "@id": "node/4770737033",
        "name": "صندوق التأمين الاجتماعي - مكتب المنتزه",
        "name:ar": "صندوق التأمين الاجتماعي - مكتب المنتزه",
        "office": "government",
        "opening_hours": "Su-Th 09:00-14:00"
      },
      "geometry": {
        "type": "Point",
        "coordinates": [
          29.9806902,
          31.2486838
        ]
      },
      "id": "node/4770737033"
    },
    {
      "type": "Feature",
      "properties": {
        "@id": "node/4772584821",
        "office": "government",
        "opening_hours": "Su-Th 08:00-14:00"
      },
      "geometry": {
        "type": "Point",
        "coordinates": [
          29.9889116,
          31.2451698
        ]
      },
      "id": "node/4772584821"
    },
    {
      "type": "Feature",
      "properties": {
        "@id": "node/4774166722",
        "addr:street": "مرور ابيس",
        "amenity": "police",
        "name": "مرور ابيس برج العرب",
        "name:ar": "مرور ابيس برج العرب"
      },
      "geometry": {
        "type": "Point",
        "coordinates": [
          29.6017538,
          30.8868884
        ]
      },
      "id": "node/4774166722"
    },
    {
      "type": "Feature",
      "properties": {
        "@id": "node/4778178786",
        "name": "الهيئة القومية للتأمين الإجتماعي - صندوق العاملين بالقطاع الحكومي - منطقة ومنفذ صرف السيوف",
        "name:ar": "الهيئة القومية للتأمين الإجتماعي - صندوق العاملين بالقطاع الحكومي - منطقة ومنفذ صرف السيوف",
        "office": "government",
        "opening_hours": "Su-Th 08:00-14:00"
      },
      "geometry": {
        "type": "Point",
        "coordinates": [
          29.9925853,
          31.2370365
        ]
      },
      "id": "node/4778178786"
    },
    {
      "type": "Feature",
      "properties": {
        "@id": "node/4831765521",
        "name": "قناطر نجع حمادي الجديدة",
        "name:ar": "قناطر نجع حمادي الجديدة",
        "office": "government"
      },
      "geometry": {
        "type": "Point",
        "coordinates": [
          32.1465046,
          26.1537208
        ]
      },
      "id": "node/4831765521"
    },
    {
      "type": "Feature",
      "properties": {
        "@id": "node/4837014323",
        "amenity": "police",
        "name": "Police Station",
        "name:ar": "شرطة الأحياء"
      },
      "geometry": {
        "type": "Point",
        "coordinates": [
          33.746415,
          27.2970334
        ]
      },
      "id": "node/4837014323"
    },
    {
      "type": "Feature",
      "properties": {
        "@id": "node/4842473521",
        "addr:street": "بانوراما - حي الكوثر",
        "name": "الصعيد البحر الاحمر للاستثمار والتنمية",
        "name:ar": "الصعيد البحر الاحمر للاستثمار والتنمية",
        "name:en": "Alsaeed albahr alahmar",
        "office": "government"
      },
      "geometry": {
        "type": "Point",
        "coordinates": [
          31.7986265,
          26.6185075
        ]
      },
      "id": "node/4842473521"
    },
    {
      "type": "Feature",
      "properties": {
        "@id": "node/4899456522",
        "amenity": "police",
        "name": "شركة كهرباء شبرا الخيمة",
        "name:ar": "شركة كهرباء شبرا الخيمة"
      },
      "geometry": {
        "type": "Point",
        "coordinates": [
          31.2493433,
          30.1177508
        ]
      },
      "id": "node/4899456522"
    },
    {
      "type": "Feature",
      "properties": {
        "@id": "node/4933286521",
        "name:en": "Suez Canal Authority",
        "name:ru": "Администрация Суэцкого канала",
        "office": "government"
      },
      "geometry": {
        "type": "Point",
        "coordinates": [
          32.3085806,
          31.2571933
        ]
      },
      "id": "node/4933286521"
    },
    {
      "type": "Feature",
      "properties": {
        "@id": "node/4947150521",
        "name": "شركة الاسكندرية لتوزيع الكهرباء",
        "name:ar": "شركة الاسكندرية لتوزيع الكهرباء",
        "office": "government"
      },
      "geometry": {
        "type": "Point",
        "coordinates": [
          29.9268143,
          31.2068073
        ]
      },
      "id": "node/4947150521"
    },
    {
      "type": "Feature",
      "properties": {
        "@id": "node/4957467521",
        "name": "القرية التكنولوجية",
        "name:ar": "القرية التكنولوجية",
        "name:en": "The village of technology",
        "office": "government"
      },
      "geometry": {
        "type": "Point",
        "coordinates": [
          31.2823252,
          29.9722737
        ]
      },
      "id": "node/4957467521"
    },
    {
      "type": "Feature",
      "properties": {
        "@id": "node/4958323008",
        "name": "الهيئة القومية للتأمين الاجتماعي - صندوق العاملين بالقطاع الحكومي",
        "name:ar": "الهيئة القومية للتأمين الاجتماعي - صندوق العاملين بالقطاع الحكومي",
        "office": "government"
      },
      "geometry": {
        "type": "Point",
        "coordinates": [
          31.2408419,
          30.0392233
        ]
      },
      "id": "node/4958323008"
    },
    {
      "type": "Feature",
      "properties": {
        "@id": "node/4984948127",
        "addr:country": "EG",
        "addr:district": "الدقى",
        "addr:district:en": "Al Doqi",
        "addr:housenumber": "19",
        "addr:postcode": "12611",
        "addr:province": "الجيزه",
        "addr:province:en": "Giza",
        "addr:street": "شارع عبدالله الكاتب",
        "addr:street:en": "Abdallah Al Kateb Street",
        "addr:subdistrict": "سليمان جوهر",
        "addr:subdistrict:en": "Soliman Gohar",
        "country": "TH",
        "diplomatic": "embassy",
        "embassy": "yes",
        "name": "سفارة تايلاند",
        "name:ar": "سفارة تايلاند",
        "name:en": "Embassy of Thailand",
        "name:fr": "Ambassade de Thaïlande",
        "office": "diplomatic",
        "target": "EG"
      },
      "geometry": {
        "type": "Point",
        "coordinates": [
          31.2181878,
          30.0424541
        ]
      },
      "id": "node/4984948127"
    },
    {
      "type": "Feature",
      "properties": {
        "@id": "node/4993491025",
        "addr:street": "No. 2",
        "name": "منطقة قوى عامله الهرم",
        "name:ar": "منطقة قوى عامله الهرم",
        "name:en": "Labour Office elHaram",
        "office": "government",
        "opening_hours": "Su-Th 08:00-14:00"
      },
      "geometry": {
        "type": "Point",
        "coordinates": [
          31.1012698,
          29.988752
        ]
      },
      "id": "node/4993491025"
    },
    {
      "type": "Feature",
      "properties": {
        "@id": "node/5012376444",
        "amenity": "police",
        "name": "نادي ضباط الشرطة",
        "name:ar": "نادي ضباط الشرطة",
        "name:en": "Club police officers"
      },
      "geometry": {
        "type": "Point",
        "coordinates": [
          31.0990149,
          29.0608942
        ]
      },
      "id": "node/5012376444"
    },
    {
      "type": "Feature",
      "properties": {
        "@id": "node/5030774176",
        "addr:street": "شارع وسط البلد",
        "name": "المجلس المحلى",
        "name:ar": "المجلس المحلى",
        "office": "government"
      },
      "geometry": {
        "type": "Point",
        "coordinates": [
          30.8986309,
          29.2568489
        ]
      },
      "id": "node/5030774176"
    },
    {
      "type": "Feature",
      "properties": {
        "@id": "node/5064277621",
        "name": "منقار الوحش",
        "name:ar": "منقار الوحش",
        "office": "government"
      },
      "geometry": {
        "type": "Point",
        "coordinates": [
          29.241475,
          30.437955
        ]
      },
      "id": "node/5064277621"
    },
    {
      "type": "Feature",
      "properties": {
        "@id": "node/5067312824",
        "addr:street": "77",
        "name": "سجل مدني المعادى",
        "name:ar": "سجل مدني المعادى",
        "office": "government"
      },
      "geometry": {
        "type": "Point",
        "coordinates": [
          31.2634536,
          29.9667596
        ]
      },
      "id": "node/5067312824"
    },
    {
      "type": "Feature",
      "properties": {
        "@id": "node/5103810812",
        "addr:city": "Istanbul",
        "addr:district": "Fatih",
        "addr:street": "Turgut özal millet caddesi",
        "amenity": "police",
        "name": "Şehremini Polis Karakolu",
        "name:ar": "مخفر شرطة شيهريميني",
        "phone": "(0212) 534 80 53"
      },
      "geometry": {
        "type": "Point",
        "coordinates": [
          28.9298724,
          28.9302452
        ]
      },
      "id": "node/5103810812"
    },
    {
      "type": "Feature",
      "properties": {
        "@id": "node/5105686228",
        "amenity": "police",
        "name": "قسم شرطة الاميرية",
        "name:ar": "قسم شرطة الاميرية",
        "name:en": "Alamerya police station",
        "opening_hours": "24/7"
      },
      "geometry": {
        "type": "Point",
        "coordinates": [
          31.2950182,
          30.1117971
        ]
      },
      "id": "node/5105686228"
    },
    {
      "type": "Feature",
      "properties": {
        "@id": "node/5112419926",
        "name": "مديرية المساحة",
        "name:ar": "مديرية المساحة",
        "office": "government"
      },
      "geometry": {
        "type": "Point",
        "coordinates": [
          30.5410414,
          25.4546496
        ]
      },
      "id": "node/5112419926"
    },
    {
      "type": "Feature",
      "properties": {
        "@id": "node/5134665941",
        "name": "المركز التكنولوجي لخدمة المواطنين",
        "name:ar": "المركز التكنولوجي لخدمة المواطنين",
        "office": "government"
      },
      "geometry": {
        "type": "Point",
        "coordinates": [
          31.3278227,
          30.0528979
        ]
      },
      "id": "node/5134665941"
    },
    {
      "type": "Feature",
      "properties": {
        "@id": "node/5134666154",
        "name": "صلاح البنجى",
        "name:ar": "صلاح البنجى",
        "office": "government"
      },
      "geometry": {
        "type": "Point",
        "coordinates": [
          31.3573929,
          30.0555497
        ]
      },
      "id": "node/5134666154"
    },
    {
      "type": "Feature",
      "properties": {
        "@id": "node/5146652621",
        "addr:housenumber": "5ا",
        "addr:street": "شارع المخيم الدائم",
        "name": "الجهاز القومي لتنظيم الاتصالات",
        "name:ar": "الجهاز القومي لتنظيم الاتصالات",
        "name:en": "National Telecommunication Regulatory Authority NTRA",
        "office": "government",
        "opening_hours": "Sa-Th 09:00-15:00"
      },
      "geometry": {
        "type": "Point",
        "coordinates": [
          31.3111964,
          30.0541024
        ]
      },
      "id": "node/5146652621"
    },
    {
      "type": "Feature",
      "properties": {
        "@id": "node/5170697622",
        "name": "مركز التنمية المحلية بسقارة",
        "name:ar": "مركز التنمية المحلية بسقارة",
        "name:en": "Local improvement center in Saqqara",
        "office": "government"
      },
      "geometry": {
        "type": "Point",
        "coordinates": [
          31.2307206,
          29.8520593
        ]
      },
      "id": "node/5170697622"
    },
    {
      "type": "Feature",
      "properties": {
        "@id": "node/5171806723",
        "amenity": "police",
        "name": "Poste de police"
      },
      "geometry": {
        "type": "Point",
        "coordinates": [
          32.5849662,
          25.6414185
        ]
      },
      "id": "node/5171806723"
    },
    {
      "type": "Feature",
      "properties": {
        "@id": "node/5174521506",
        "amenity": "police",
        "name": "Talibia Police Station قسم شرطة الطالبيه",
        "name:ar": "Talibia Police Station قسم شرطة الطالبيه"
      },
      "geometry": {
        "type": "Point",
        "coordinates": [
          31.2010152,
          30.009568
        ]
      },
      "id": "node/5174521506"
    },
    {
      "type": "Feature",
      "properties": {
        "@id": "node/5174524604",
        "amenity": "police",
        "name": "مرور الشرطة العسكرية",
        "name:ar": "مرور الشرطة العسكرية"
      },
      "geometry": {
        "type": "Point",
        "coordinates": [
          31.1969926,
          30.0073591
        ]
      },
      "id": "node/5174524604"
    },
    {
      "type": "Feature",
      "properties": {
        "@id": "node/5174575817",
        "name": "مرور حدائق الأهرام",
        "name:ar": "مرور حدائق الأهرام",
        "office": "government",
        "opening_hours": "sa-th 09:15:00"
      },
      "geometry": {
        "type": "Point",
        "coordinates": [
          31.1361984,
          30.006427
        ]
      },
      "id": "node/5174575817"
    },
    {
      "type": "Feature",
      "properties": {
        "@id": "node/5177324711",
        "name": "مبني محافظة أسيوط",
        "name:ar": "مبني محافظة أسيوط",
        "name:en": "Asyut Governorate Building",
        "office": "government"
      },
      "geometry": {
        "type": "Point",
        "coordinates": [
          31.1902192,
          27.192072
        ]
      },
      "id": "node/5177324711"
    },
    {
      "type": "Feature",
      "properties": {
        "@id": "node/5178938959",
        "consulate": "yes",
        "country": "GB",
        "diplomatic": "consulate",
        "name": "British Consul",
        "office": "diplomatic",
        "target": "EG"
      },
      "geometry": {
        "type": "Point",
        "coordinates": [
          29.9557731,
          31.2248432
        ]
      },
      "id": "node/5178938959"
    },
    {
      "type": "Feature",
      "properties": {
        "@id": "node/5194276621",
        "amenity": "police",
        "name": "نقطة تفتيش أبو رديس",
        "name:ar": "نقطة تفتيش أبو رديس",
        "name:en": "Abu Redeis Check Point"
      },
      "geometry": {
        "type": "Point",
        "coordinates": [
          33.1817939,
          29.0013537
        ]
      },
      "id": "node/5194276621"
    },
    {
      "type": "Feature",
      "properties": {
        "@id": "node/5200286525",
        "addr:housenumber": "1",
        "addr:street": "شارع دكتور ابراهيم عبد السيد",
        "country": "SA",
        "diplomatic": "embassy",
        "embassy": "branch_embassy",
        "name": "مكتب الفيحاء لخدمات القنصليه السعودية",
        "name:ar": "مكتب الفيحاء لخدمات القنصلية العامة للمملكه العربية السعودية",
        "name:en": "Fihaa office for KSA consulate services",
        "office": "diplomatic",
        "target": "EG",
        "wikidata": "Q113001908"
      },
      "geometry": {
        "type": "Point",
        "coordinates": [
          29.9111114,
          31.1975656
        ]
      },
      "id": "node/5200286525"
    },
    {
      "type": "Feature",
      "properties": {
        "@id": "node/5200286623",
        "name": "وزارة الخارجية سان ستيفانو",
        "name:ar": "وزارة الخارجية سان ستيفانو",
        "name:en": "Ministry of Foreign Affairs San Stefano",
        "office": "government"
      },
      "geometry": {
        "type": "Point",
        "coordinates": [
          29.9659718,
          31.244822
        ]
      },
      "id": "node/5200286623"
    },
    {
      "type": "Feature",
      "properties": {
        "@id": "node/5200302521",
        "name": "مكتب الخارجية سان ستيفانو",
        "name:ar": "مكتب الخارجية سان ستيفانو",
        "name:en": "Ministry of Foreign Affairs San",
        "office": "government"
      },
      "geometry": {
        "type": "Point",
        "coordinates": [
          29.9655085,
          31.2449607
        ]
      },
      "id": "node/5200302521"
    },
    {
      "type": "Feature",
      "properties": {
        "@id": "node/5203798125",
        "name": "مصلحة الطب الشرعي",
        "name:ar": "مصلحة الطب الشرعي",
        "name:en": "Department of forensic medicine",
        "office": "government",
        "opening_hours": "Sa-Th 07:00-15:00"
      },
      "geometry": {
        "type": "Point",
        "coordinates": [
          31.2419733,
          30.0245983
        ]
      },
      "id": "node/5203798125"
    },
    {
      "type": "Feature",
      "properties": {
        "@id": "node/5208256321",
        "description": "MISR",
        "name": "ميناء الغردقة السياحي",
        "name:ar": "ميناء الغردقة السياحي",
        "name:en": "Hurghada Tourism Port (Diving)",
        "office": "government"
      },
      "geometry": {
        "type": "Point",
        "coordinates": [
          33.847891,
          27.2346349
        ]
      },
      "id": "node/5208256321"
    },
    {
      "type": "Feature",
      "properties": {
        "@id": "node/5219617823",
        "addr:street": "شارع جسر السويس",
        "name": "اداره التجنيد والتعبئة - الحلميه",
        "name:en": "Tagneed - Travel Permits",
        "office": "government",
        "website": "https://tagned.mod.gov.eg/"
      },
      "geometry": {
        "type": "Point",
        "coordinates": [
          31.324358,
          30.107141
        ]
      },
      "id": "node/5219617823"
    },
    {
      "type": "Feature",
      "properties": {
        "@id": "node/5219617825",
        "amenity": "police",
        "name": "الإدارة العامة لتحقيق الأدلة الجنائية",
        "name:ar": "الإدارة العامة لتحقيق الأدلة الجنائية"
      },
      "geometry": {
        "type": "Point",
        "coordinates": [
          31.2880025,
          30.0710539
        ]
      },
      "id": "node/5219617825"
    },
    {
      "type": "Feature",
      "properties": {
        "@id": "node/5219621329",
        "name": "مكتب تصديقات الميريلاند",
        "name:ar": "مكتب تصديقات الميريلاند",
        "office": "government"
      },
      "geometry": {
        "type": "Point",
        "coordinates": [
          31.3221538,
          30.1007305
        ]
      },
      "id": "node/5219621329"
    },
    {
      "type": "Feature",
      "properties": {
        "@id": "node/5234512021",
        "country": "LY",
        "diplomatic": "embassy",
        "embassy": "delegation",
        "name": "المندوبية الليبية لدى جامعة الدول العربية",
        "name:ar": "المندوبية الليبية لدى جامعة الدول العربية",
        "name:en": "Libyan Delegation to the League of Arab States",
        "office": "diplomatic",
        "opening_hours": "Su-We 09:00-13:00",
        "target": "EG"
      },
      "geometry": {
        "type": "Point",
        "coordinates": [
          31.2132334,
          30.0354633
        ]
      },
      "id": "node/5234512021"
    },
    {
      "type": "Feature",
      "properties": {
        "@id": "node/5234882621",
        "name": "حي العجمي",
        "name:ar": "حي العجمي",
        "office": "government",
        "opening_hours": "Su-Th 07:00-13:30"
      },
      "geometry": {
        "type": "Point",
        "coordinates": [
          29.7971721,
          31.1168469
        ]
      },
      "id": "node/5234882621"
    },
    {
      "type": "Feature",
      "properties": {
        "@id": "node/5241429721",
        "amenity": "police",
        "name:en": "Checkpoint"
      },
      "geometry": {
        "type": "Point",
        "coordinates": [
          34.5046674,
          28.8376615
        ]
      },
      "id": "node/5241429721"
    },
    {
      "type": "Feature",
      "properties": {
        "@id": "node/5246987421",
        "country": "LY",
        "diplomatic": "embassy",
        "embassy": "mission",
        "name": "المندوبية الليبية لدى جامعة الدول العربية",
        "name:ar": "المندوبية الليبية لدى جامعة الدول العربية",
        "name:en": "Libyan Delegation to the League of Arab States",
        "office": "diplomatic",
        "opening_hours": "Su-Th 09:00-14:00"
      },
      "geometry": {
        "type": "Point",
        "coordinates": [
          31.2152987,
          30.0366115
        ]
      },
      "id": "node/5246987421"
    },
    {
      "type": "Feature",
      "properties": {
        "@id": "node/5267419922",
        "name:en": "Passport Office",
        "office": "government"
      },
      "geometry": {
        "type": "Point",
        "coordinates": [
          32.6319302,
          25.6874722
        ]
      },
      "id": "node/5267419922"
    },
    {
      "type": "Feature",
      "properties": {
        "@id": "node/5301039121",
        "country": "YE",
        "diplomatic": "embassy",
        "embassy": "yes",
        "name": "السفارة اليمنية",
        "name:ar": "السفارة اليمنية",
        "name:en": "Yemen Embassy",
        "name:fr": "Ambassade du Yémen",
        "office": "diplomatic",
        "target": "EG"
      },
      "geometry": {
        "type": "Point",
        "coordinates": [
          31.2163779,
          30.035985
        ]
      },
      "id": "node/5301039121"
    },
    {
      "type": "Feature",
      "properties": {
        "@id": "node/5305145143",
        "barrier": "border_control"
      },
      "geometry": {
        "type": "Point",
        "coordinates": [
          25.0768744,
          31.5758033
        ]
      },
      "id": "node/5305145143"
    },
    {
      "type": "Feature",
      "properties": {
        "@id": "node/5315863196",
        "addr:city": "الاسكندريه",
        "addr:postcode": "23615",
        "addr:street": "ابيس 7",
        "name": "الاداره الزراعيه منطقه امتداد ابيس",
        "name:ar": "الاداره الزراعيه منطقه امتداد ابيس",
        "office": "government"
      },
      "geometry": {
        "type": "Point",
        "coordinates": [
          29.9561209,
          31.1479983
        ]
      },
      "id": "node/5315863196"
    },
    {
      "type": "Feature",
      "properties": {
        "@id": "node/5315864748",
        "addr:city": "الاسكندريه",
        "addr:postcode": "23615",
        "amenity": "police",
        "name": "نقطه شرطه الزهراء",
        "name:ar": "نقطه شرطه الزهراء"
      },
      "geometry": {
        "type": "Point",
        "coordinates": [
          29.9548035,
          31.1494315
        ]
      },
      "id": "node/5315864748"
    },
    {
      "type": "Feature",
      "properties": {
        "@id": "node/5326761422",
        "name": "الملحقية الثقافية الليبية",
        "name:ar": "الملحقية الثقافية الليبية",
        "name:en": "Libyan cultural attach",
        "name:it": "Collegamento culturale libico",
        "office": "government"
      },
      "geometry": {
        "type": "Point",
        "coordinates": [
          31.2152796,
          30.0366195
        ]
      },
      "id": "node/5326761422"
    },
    {
      "type": "Feature",
      "properties": {
        "@id": "node/5348983623",
        "addr:city": "سيوة",
        "name": "مكتب لأذونات السفر",
        "name:ar": "مكتب لأذونات السفر",
        "name:en": "Permissions to travel Office",
        "office": "government"
      },
      "geometry": {
        "type": "Point",
        "coordinates": [
          25.5200245,
          29.1958666
        ]
      },
      "id": "node/5348983623"
    },
    {
      "type": "Feature",
      "properties": {
        "@id": "node/5360008522",
        "name": "الجهاز المركزي للمحاسبات",
        "name:ar": "الجهاز المركزي للمحاسبات",
        "office": "government"
      },
      "geometry": {
        "type": "Point",
        "coordinates": [
          31.3134956,
          30.0778248
        ]
      },
      "id": "node/5360008522"
    },
    {
      "type": "Feature",
      "properties": {
        "@id": "node/5368646746",
        "name": "رئاسه حي الهرم",
        "name:ar": "رئاسه حي الهرم",
        "office": "government",
        "wikidata": "Q12209493",
        "wikimedia_commons": "Category:Haram (Giza)",
        "wikipedia": "ar:حي الهرم"
      },
      "geometry": {
        "type": "Point",
        "coordinates": [
          31.1762524,
          30.0090921
        ]
      },
      "id": "node/5368646746"
    },
    {
      "type": "Feature",
      "properties": {
        "@id": "node/5385787225",
        "name": "شركة الكهرباء - فرع سيدي بشر",
        "name:ar": "شركة الكهرباء - فرع سيدي بشر",
        "office": "government"
      },
      "geometry": {
        "type": "Point",
        "coordinates": [
          29.9870058,
          31.2603556
        ]
      },
      "id": "node/5385787225"
    },
    {
      "type": "Feature",
      "properties": {
        "@id": "node/5392902021",
        "name": "وزاره التعليم العالي للتعليم الخاص",
        "name:ar": "وزاره التعليم العالي للتعليم الخاص",
        "office": "government"
      },
      "geometry": {
        "type": "Point",
        "coordinates": [
          31.3408985,
          30.0383512
        ]
      },
      "id": "node/5392902021"
    },
    {
      "type": "Feature",
      "properties": {
        "@id": "node/5410903564",
        "name": "GAFI",
        "office": "government"
      },
      "geometry": {
        "type": "Point",
        "coordinates": [
          31.2968219,
          30.0710992
        ]
      },
      "id": "node/5410903564"
    },
    {
      "type": "Feature",
      "properties": {
        "@id": "node/5427951527",
        "amenity": "police",
        "name": "نقطة شرطة أولاد الياس",
        "name:ar": "نقطة شرطة أولاد الياس"
      },
      "geometry": {
        "type": "Point",
        "coordinates": [
          31.4012369,
          26.9372325
        ]
      },
      "id": "node/5427951527"
    },
    {
      "type": "Feature",
      "properties": {
        "@id": "node/5462710921",
        "name": "وحدة صحة الأسرة بدنا - مكتب الصحة بدنا",
        "name:ar": "وحدة صحة الأسرة بدنا - مكتب الصحة بدنا",
        "office": "government"
      },
      "geometry": {
        "type": "Point",
        "coordinates": [
          29.9768579,
          31.229188
        ]
      },
      "id": "node/5462710921"
    },
    {
      "type": "Feature",
      "properties": {
        "@id": "node/5475544821",
        "name": "Traffic Office ( letter to exit Egypt)",
        "office": "government"
      },
      "geometry": {
        "type": "Point",
        "coordinates": [
          32.8926313,
          24.0600552
        ]
      },
      "id": "node/5475544821"
    },
    {
      "type": "Feature",
      "properties": {
        "@id": "node/5488250522",
        "amenity": "police",
        "name": "كرته أسيوط",
        "name:ar": "كرته أسيوط"
      },
      "geometry": {
        "type": "Point",
        "coordinates": [
          31.5127067,
          27.3724383
        ]
      },
      "id": "node/5488250522"
    },
    {
      "type": "Feature",
      "properties": {
        "@id": "node/5506714322",
        "amenity": "police",
        "name:en": "Checkpoint"
      },
      "geometry": {
        "type": "Point",
        "coordinates": [
          34.2277536,
          27.8345057
        ]
      },
      "id": "node/5506714322"
    },
    {
      "type": "Feature",
      "properties": {
        "@id": "node/5508838922",
        "amenity": "police",
        "name:en": "police checkpoint"
      },
      "geometry": {
        "type": "Point",
        "coordinates": [
          32.6814757,
          25.2181508
        ]
      },
      "id": "node/5508838922"
    },
    {
      "type": "Feature",
      "properties": {
        "@id": "node/5508862723",
        "amenity": "police",
        "name": "Checkpoint k 42"
      },
      "geometry": {
        "type": "Point",
        "coordinates": [
          33.0269167,
          26.3658216
        ]
      },
      "id": "node/5508862723"
    },
    {
      "type": "Feature",
      "properties": {
        "@id": "node/5508862724",
        "amenity": "police",
        "name": "Checkpoint k 27"
      },
      "geometry": {
        "type": "Point",
        "coordinates": [
          32.8897369,
          26.3284849
        ]
      },
      "id": "node/5508862724"
    },
    {
      "type": "Feature",
      "properties": {
        "@id": "node/5508862725",
        "amenity": "police",
        "name:en": "Police Checkpoint"
      },
      "geometry": {
        "type": "Point",
        "coordinates": [
          32.748356,
          26.2177747
        ]
      },
      "id": "node/5508862725"
    },
    {
      "type": "Feature",
      "properties": {
        "@id": "node/5508868422",
        "amenity": "police",
        "name:en": "Police Checkpoint"
      },
      "geometry": {
        "type": "Point",
        "coordinates": [
          32.6663732,
          25.2009656
        ]
      },
      "id": "node/5508868422"
    },
    {
      "type": "Feature",
      "properties": {
        "@id": "node/5508874521",
        "amenity": "police"
      },
      "geometry": {
        "type": "Point",
        "coordinates": [
          32.7412207,
          25.7590791
        ]
      },
      "id": "node/5508874521"
    },
    {
      "type": "Feature",
      "properties": {
        "@id": "node/5508874525",
        "amenity": "police",
        "name:en": "Police Checkpoint"
      },
      "geometry": {
        "type": "Point",
        "coordinates": [
          32.8106678,
          25.9861309
        ]
      },
      "id": "node/5508874525"
    },
    {
      "type": "Feature",
      "properties": {
        "@id": "node/5508876422",
        "amenity": "police",
        "name:en": "Police Checkpoint"
      },
      "geometry": {
        "type": "Point",
        "coordinates": [
          33.357297,
          26.5198793
        ]
      },
      "id": "node/5508876422"
    },
    {
      "type": "Feature",
      "properties": {
        "@id": "node/5516511325",
        "amenity": "police",
        "name:en": "Police Checkpoint"
      },
      "geometry": {
        "type": "Point",
        "coordinates": [
          31.4388222,
          22.7883282
        ]
      },
      "id": "node/5516511325"
    },
    {
      "type": "Feature",
      "properties": {
        "@id": "node/5516511328",
        "amenity": "police",
        "name:en": "Police Checkpoint"
      },
      "geometry": {
        "type": "Point",
        "coordinates": [
          32.2546798,
          23.4756595
        ]
      },
      "id": "node/5516511328"
    },
    {
      "type": "Feature",
      "properties": {
        "@id": "node/5516750624",
        "amenity": "police",
        "name": "السرية الثالثة مر جو بالنظر",
        "name:ar": "السرية الثالثة مر جو بالنظر"
      },
      "geometry": {
        "type": "Point",
        "coordinates": [
          25.5264893,
          29.2586519
        ]
      },
      "id": "node/5516750624"
    },
    {
      "type": "Feature",
      "properties": {
        "@id": "node/5518003322",
        "amenity": "police",
        "name": "النقطة ١٢ هشام",
        "name:ar": "النقطة ١٢ هشام"
      },
      "geometry": {
        "type": "Point",
        "coordinates": [
          25.3846819,
          29.2286644
        ]
      },
      "id": "node/5518003322"
    },
    {
      "type": "Feature",
      "properties": {
        "@id": "node/5518349622",
        "amenity": "police",
        "name": "كمين الكيلو 7 شرطة عسكرية",
        "name:ar": "كمين الكيلو 7 شرطة عسكرية"
      },
      "geometry": {
        "type": "Point",
        "coordinates": [
          25.523331,
          29.2643106
        ]
      },
      "id": "node/5518349622"
    },
    {
      "type": "Feature",
      "properties": {
        "@id": "node/5522040624",
        "amenity": "police",
        "name": "Police Checkpoint"
      },
      "geometry": {
        "type": "Point",
        "coordinates": [
          32.2545222,
          23.4755122
        ]
      },
      "id": "node/5522040624"
    },
    {
      "type": "Feature",
      "properties": {
        "@id": "node/5524710121",
        "amenity": "police",
        "name": "النقطة ١٢ بديع",
        "name:ar": "النقطة ١٢ بديع"
      },
      "geometry": {
        "type": "Point",
        "coordinates": [
          25.327503,
          29.2503634
        ]
      },
      "id": "node/5524710121"
    },
    {
      "type": "Feature",
      "properties": {
        "@id": "node/5524710122",
        "amenity": "police",
        "name": "الفرقة ١٢ د جو",
        "name:ar": "الفرقة ١٢ د جو"
      },
      "geometry": {
        "type": "Point",
        "coordinates": [
          27.178101,
          31.354869
        ]
      },
      "id": "node/5524710122"
    },
    {
      "type": "Feature",
      "properties": {
        "@id": "node/5551667836",
        "amenity": "police"
      },
      "geometry": {
        "type": "Point",
        "coordinates": [
          31.8324808,
          31.508842
        ]
      },
      "id": "node/5551667836"
    },
    {
      "type": "Feature",
      "properties": {
        "@id": "node/5587373827",
        "name": "مديرية الطرق والنقل بالدقهلية",
        "name:ar": "مديرية الطرق والنقل بالدقهلية",
        "office": "government"
      },
      "geometry": {
        "type": "Point",
        "coordinates": [
          31.4100386,
          31.0541412
        ]
      },
      "id": "node/5587373827"
    },
    {
      "type": "Feature",
      "properties": {
        "@id": "node/5593538217",
        "name": "Senbellawein Trafic",
        "name:ar": "مرور السنبلاوين",
        "office": "government"
      },
      "geometry": {
        "type": "Point",
        "coordinates": [
          31.4732272,
          30.8696857
        ]
      },
      "id": "node/5593538217"
    },
    {
      "type": "Feature",
      "properties": {
        "@id": "node/5616618148",
        "name": "Administration Building",
        "office": "government"
      },
      "geometry": {
        "type": "Point",
        "coordinates": [
          30.8361397,
          29.8164906
        ]
      },
      "id": "node/5616618148"
    },
    {
      "type": "Feature",
      "properties": {
        "@id": "node/5643804622",
        "name": "نيابة غرب القاهرة العسكرية (م.م.ع)",
        "name:ar": "نيابة غرب القاهرة العسكرية (م.م.ع)",
        "office": "government"
      },
      "geometry": {
        "type": "Point",
        "coordinates": [
          31.2885417,
          29.9686219
        ]
      },
      "id": "node/5643804622"
    },
    {
      "type": "Feature",
      "properties": {
        "@id": "node/5645657821",
        "amenity": "police",
        "name": "قسم شرطة رمل ثان",
        "name:ar": "قسم شرطة رمل ثان"
      },
      "geometry": {
        "type": "Point",
        "coordinates": [
          29.9882948,
          31.230419
        ]
      },
      "id": "node/5645657821"
    },
    {
      "type": "Feature",
      "properties": {
        "@id": "node/5812620454",
        "country": "SD",
        "diplomatic": "embassy",
        "embassy": "yes",
        "name": "Embassy of Sudan",
        "name:de": "Botschaft von Sudan",
        "name:en": "Embassy of Sudan",
        "name:fr": "Ambassade du Soudan",
        "office": "diplomatic",
        "target": "EG"
      },
      "geometry": {
        "type": "Point",
        "coordinates": [
          31.2086933,
          30.03287
        ]
      },
      "id": "node/5812620454"
    },
    {
      "type": "Feature",
      "properties": {
        "@id": "node/5900099242",
        "amenity": "police",
        "name": "مركز شرطة طلخا",
        "name:ar": "مركز شرطة طلخا"
      },
      "geometry": {
        "type": "Point",
        "coordinates": [
          31.3807285,
          31.0506381
        ]
      },
      "id": "node/5900099242"
    },
    {
      "type": "Feature",
      "properties": {
        "@id": "node/5901207588",
        "addr:street": "شارع رفاعة",
        "country": "ET",
        "diplomatic": "embassy",
        "embassy": "yes",
        "name": "سفارة إثيوبيا",
        "name:ar": "سفارة إثيوبيا",
        "name:en": "Embassy of Ethiopia",
        "name:fr": "Ambassade d'Éthiopie",
        "office": "diplomatic",
        "target": "EG"
      },
      "geometry": {
        "type": "Point",
        "coordinates": [
          31.2153478,
          30.035025
        ]
      },
      "id": "node/5901207588"
    },
    {
      "type": "Feature",
      "properties": {
        "@id": "node/5911273190",
        "addr:street": "Black fenced gate in the wall",
        "name:en": "Ministry of Health child registration office",
        "office": "government"
      },
      "geometry": {
        "type": "Point",
        "coordinates": [
          31.2384129,
          30.040707
        ]
      },
      "id": "node/5911273190"
    },
    {
      "type": "Feature",
      "properties": {
        "@id": "node/5911768285",
        "addr:housenumber": "2nd Foor",
        "addr:street": "Bus Station building",
        "name:en": "Ministry of Foreign Affairs documentary office",
        "office": "government"
      },
      "geometry": {
        "type": "Point",
        "coordinates": [
          31.2382862,
          30.0579478
        ]
      },
      "id": "node/5911768285"
    },
    {
      "type": "Feature",
      "properties": {
        "@id": "node/6095913480",
        "amenity": "police",
        "name": "Police Checkpoint"
      },
      "geometry": {
        "type": "Point",
        "coordinates": [
          31.5484972,
          22.4582339
        ]
      },
      "id": "node/6095913480"
    },
    {
      "type": "Feature",
      "properties": {
        "@id": "node/6102973285",
        "name": "مكتب تصاريح الصيد البحريه",
        "name:ar": "مكتب تصاريح الصيد البحريه (حرس الحدود)",
        "office": "government",
        "opening_hours": "Su-Th 07:00-13:00"
      },
      "geometry": {
        "type": "Point",
        "coordinates": [
          31.3187355,
          30.0746369
        ]
      },
      "id": "node/6102973285"
    },
    {
      "type": "Feature",
      "properties": {
        "@id": "node/6109447787",
        "amenity": "police",
        "name:en": "Police Checkpoint"
      },
      "geometry": {
        "type": "Point",
        "coordinates": [
          31.8075548,
          23.0504985
        ]
      },
      "id": "node/6109447787"
    },
    {
      "type": "Feature",
      "properties": {
        "@id": "node/6123241394",
        "name": "مكتب بريد مصر القديمة",
        "name:ar": "مكتب بريد مصر القديمة",
        "office": "government"
      },
      "geometry": {
        "type": "Point",
        "coordinates": [
          31.2268996,
          30.0042632
        ]
      },
      "id": "node/6123241394"
    },
    {
      "type": "Feature",
      "properties": {
        "@id": "node/6123242515",
        "name": "الهيئة العامة للأبنية التعليمية",
        "name:ar": "الهيئة العامة للأبنية التعليمية",
        "office": "government"
      },
      "geometry": {
        "type": "Point",
        "coordinates": [
          31.1738481,
          30.0039058
        ]
      },
      "id": "node/6123242515"
    },
    {
      "type": "Feature",
      "properties": {
        "@id": "node/6130910698",
        "name": "الشهر العقاري بالسيوف",
        "name:ar": "الشهر العقاري بالسيوف",
        "office": "government"
      },
      "geometry": {
        "type": "Point",
        "coordinates": [
          29.9971148,
          31.2403292
        ]
      },
      "id": "node/6130910698"
    },
    {
      "type": "Feature",
      "properties": {
        "@id": "node/6133210189",
        "amenity": "police",
        "name": "نقطة الشرطة",
        "name:ar": "نقطة الشرطة",
        "name:en": "Police checkpoint"
      },
      "geometry": {
        "type": "Point",
        "coordinates": [
          32.2974672,
          26.0112769
        ]
      },
      "id": "node/6133210189"
    },
    {
      "type": "Feature",
      "properties": {
        "@id": "node/6133210190",
        "amenity": "police",
        "name": "نقطة الشرطة",
        "name:ar": "نقطة الشرطة",
        "name:en": "Police checkpoint"
      },
      "geometry": {
        "type": "Point",
        "coordinates": [
          32.6965441,
          26.1428622
        ]
      },
      "id": "node/6133210190"
    },
    {
      "type": "Feature",
      "properties": {
        "@id": "node/6133210191",
        "amenity": "police",
        "name": "نقطة الشرطة",
        "name:ar": "نقطة الشرطة",
        "name:en": "Police checkpoint"
      },
      "geometry": {
        "type": "Point",
        "coordinates": [
          32.5590799,
          25.6636669
        ]
      },
      "id": "node/6133210191"
    },
    {
      "type": "Feature",
      "properties": {
        "@id": "node/6173093685",
        "addr:city": "الإسكندرية",
        "name": "التأمينات الاجتماعيه(الدور السادس)",
        "name:ar": "التأمينات الاجتماعيه(الدور السادس)",
        "name:en": "Social Insurance office",
        "office": "government",
        "opening_hours": "Su-Th 08:00-15:00"
      },
      "geometry": {
        "type": "Point",
        "coordinates": [
          29.9000244,
          31.1956499
        ]
      },
      "id": "node/6173093685"
    },
    {
      "type": "Feature",
      "properties": {
        "@id": "node/6227364594",
        "amenity": "police",
        "name": "إدارة شرطة النجدة",
        "name:ar": "إدارة شرطة النجدة"
      },
      "geometry": {
        "type": "Point",
        "coordinates": [
          29.9206413,
          31.2030708
        ]
      },
      "id": "node/6227364594"
    },
    {
      "type": "Feature",
      "properties": {
        "@id": "node/6237425379",
        "description": "تقدم التدريب الصيفى لطلاب جغرافيا - مجانا",
        "name": "الهيئة القومية للاستشعار عن بعد",
        "name:ar": "الهيئة القومية للاستشعار عن بعد",
        "office": "government"
      },
      "geometry": {
        "type": "Point",
        "coordinates": [
          31.3817814,
          30.1295054
        ]
      },
      "id": "node/6237425379"
    },
    {
      "type": "Feature",
      "properties": {
        "@id": "node/6246295292",
        "amenity": "police",
        "name": "المر",
        "name:ar": "المرور"
      },
      "geometry": {
        "type": "Point",
        "coordinates": [
          30.7629406,
          29.1784442
        ]
      },
      "id": "node/6246295292"
    },
    {
      "type": "Feature",
      "properties": {
        "@id": "node/6249959885",
        "addr:street": "Azbt El Segn street",
        "amenity": "prison",
        "name": "سجن أسيوط",
        "name:ar": "سجن أسيوط",
        "name:en": "Asyut prison"
      },
      "geometry": {
        "type": "Point",
        "coordinates": [
          31.1826617,
          27.1963107
        ]
      },
      "id": "node/6249959885"
    },
    {
      "type": "Feature",
      "properties": {
        "@id": "node/6257863085",
        "name:en": "Checkpoint",
        "office": "government"
      },
      "geometry": {
        "type": "Point",
        "coordinates": [
          34.8414966,
          29.4411678
        ]
      },
      "id": "node/6257863085"
    },
    {
      "type": "Feature",
      "properties": {
        "@id": "node/6345984185",
        "amenity": "police",
        "name": "إدارة مرور الأقصر",
        "name:ar": "إدارة مرور الأقصر"
      },
      "geometry": {
        "type": "Point",
        "coordinates": [
          32.6514415,
          25.6840469
        ]
      },
      "id": "node/6345984185"
    },
    {
      "type": "Feature",
      "properties": {
        "@id": "node/6373564077",
        "name": "الوحدة المحلية",
        "name:ar": "الوحدة المحلية",
        "office": "government"
      },
      "geometry": {
        "type": "Point",
        "coordinates": [
          31.6906194,
          30.7822306
        ]
      },
      "id": "node/6373564077"
    },
    {
      "type": "Feature",
      "properties": {
        "@id": "node/6373576343",
        "name": "دار المناسبات",
        "name:ar": "دار المناسبات",
        "office": "government"
      },
      "geometry": {
        "type": "Point",
        "coordinates": [
          31.6903051,
          30.7828779
        ]
      },
      "id": "node/6373576343"
    },
    {
      "type": "Feature",
      "properties": {
        "@id": "node/6373599156",
        "name": "الشئون الاجتماعية",
        "name:ar": "الشئون الاجتماعية",
        "office": "government"
      },
      "geometry": {
        "type": "Point",
        "coordinates": [
          31.6884631,
          30.7813913
        ]
      },
      "id": "node/6373599156"
    },
    {
      "type": "Feature",
      "properties": {
        "@id": "node/6411889085",
        "addr:housenumber": "3",
        "addr:street": "سد إسنا",
        "name": "قطاع التدريب الإقليمي للموارد المائية والري",
        "name:ar": "قطاع التدريب الإقليمي للموارد المائية والري",
        "name:en": "Regional training sector water resources and Irrigation",
        "office": "government"
      },
      "geometry": {
        "type": "Point",
        "coordinates": [
          32.5646554,
          25.309879
        ]
      },
      "id": "node/6411889085"
    },
    {
      "type": "Feature",
      "properties": {
        "@id": "node/6411889885",
        "addr:street": "سد إسنا",
        "name": "الإدارة العامة للتوسع الأفقي والمشروعات",
        "name:ar": "الإدارة العامة للتوسع الأفقي والمشروعات",
        "name:en": "General directorate of Horizontal expansion and projects",
        "office": "government"
      },
      "geometry": {
        "type": "Point",
        "coordinates": [
          32.5668047,
          25.3093472
        ]
      },
      "id": "node/6411889885"
    },
    {
      "type": "Feature",
      "properties": {
        "@id": "node/6430520529",
        "name": "الإدارة العامة لتصاريح العمل",
        "name:ar": "الإدارة العامة لتصاريح العمل",
        "office": "government"
      },
      "geometry": {
        "type": "Point",
        "coordinates": [
          31.2747902,
          30.0523924
        ]
      },
      "id": "node/6430520529"
    },
    {
      "type": "Feature",
      "properties": {
        "@id": "node/6430523886",
        "amenity": "police",
        "name": "الادارة العامة لأندية وفنادق الشرطة",
        "name:ar": "الادارة العامة لأندية وفنادق الشرطة"
      },
      "geometry": {
        "type": "Point",
        "coordinates": [
          31.2754688,
          30.052318
        ]
      },
      "id": "node/6430523886"
    },
    {
      "type": "Feature",
      "properties": {
        "@id": "node/6443281836",
        "amenity": "police",
        "name": "نقطة شرطة محطة الرمل",
        "name:ar": "نقطة شرطة محطة الرمل",
        "wheelchair": "no"
      },
      "geometry": {
        "type": "Point",
        "coordinates": [
          29.9006817,
          31.2011768
        ]
      },
      "id": "node/6443281836"
    },
    {
      "type": "Feature",
      "properties": {
        "@id": "node/6455945789",
        "country": "YE",
        "diplomatic": "consulate",
        "name": "قنصلية اليمن",
        "name:ar": "قنصلية اليمن",
        "office": "diplomatic",
        "target": "EG"
      },
      "geometry": {
        "type": "Point",
        "coordinates": [
          31.2135951,
          30.0325015
        ]
      },
      "id": "node/6455945789"
    },
    {
      "type": "Feature",
      "properties": {
        "@id": "node/6486333785",
        "office": "government"
      },
      "geometry": {
        "type": "Point",
        "coordinates": [
          33.8129623,
          27.2526112
        ]
      },
      "id": "node/6486333785"
    },
    {
      "type": "Feature",
      "properties": {
        "@id": "node/6486333886",
        "addr:street": "October,6",
        "name:en": "Taxes",
        "name:ru": "Налоговая служба (оплата налогов физ. лицами)",
        "office": "government"
      },
      "geometry": {
        "type": "Point",
        "coordinates": [
          33.8101817,
          27.2533757
        ]
      },
      "id": "node/6486333886"
    },
    {
      "type": "Feature",
      "properties": {
        "@id": "node/6641347285",
        "consulate": "yes",
        "country": "LY",
        "diplomatic": "consulate",
        "name": "قنصلية ليبيا",
        "name:ar": "القنصلية الليبية - الاسكندرية",
        "name:en": "Consolate of Libya - Alexandria",
        "name:it": "Consula di Libia di Alessandria",
        "office": "diplomatic",
        "opening_hours": "Su-We 10:00-17:00",
        "phone": "+20 3 4940286",
        "target": "EG",
        "wikidata": "Q113001768"
      },
      "geometry": {
        "type": "Point",
        "coordinates": [
          29.9118995,
          31.1975447
        ]
      },
      "id": "node/6641347285"
    },
    {
      "type": "Feature",
      "properties": {
        "@id": "node/6760376688",
        "amenity": "police"
      },
      "geometry": {
        "type": "Point",
        "coordinates": [
          31.2838993,
          30.066798
        ]
      },
      "id": "node/6760376688"
    },
    {
      "type": "Feature",
      "properties": {
        "@id": "node/6782412866",
        "addr:country": "EG",
        "addr:district": "الاهرام",
        "addr:district:en": "Pyramids",
        "addr:housenumber": "48",
        "addr:postcode": "12557",
        "addr:province": "الجيزه",
        "addr:province:en": "Giza",
        "addr:street": "شارع يوسف عبد الله",
        "addr:street:en": "Yousef Abd Allah Street",
        "addr:subdistrict": "نزله السمان و السيسي",
        "addr:subdistrict:en": "Nazlet Al Siman and Al Sisi",
        "name": "سجل مدني اللبيني (خدمة مميزة)",
        "office": "government"
      },
      "geometry": {
        "type": "Point",
        "coordinates": [
          31.1490901,
          29.9857768
        ]
      },
      "id": "node/6782412866"
    },
    {
      "type": "Feature",
      "properties": {
        "@id": "node/6782879996",
        "addr:city": "القاهرة",
        "addr:country": "EG",
        "addr:district": "الدقى",
        "addr:district:en": "Al Doqi",
        "addr:housenumber": "1",
        "addr:postcode": "12615",
        "addr:province": "الجيزه",
        "addr:province:en": "Giza",
        "addr:street": "شارع عبد المنعم رياض",
        "addr:street:en": "Abd Al Moneim Riyad Street",
        "addr:subdistrict": "مدينه الاوقاف",
        "addr:subdistrict:en": "Al Awqaf City",
        "country": "IQ",
        "diplomatic": "consulate",
        "diplomatic:services:consulate": "yes",
        "fax": "+2037622517",
        "name": "قنصلية العراق في القاهرة",
        "name:ar": "قنصلية العراق في القاهرة",
        "name:en": "Iraqi Consulate in Cairo",
        "office": "diplomatic",
        "opening_hours": "Su-Th 09:00-15:00",
        "phone": "+20237622731",
        "target": "EG",
        "website": "https://www.mofa.gov.iq/cairo"
      },
      "geometry": {
        "type": "Point",
        "coordinates": [
          31.2046748,
          30.0487276
        ]
      },
      "id": "node/6782879996"
    },
    {
      "type": "Feature",
      "properties": {
        "@id": "node/6806655378",
        "barrier": "border_control"
      },
      "geometry": {
        "type": "Point",
        "coordinates": [
          34.9023439,
          29.4908339
        ]
      },
      "id": "node/6806655378"
    },
    {
      "type": "Feature",
      "properties": {
        "@id": "node/6835809866",
        "addr:city": "مدينة بدر",
        "addr:postcode": "11829",
        "addr:street": "شارع الامام النسائى",
        "amenity": "police",
        "name": "قسم شرطة مدينة بدر",
        "name:ar": "قسم شرطة مدينة بدر"
      },
      "geometry": {
        "type": "Point",
        "coordinates": [
          31.7112527,
          30.1363224
        ]
      },
      "id": "node/6835809866"
    },
    {
      "type": "Feature",
      "properties": {
        "@id": "node/6901215686",
        "addr:housenumber": "23",
        "addr:street": "شارع احمد حسن الزيات",
        "contact:email": "mwcairo@kln.gov.my",
        "contact:phone": "+20 2 3761 0013",
        "country": "MY",
        "diplomatic": "embassy",
        "embassy": "yes",
        "name": "Embassy of Malaysia Perak",
        "name:en": "Embassy of Malaysia Perak",
        "name:fr": "Ambassade de Malaisie",
        "office": "diplomatic",
        "target": "EG",
        "website": "https://www.kln.gov.my/web/egy_cairo/"
      },
      "geometry": {
        "type": "Point",
        "coordinates": [
          31.335194,
          30.0389358
        ]
      },
      "id": "node/6901215686"
    },
    {
      "type": "Feature",
      "properties": {
        "@id": "node/6929580881",
        "name": "مكتب إدارة المساحة ومدير المنطقة",
        "name:ar": "مكتب إدارة المساحة ومدير المنطقة",
        "office": "government"
      },
      "geometry": {
        "type": "Point",
        "coordinates": [
          33.1983334,
          29.182387
        ]
      },
      "id": "node/6929580881"
    },
    {
      "type": "Feature",
      "properties": {
        "@id": "node/6961571787",
        "name": "منطقة تجنيد و تعبئة الإسكندرية.",
        "name:ar": "منطقة تجنيد و تعبئة الإسكندرية.",
        "office": "government"
      },
      "geometry": {
        "type": "Point",
        "coordinates": [
          29.8174105,
          30.9970051
        ]
      },
      "id": "node/6961571787"
    },
    {
      "type": "Feature",
      "properties": {
        "@id": "node/6992380226",
        "addr:city": "القاهرة",
        "addr:housename": "North Tower, Nile City Towers",
        "addr:housenumber": "2005c",
        "addr:street": "شارع كورنيش النيل",
        "alt_name:de": "Neuseeländische Botschaft",
        "alt_name:mi": "Te Aka Aotearoa",
        "contact:email": "enquiries@nzembassy.org.eg",
        "contact:fax": "+20 2 24616099",
        "contact:phone": "+20 2 24616000",
        "contact:website": "https://www.mfat.govt.nz/en/countries-and-regions/africa/egypt/new-zealand-embassy-cairo-egypt/contactfull",
        "country": "NZ",
        "diplomatic": "embassy",
        "diplomatic:services:citizen_services": "yes",
        "embassy": "yes",
        "level": "8",
        "name": "Embassy of New Zealand",
        "name:de": "Botschaft von Neuseeland",
        "name:en": "Embassy of New Zealand",
        "name:es": "Embajada de Nueva Zelanda",
        "name:fr": "Ambassade de Nouvelle-Zélande",
        "name:mi": "Te Aka Aorere",
        "office": "diplomatic",
        "opening_hours": "Su-We 09:00-15:00; Th 09:00-13:00",
        "target": "DZ;EG;LB;LY;PS;TN",
        "wikidata": "Q75824481"
      },
      "geometry": {
        "type": "Point",
        "coordinates": [
          31.2279115,
          30.0720943
        ]
      },
      "id": "node/6992380226"
    },
    {
      "type": "Feature",
      "properties": {
        "@id": "node/7014220185",
        "amenity": "police",
        "name": "الادارة العامة للجوازات والهجرة والجنسية"
      },
      "geometry": {
        "type": "Point",
        "coordinates": [
          31.2857993,
          30.0667185
        ]
      },
      "id": "node/7014220185"
    },
    {
      "type": "Feature",
      "properties": {
        "@id": "node/7028049385",
        "addr:housenumber": "280 برج النور",
        "addr:street": "شارع الملك فيصل",
        "name": "الأدارة المركزية لخبراء شمال الجيزه",
        "name:ar": "الأدارة المركزية لخبراء شمال الجيزه",
        "office": "government"
      },
      "geometry": {
        "type": "Point",
        "coordinates": [
          31.1675563,
          30.0016581
        ]
      },
      "id": "node/7028049385"
    },
    {
      "type": "Feature",
      "properties": {
        "@id": "node/7114099826",
        "addr:city": "جيزه",
        "addr:housenumber": "4",
        "addr:street": "شارع ابن سيناء",
        "alt_name": "الملحق الثقافي الإماراتي",
        "alt_name:ar": "الملحق الثقافي الإماراتي",
        "country": "AE",
        "diplomatic": "embassy",
        "diplomatic:services:Notarial_Services": "yes",
        "diplomatic:services:citizen_services": "yes",
        "diplomatic:services:immigrant_visas": "yes",
        "diplomatic:services:non-immigrant_visas": "yes",
        "email": "cairoemb@mofaic.gov.ae",
        "embassy": "yes",
        "fax": "+20-2-35700844",
        "name": "السفارة الإماراتية فى القاهرة",
        "name:ar": "السفارة الإماراتية فى القاهرة",
        "name:de": "Botschaft der Vereinigten Arabischen Emirate",
        "name:en": "Embassy of the United Arab Emirates",
        "name:es": "Embajada de Emiratos Árabes Unidos en El Cairo",
        "name:fr": "Ambassade des Émirats arabes unis",
        "office": "diplomatic",
        "opening_hours": "Su-Th 08:00-15:00",
        "operator": "Juma Mubarak Al Junaibi",
        "phone": "+20-2-37766101",
        "target": "EG",
        "website": "https://sp.mofaic.gov.ae/EN/DiplomaticMissions/Embassies/Cairo/Pages/home.aspx",
        "wikidata": "Q81277213"
      },
      "geometry": {
        "type": "Point",
        "coordinates": [
          31.217626,
          30.0262867
        ]
      },
      "id": "node/7114099826"
    },
    {
      "type": "Feature",
      "properties": {
        "@id": "node/7179255885",
        "country": "IT",
        "diplomatic": "consulate",
        "name:en": "Italian Consulate",
        "name:fr": "Consulat italien",
        "office": "diplomatic",
        "target": "EG"
      },
      "geometry": {
        "type": "Point",
        "coordinates": [
          32.3080874,
          31.2673304
        ]
      },
      "id": "node/7179255885"
    },
    {
      "type": "Feature",
      "properties": {
        "@id": "node/7527296885",
        "name": "وحدة مرور حدائق القبة",
        "name:ar": "وحدة مرور حدائق القبة",
        "office": "government"
      },
      "geometry": {
        "type": "Point",
        "coordinates": [
          31.2896681,
          30.0886587
        ]
      },
      "id": "node/7527296885"
    },
    {
      "type": "Feature",
      "properties": {
        "@id": "node/7527314085",
        "name": "ادارة مرور الدراسة",
        "name:ar": "ادارة مرور الدراسة",
        "office": "government"
      },
      "geometry": {
        "type": "Point",
        "coordinates": [
          31.2750091,
          30.0528623
        ]
      },
      "id": "node/7527314085"
    },
    {
      "type": "Feature",
      "properties": {
        "@id": "node/7796944459",
        "addr:city": "القاهرة",
        "addr:country": "EG",
        "addr:housename": "أبراج النيل",
        "addr:housenumber": "2005 C",
        "addr:street": "شارع كورنيش النيل",
        "alt_name:en": "EU delegation to Egypt",
        "check_date": "2024-10-02",
        "contact:email": "delegation-egypt@eeas.europa.eu",
        "contact:facebook": "https://www.facebook.com/EUinEgypt",
        "contact:instagram": "https://www.instagram.com/euinegypt/",
        "contact:phone": "+20 2 24619860",
        "contact:twitter": "https://twitter.com/EUinEgypt",
        "contact:website": "https://www.eeas.europa.eu/delegations/%D9%85%D8%B5%D8%B1_ar",
        "contact:youtube": "https://www.youtube.com/c/EuropeanUnioninEgypt",
        "country": "EU",
        "description": "Nile City Towers",
        "diplomatic": "embassy",
        "embassy": "delegation",
        "level": "10",
        "name": "بعثة الاتحاد الأوروبي",
        "name:ar": "بعثة الاتحاد الأوروبي",
        "name:az": "Avropa İttifaqının Nümayəndəliyi",
        "name:bg": "Делегация на Европейския съюз",
        "name:cs": "Delegace Evropské unie",
        "name:cy": "Dirprwyo'r Undeb Ewropeaidd",
        "name:da": "Delegationen af Den Europæiske Union",
        "name:de": "Delegation der Europäischen Union",
        "name:el": "Αντιπροσωπεία της Ευρωπαϊκής Ένωσης",
        "name:en": "Delegation of the European Union",
        "name:es": "Delegación de la Unión Europea",
        "name:et": "Euroopa Liidu delegatsioon",
        "name:fi": "Euroopan unionin valtuuskunta",
        "name:fr": "Délégation de l'Union européenne",
        "name:ga": "Toscaireacht an Aontais Eorpaigh",
        "name:gd": "Tiomnadh an Aonaidh Eòrpaich",
        "name:hr": "Delegacija Europske unije",
        "name:hu": "Az Európai Unió küldöttsége",
        "name:it": "Delegazione dell'Unione europea",
        "name:kw": "Kanasedh Unyans Europek",
        "name:lt": "Europos Sąjungos delegacija",
        "name:lv": "Eiropas Savienības delegācija",
        "name:mt": "Delegazzjoni tal-Unjoni Ewropea",
        "name:nl": "Delegatie van de Europese Unie",
        "name:pl": "Delegacja Unii Europejskiej",
        "name:pt": "Delegação da União Europeia",
        "name:ro": "Delegația Uniunii Europene",
        "name:sco": "Delegation o the European Union",
        "name:sk": "Delegácia Európskej únie",
        "name:sl": "Delegacija Evropske unije",
        "name:sv": "Europeiska unionens delegation",
        "name:tr": "Avrupa Birliği Temsilciliği",
        "office": "diplomatic",
        "opening_hours": "Su-Th 08:00-15:30",
        "target": "EG"
      },
      "geometry": {
        "type": "Point",
        "coordinates": [
          31.2284422,
          30.0722392
        ]
      },
      "id": "node/7796944459"
    },
    {
      "type": "Feature",
      "properties": {
        "@id": "node/7936910685",
        "amenity": "police",
        "name": "وحدة مرور المنصورة",
        "name:ar": "وحدة مرور المنصورة"
      },
      "geometry": {
        "type": "Point",
        "coordinates": [
          31.3855951,
          31.0335251
        ]
      },
      "id": "node/7936910685"
    },
    {
      "type": "Feature",
      "properties": {
        "@id": "node/7973572086",
        "addr:housenumber": "01229250630",
        "addr:street": "الطريق الدائري الاقليمى",
        "amenity": "police",
        "name": "Mo Sallam",
        "phone": "01229250630"
      },
      "geometry": {
        "type": "Point",
        "coordinates": [
          30.9460591,
          30.3591426
        ]
      },
      "id": "node/7973572086"
    },
    {
      "type": "Feature",
      "properties": {
        "@id": "node/8032575685",
        "name": "الضرائب العقارية بدمنهور",
        "name:ar": "الضرائب العقارية بدمنهور",
        "office": "government"
      },
      "geometry": {
        "type": "Point",
        "coordinates": [
          30.4782623,
          31.0350447
        ]
      },
      "id": "node/8032575685"
    },
    {
      "type": "Feature",
      "properties": {
        "@id": "node/8154456319",
        "name": "E.E.A.A Cairo branch",
        "office": "government"
      },
      "geometry": {
        "type": "Point",
        "coordinates": [
          31.2628742,
          29.9257057
        ]
      },
      "id": "node/8154456319"
    },
    {
      "type": "Feature",
      "properties": {
        "@id": "node/8223132801",
        "addr:city": "صروة",
        "man_made": "water_works",
        "name": "محطة مياة صروة",
        "operator": "شركة مياه الشرب والصرف الصحي بكفر الشيخ"
      },
      "geometry": {
        "type": "Point",
        "coordinates": [
          30.8351392,
          31.0426394
        ]
      },
      "id": "node/8223132801"
    },
    {
      "type": "Feature",
      "properties": {
        "@id": "node/8328794594",
        "addr:city": "القاهرة",
        "addr:housenumber": "5",
        "addr:street": "شارع محمد مظهر",
        "country": "VA",
        "diplomatic": "embassy",
        "embassy": "nunciature",
        "name": "سفارة رسولية",
        "name:ar": "سفارة رسولية",
        "name:de": "Apostolische Nuntiatur",
        "name:en": "Apostolic Nunciature",
        "name:es": "Nunciatura Apostólica",
        "name:fr": "Nonciature apostolique",
        "office": "diplomatic",
        "target": "EG",
        "wikidata": "Q12784989"
      },
      "geometry": {
        "type": "Point",
        "coordinates": [
          31.2235454,
          30.0640664
        ]
      },
      "id": "node/8328794594"
    },
    {
      "type": "Feature",
      "properties": {
        "@id": "node/8328807450",
        "addr:city": "القاهرة",
        "addr:housenumber": "18",
        "addr:postcode": "11561",
        "addr:street": "شارع حسن صبري",
        "check_date": "2024-11-05",
        "contact:facebook": "https://www.facebook.com/irlembcairo",
        "contact:linkedin": "https://www.linkedin.com/company/embassy-of-ireland-cairo/",
        "contact:phone": "+20 2 27287100",
        "contact:twitter": "https://twitter.com/irlembcairo",
        "contact:website": "https://www.ireland.ie/en/egypt/cairo",
        "contact:youtube": "https://youtube.com/user/IrishForeignMinistry",
        "country": "IE",
        "diplomatic": "embassy",
        "embassy": "yes",
        "name": "سفارة أيرلندا",
        "name:am": "የአየርላንድ ኤምባሲ",
        "name:ar": "سفارة أيرلندا",
        "name:bg": "Посолство на Ирландия",
        "name:br": "Kannati Iwerzhon",
        "name:ca": "Ambaixada d'Irlanda",
        "name:co": "Ambasciata d'Irlanda",
        "name:cs": "Velvyslanectví Irska",
        "name:da": "Den irske ambassade",
        "name:de": "Botschaft von Irland",
        "name:el": "Πρεσβεία της Ιρλανδίας",
        "name:en": "Embassy of Ireland",
        "name:es": "Embajada de Irlanda",
        "name:et": "Iirimaa saatkond",
        "name:eu": "Irlandako enbaxada",
        "name:fi": "Irlannin Suurlähetystö",
        "name:fr": "Ambassade d'Irlande",
        "name:ga": "Ambasáid na hÉireann",
        "name:gd": "Ambasaid na h-Èireann",
        "name:gl": "Embaixada de Irlanda",
        "name:hr": "Veleposlanstvo Irske",
        "name:hu": "Írország Nagykövetség",
        "name:id": "Kedutaan Besar Irlandia",
        "name:is": "Sendiráð Írlands",
        "name:it": "Ambasciata d'Irlanda",
        "name:ja": "アイルランド大使館",
        "name:lb": "Ambassade vun Irland",
        "name:lt": "Airijos Respublikos ambasada",
        "name:lv": "Īrijas vēstniecība",
        "name:mk": "Амбасада на Ирска",
        "name:mt": "Ambaxxata tal-Irlanda",
        "name:nl": "Ambassade van Ierland",
        "name:no": "Irlands ambassade",
        "name:oc": "Embaissada d'Irlanda",
        "name:pl": "Ambasada Irlandii",
        "name:pt": "Embaixada da Irlanda",
        "name:ro": "Ambasada Irlandei",
        "name:rom": "Ambasada la Irlandeski",
        "name:ru": "Посольство Ирландии",
        "name:se": "Irlándda ambassáda",
        "name:sk": "Veľvyslanectvo Írska",
        "name:sl": "Irsko veleposlaništvo",
        "name:sq": "Ambasada e Irlandës",
        "name:sr": "Амбасада Ирске",
        "name:sv": "Irlands ambassad",
        "name:tr": "İrlanda Büyükelçiliği",
        "name:vi": "Đại sứ quán Ireland",
        "name:zh": "爱尔兰大使馆",
        "office": "diplomatic",
        "opening_hours": "Su-Th 09:00-15:00;PH off",
        "target": "EG;LB;SY",
        "wikidata": "Q104849432"
      },
      "geometry": {
        "type": "Point",
        "coordinates": [
          31.2209222,
          30.0586727
        ]
      },
      "id": "node/8328807450"
    },
    {
      "type": "Feature",
      "properties": {
        "@id": "node/8339303621",
        "amenity": "police",
        "name:ru": "Служба Национальной безопасности (Секретная полиция)",
        "opening_hours": "24/7"
      },
      "geometry": {
        "type": "Point",
        "coordinates": [
          34.2980908,
          27.8650043
        ]
      },
      "id": "node/8339303621"
    },
    {
      "type": "Feature",
      "properties": {
        "@id": "node/8380611117",
        "amenity": "police"
      },
      "geometry": {
        "type": "Point",
        "coordinates": [
          34.4309477,
          28.8658792
        ]
      },
      "id": "node/8380611117"
    },
    {
      "type": "Feature",
      "properties": {
        "@id": "node/8449840123",
        "addr:country": "EG",
        "addr:district": "الزمالك",
        "addr:district:en": "El Zamalek",
        "addr:housenumber": "9",
        "addr:postcode": "11568",
        "addr:province": "القاهرة",
        "addr:province:en": "Cairo",
        "addr:street": "شارع محمد مظهر",
        "addr:street:en": "Mohamed Mazhar Street",
        "addr:subdistrict": "محمد مظهر",
        "addr:subdistrict:en": "Mohamed Mazhar",
        "check_date": "2024-10-21",
        "country": "IQ",
        "diplomatic": "embassy",
        "embassy": "yes",
        "fax": "+20227365075",
        "name": "سفارة العراق في القاهرة",
        "name:ar": "سفارة العراق في القاهرة",
        "name:de": "Irakische Botschaft in Kairo",
        "name:es": "Embajada de Irak en El Cairo",
        "name:fr": "Ambassade d'Irak",
        "office": "diplomatic",
        "opening_hours": "Su-Th 09:00-15:00",
        "phone": "+20227358087",
        "target": "EG",
        "website": "https://www.mofa.gov.iq/cairo"
      },
      "geometry": {
        "type": "Point",
        "coordinates": [
          31.2230909,
          30.064723
        ]
      },
      "id": "node/8449840123"
    },
    {
      "type": "Feature",
      "properties": {
        "@id": "node/8494012007",
        "addr:housenumber": "2005C",
        "addr:street": "شارع كورنيش النيل",
        "country": "BR",
        "diplomatic": "embassy",
        "embassy": "yes",
        "level": "18",
        "name": "سفارة البرازيلية",
        "name:en": "Embassy of Brazil",
        "name:fr": "Ambassade du Brésil",
        "name:pt": "Embaixada do Brasil",
        "office": "diplomatic",
        "phone": "+202 24 61 9837",
        "target": "EG",
        "website": "http://cairo.itamaraty.gov.br",
        "wikidata": "Q105809391"
      },
      "geometry": {
        "type": "Point",
        "coordinates": [
          31.2283816,
          30.0723621
        ]
      },
      "id": "node/8494012007"
    },
    {
      "type": "Feature",
      "properties": {
        "@id": "node/8518259837",
        "addr:housenumber": "2005C",
        "addr:street": "شارع كورنيش النيل",
        "country": "DK",
        "diplomatic": "embassy",
        "embassy": "yes",
        "level": "7",
        "name": "سفارة الدنمارك",
        "name:da": "Danmarks ambassade",
        "name:en": "Embassy of Denmark",
        "name:fr": "Ambassade du Danemark",
        "office": "diplomatic",
        "phone": "+20-2-24616630",
        "target": "EG",
        "website": "https://egypten.um.dk/",
        "wikidata": "Q105956188"
      },
      "geometry": {
        "type": "Point",
        "coordinates": [
          31.228205,
          30.0724176
        ]
      },
      "id": "node/8518259837"
    },
    {
      "type": "Feature",
      "properties": {
        "@id": "node/8566829892",
        "addr:city": "القاهرة",
        "addr:housenumber": "9",
        "addr:postcode": "11568",
        "addr:street": "شارع محمد مظهر",
        "country": "IQ",
        "diplomatic": "embassy",
        "embassy": "residence",
        "name": "دار سكن السفير العراقي",
        "name:ar": "دار سكن السفير العراقي",
        "name:de": "Residenz des irakischen Botschafters",
        "name:es": "Residencia del Embajador Iraquí",
        "office": "diplomatic",
        "target": "EG"
      },
      "geometry": {
        "type": "Point",
        "coordinates": [
          31.2234674,
          30.0645073
        ]
      },
      "id": "node/8566829892"
    },
    {
      "type": "Feature",
      "properties": {
        "@id": "node/8612016756",
        "addr:city": "القاهرة",
        "addr:street": "شارع امين سامي",
        "government": "register_office",
        "name": "مكتب توثيق الشهر العقاري - السيدة زينب",
        "office": "government",
        "operator": "وزارة العدل"
      },
      "geometry": {
        "type": "Point",
        "coordinates": [
          31.2344219,
          30.0342323
        ]
      },
      "id": "node/8612016756"
    },
    {
      "type": "Feature",
      "properties": {
        "@id": "node/8612016757",
        "addr:city": "القاهرة",
        "addr:street": "شارع امين سامي",
        "government": "register_office",
        "name": "مكتب توثيق الشهر العقاري - الخليفة",
        "office": "government",
        "operator": "وزارة العدل"
      },
      "geometry": {
        "type": "Point",
        "coordinates": [
          31.2342267,
          30.0343257
        ]
      },
      "id": "node/8612016757"
    },
    {
      "type": "Feature",
      "properties": {
        "@id": "node/8612016758",
        "addr:city": "القاهرة",
        "addr:street": "شارع امين سامي",
        "government": "register_office",
        "name": "مكتب توثيق الشهر العقاري - قصر النيل",
        "office": "government",
        "operator": "وزارة العدل"
      },
      "geometry": {
        "type": "Point",
        "coordinates": [
          31.2340889,
          30.0343128
        ]
      },
      "id": "node/8612016758"
    },
    {
      "type": "Feature",
      "properties": {
        "@id": "node/8663142997",
        "addr:housenumber": "11",
        "addr:street": "شارع 203",
        "country": "ZA",
        "diplomatic": "embassy",
        "embassy": "yes",
        "name": "سفارة جنوب أفريقيا",
        "name:en": "Embassy of South Africa",
        "name:fr": "Ambassade d'Afrique du Sud",
        "office": "diplomatic",
        "opening_hours": "Su-Th 08:00-16:00",
        "phone": "+20 2 2535 3000",
        "target": "EG",
        "website": "https://www.dirco.gov.za/cairo"
      },
      "geometry": {
        "type": "Point",
        "coordinates": [
          31.2728545,
          29.9538705
        ]
      },
      "id": "node/8663142997"
    },
    {
      "type": "Feature",
      "properties": {
        "@id": "node/8665965223",
        "addr:housenumber": "بوابة 4",
        "addr:street": "شارع المرشدى",
        "name": "المنطقة",
        "name:ar": "المنطقة الإستثمارية التكنولوجية بالمعادى",
        "office": "government",
        "opening_hours": "24/7"
      },
      "geometry": {
        "type": "Point",
        "coordinates": [
          31.2826723,
          29.9680427
        ]
      },
      "id": "node/8665965223"
    },
    {
      "type": "Feature",
      "properties": {
        "@id": "node/8731645718",
        "addr:city": "القاهرة",
        "addr:housenumber": "25",
        "addr:street": "شارع أحمد حشمت",
        "country": "PT",
        "diplomatic": "embassy",
        "embassy": "yes",
        "name": "السفارة البرتغالية",
        "name:ar": "السفارة البرتغالية",
        "name:de": "Botschaft von Portugal",
        "name:en": "Embassy of Portugal",
        "name:es": "Embajada de Portugal",
        "name:fr": "Ambassade du Portugal",
        "name:pt": "Embaixada de Portugal",
        "office": "diplomatic",
        "phone": "+20 22 7350779",
        "target": "EG",
        "website": "https://cairo.embaixadaportugal.mne.gov.pt",
        "wikidata": "Q105495623"
      },
      "geometry": {
        "type": "Point",
        "coordinates": [
          31.2213492,
          30.0668205
        ]
      },
      "id": "node/8731645718"
    },
    {
      "type": "Feature",
      "properties": {
        "@id": "node/8777364804",
        "addr:housenumber": "3",
        "addr:street": "شارع عادل حسين رستم",
        "country": "SK",
        "diplomatic": "embassy",
        "embassy": "yes",
        "name": "سفارة جمهورية سلوفاكيا",
        "name:en": "Embassy of Slovakia",
        "name:fr": "Ambassade de Slovaquie",
        "name:sk": "Veľvyslanectvo Slovenskej republiky",
        "office": "diplomatic",
        "phone": "+20 233358240",
        "target": "EG",
        "website": "https://www.mzv.sk/web/kahira",
        "wikidata": "Q107012974"
      },
      "geometry": {
        "type": "Point",
        "coordinates": [
          31.2151919,
          30.0430608
        ]
      },
      "id": "node/8777364804"
    },
    {
      "type": "Feature",
      "properties": {
        "@id": "node/8795488517",
        "name": "المعمل المشترك وزارة الصحة",
        "name:en": "Result PCR Covid Test",
        "office": "government"
      },
      "geometry": {
        "type": "Point",
        "coordinates": [
          33.8130578,
          27.2529288
        ]
      },
      "id": "node/8795488517"
    },
    {
      "type": "Feature",
      "properties": {
        "@id": "node/8839944515",
        "addr:city": "القاهرة",
        "addr:housenumber": "3",
        "addr:street": "شارع أبو الفداء",
        "country": "FI",
        "diplomatic": "embassy",
        "embassy": "yes",
        "level": "13",
        "name": "سفارة فنلندا",
        "name:ar": "سفارة فنلندا",
        "name:de": "Botschaft von Finnland",
        "name:en": "Embassy of Finland",
        "name:es": "Embajada de Finlandia",
        "name:fi": "Suomen Suurlähetystö",
        "name:fr": "Ambassade de Finlande",
        "name:sv": "Finlands Ambassad",
        "office": "diplomatic",
        "opening_hours": "Su-Th 08:30-12:00, 13:00-16:15",
        "phone": "+20 225 869 000",
        "target": "EG",
        "website": "https://finlandabroad.fi/web/egy",
        "wikidata": "Q106247726"
      },
      "geometry": {
        "type": "Point",
        "coordinates": [
          31.2159687,
          30.0636017
        ]
      },
      "id": "node/8839944515"
    },
    {
      "type": "Feature",
      "properties": {
        "@id": "node/8839944516",
        "addr:housenumber": "3",
        "addr:street": "شارع أبو الفداء",
        "country": "LV",
        "diplomatic": "embassy",
        "embassy": "yes",
        "level": "8",
        "name": "سفارة جمهورية لاتفيا",
        "name:ar": "سفارة جمهورية لاتفيا",
        "name:de": "Botschaft von Lettland",
        "name:en": "Embassy of Latvia",
        "name:es": "Embajada de Letonia",
        "name:fr": "Ambassade de Lettonie",
        "name:lv": "Latvijas vēstniecība",
        "office": "diplomatic",
        "opening_hours": "Su-Th 09:00-17:00",
        "phone": "+202 2 738 4188",
        "target": "EG",
        "website": "https://www.mfa.gov.lv/egypt",
        "wikidata": "Q107266768"
      },
      "geometry": {
        "type": "Point",
        "coordinates": [
          31.2159915,
          30.0636745
        ]
      },
      "id": "node/8839944516"
    },
    {
      "type": "Feature",
      "properties": {
        "@id": "node/8850050084",
        "addr:city": "القاهرة",
        "addr:housenumber": "23",
        "addr:street": "شارع محمد مظهر",
        "check_date": "2024-10-21",
        "country": "LT",
        "diplomatic": "embassy",
        "embassy": "yes",
        "level": "5",
        "name": "سفارة ليتوانيا",
        "name:ar": "سفارة ليتوانيا",
        "name:de": "Botschaft von Litauen",
        "name:en": "Embassy of Lithuania",
        "name:es": "Embajada de Lituania",
        "name:fr": "Ambassade de Lituanie",
        "name:lt": "Lietuvos Respublikos ambasada",
        "office": "diplomatic",
        "opening_hours": "Su-Th 08:00-12:00, 12:30-16:30",
        "phone": "+20 2 2736 6461",
        "target": "EG",
        "website": "https://eg.mfa.lt/",
        "wikidata": "Q107299938"
      },
      "geometry": {
        "type": "Point",
        "coordinates": [
          31.2222026,
          30.0681367
        ]
      },
      "id": "node/8850050084"
    },
    {
      "type": "Feature",
      "properties": {
        "@id": "node/8855197020",
        "addr:city": "القاهرة",
        "addr:housenumber": "3",
        "addr:street": "شارع أبو الفداء",
        "country": "EE",
        "diplomatic": "embassy",
        "embassy": "yes",
        "level": "8",
        "name": "سفارة إستونيا",
        "name:ar": "سفارة إستونيا",
        "name:de": "Botschaft von Estland",
        "name:en": "Embassy of Estonia",
        "name:es": "Embajada de Estonia",
        "name:et": "Eesti suursaatkond",
        "name:fr": "Ambassade d'Estonie",
        "office": "diplomatic",
        "phone": "+20 1201844753",
        "target": "EG",
        "website": "https://cairo.mfa.ee",
        "wikidata": "Q65261879"
      },
      "geometry": {
        "type": "Point",
        "coordinates": [
          31.2159329,
          30.0637181
        ]
      },
      "id": "node/8855197020"
    },
    {
      "type": "Feature",
      "properties": {
        "@id": "node/8866470927",
        "addr:housenumber": "21",
        "addr:street": "شارع سليمان اباظه",
        "country": "SI",
        "diplomatic": "embassy",
        "embassy": "yes",
        "name": "سفارة سلوفينيا",
        "name:en": "Embassy of Slovenia",
        "name:fr": "Ambassade de Slovénie",
        "name:sl": "Veleposlaništvo Republike Slovenije",
        "office": "diplomatic",
        "phone": "+20 2 3749 8171",
        "target": "EG",
        "website": "http://www.kairo.veleposlanistvo.si",
        "wikidata": "Q12805350"
      },
      "geometry": {
        "type": "Point",
        "coordinates": [
          31.2024951,
          30.0499663
        ]
      },
      "id": "node/8866470927"
    },
    {
      "type": "Feature",
      "properties": {
        "@id": "node/8870599600",
        "addr:housenumber": "3",
        "addr:street": "شارع أبو الفداء",
        "country": "HR",
        "diplomatic": "embassy",
        "embassy": "yes",
        "name": "سفارة كرواتيا",
        "name:ar": "سفارة كرواتيا",
        "name:de": "Botschaft von Kroatien",
        "name:en": "Embassy of Croatia",
        "name:es": "Embajada de Croacia",
        "name:fr": "Ambassade de Croatie",
        "name:hr": "Veleposlanstvo Republike Hrvatske",
        "office": "diplomatic",
        "opening_hours": "Su-Th 08:30-16:30",
        "phone": "+202 273 83 155",
        "target": "EG",
        "website": "http://eg.mvep.hr",
        "wikidata": "Q107358724"
      },
      "geometry": {
        "type": "Point",
        "coordinates": [
          31.2159819,
          30.0637753
        ]
      },
      "id": "node/8870599600"
    },
    {
      "type": "Feature",
      "properties": {
        "@id": "node/8909143050",
        "amenity": "police",
        "name": "قسم شرطة دمياط الجديدة"
      },
      "geometry": {
        "type": "Point",
        "coordinates": [
          31.6830505,
          31.440937
        ]
      },
      "id": "node/8909143050"
    },
    {
      "type": "Feature",
      "properties": {
        "@id": "node/8963966342",
        "addr:housenumber": "2005C",
        "addr:street": "شارع كورنيش النيل",
        "country": "MT",
        "diplomatic": "embassy",
        "embassy": "yes",
        "level": "9",
        "name": "سفارة مالطا",
        "name:en": "Embassy of Malta",
        "name:fr": "Ambassade de Malte",
        "name:mt": "Ambaxxata Maltija",
        "office": "diplomatic",
        "opening_hours": "Su-Th 08:00-15:30",
        "phone": "+202 24619961",
        "target": "EG",
        "website": "https://foreignandeu.gov.mt/en/Embassies/Me_Cairo",
        "wikidata": "Q107718499"
      },
      "geometry": {
        "type": "Point",
        "coordinates": [
          31.2281405,
          30.0723608
        ]
      },
      "id": "node/8963966342"
    },
    {
      "type": "Feature",
      "properties": {
        "@id": "node/9041436217",
        "name": "جهاز مدينه ١٥ مايو",
        "office": "government"
      },
      "geometry": {
        "type": "Point",
        "coordinates": [
          31.3643749,
          29.8264553
        ]
      },
      "id": "node/9041436217"
    },
    {
      "type": "Feature",
      "properties": {
        "@id": "node/9066183917",
        "name": "سجل مدني طره",
        "name:en": "Civil registration turah",
        "office": "government"
      },
      "geometry": {
        "type": "Point",
        "coordinates": [
          31.2860311,
          29.9602637
        ]
      },
      "id": "node/9066183917"
    },
    {
      "type": "Feature",
      "properties": {
        "@id": "node/9079384663",
        "amenity": "police",
        "name:en": "Police Checkpoint 67"
      },
      "geometry": {
        "type": "Point",
        "coordinates": [
          33.2093471,
          26.461863
        ]
      },
      "id": "node/9079384663"
    },
    {
      "type": "Feature",
      "properties": {
        "@id": "node/9079417992",
        "amenity": "police",
        "name:en": "Police Checkpoint"
      },
      "geometry": {
        "type": "Point",
        "coordinates": [
          34.9403912,
          24.9445045
        ]
      },
      "id": "node/9079417992"
    },
    {
      "type": "Feature",
      "properties": {
        "@id": "node/9120462958",
        "government": "register_office",
        "name": "الاحوال المدنيه بولاق الدكرور",
        "name:en": "Boulak Eldakrour register office",
        "office": "government"
      },
      "geometry": {
        "type": "Point",
        "coordinates": [
          31.199931,
          30.0276923
        ]
      },
      "id": "node/9120462958"
    },
    {
      "type": "Feature",
      "properties": {
        "@id": "node/9239598914",
        "barrier": "border_control",
        "foot": "yes",
        "vehicle": "no"
      },
      "geometry": {
        "type": "Point",
        "coordinates": [
          34.7938609,
          29.3760051
        ]
      },
      "id": "node/9239598914"
    },
    {
      "type": "Feature",
      "properties": {
        "@id": "node/9239598915",
        "barrier": "border_control",
        "foot": "yes",
        "vehicle": "no"
      },
      "geometry": {
        "type": "Point",
        "coordinates": [
          34.7938937,
          29.3758677
        ]
      },
      "id": "node/9239598915"
    },
    {
      "type": "Feature",
      "properties": {
        "@id": "node/9301234014",
        "addr:city": "القاهرة",
        "addr:housenumber": "23",
        "addr:street": "شارع محمد مظهر",
        "check_date": "2024-10-21",
        "country": "CY",
        "diplomatic": "embassy",
        "embassy": "yes",
        "level": "3",
        "name": "سفارة قبرص",
        "name:ar": "سفارة قبرص",
        "name:de": "Botschaft von Zypern",
        "name:en": "Embassy of Cyprus",
        "name:es": "Embajada de Chipre",
        "name:fr": "Ambassade de Chypre",
        "office": "diplomatic",
        "opening_hours": "Su-Th 08:00-15:30",
        "phone": "+20 2 27377012",
        "target": "EG",
        "website": "http://www.mfa.gov.cy/mfa/Embassies/Embassy_Cairo.nsf",
        "wikidata": "Q109860293"
      },
      "geometry": {
        "type": "Point",
        "coordinates": [
          31.2222898,
          30.0681294
        ]
      },
      "id": "node/9301234014"
    },
    {
      "type": "Feature",
      "properties": {
        "@id": "node/9322125962",
        "consulate": "consulate_general",
        "country": "EL",
        "diplomatic": "consulate",
        "office": "diplomatic",
        "target": "EG"
      },
      "geometry": {
        "type": "Point",
        "coordinates": [
          31.2442096,
          30.0553855
        ]
      },
      "id": "node/9322125962"
    },
    {
      "type": "Feature",
      "properties": {
        "@id": "node/9408355635",
        "addr:housenumber": "37",
        "addr:street": "شارع كورنيش النيل",
        "country": "PY",
        "diplomatic": "embassy",
        "embassy": "yes",
        "level": "5",
        "name": "سفارة باراجواي",
        "name:en": "Embassy of Paraguay",
        "name:es": "Embajada del Paraguay",
        "name:fr": "Ambassade du Paraguay",
        "office": "diplomatic",
        "opening_hours": "Su-Th 09:00-17:00",
        "phone": "+202 2380 0482",
        "target": "EG",
        "website": "https://embajadas.paraguay.gov.py/egipto",
        "wikidata": "Q110507434"
      },
      "geometry": {
        "type": "Point",
        "coordinates": [
          31.2516046,
          29.9570012
        ]
      },
      "id": "node/9408355635"
    },
    {
      "type": "Feature",
      "properties": {
        "@id": "node/9427917112",
        "addr:housenumber": "47",
        "addr:street": "شارع احمد حشمت",
        "country": "VN",
        "diplomatic": "embassy",
        "embassy": "yes",
        "name": "السفارة الفيتنامية",
        "name:en": "Embassy of Vietnam",
        "name:fr": "Ambassade du Vietnam",
        "name:vi": "Đại sứ quán Việt Nam tại Ai Cập",
        "office": "diplomatic",
        "phone": "+ 202-27364327",
        "target": "EG",
        "website": "https://vnembassy-cairo.mofa.gov.vn/"
      },
      "geometry": {
        "type": "Point",
        "coordinates": [
          31.2207972,
          30.0698511
        ]
      },
      "id": "node/9427917112"
    },
    {
      "type": "Feature",
      "properties": {
        "@id": "node/9429205335",
        "addr:housenumber": "21B",
        "addr:street": "شارع عمان",
        "country": "BO",
        "diplomatic": "embassy",
        "embassy": "yes",
        "name": "سفارة بوليفيا",
        "name:en": "Embassy of Bolivia",
        "name:es": "Embajada de Bolivia",
        "name:fr": "Ambassade de Bolivie",
        "office": "diplomatic",
        "opening_hours": "Su-Th 09:00-16:00",
        "phone": "+20 23 7624361",
        "target": "EG",
        "wikidata": "Q110613959"
      },
      "geometry": {
        "type": "Point",
        "coordinates": [
          31.1980001,
          30.0402626
        ]
      },
      "id": "node/9429205335"
    },
    {
      "type": "Feature",
      "properties": {
        "@id": "node/9440565679",
        "addr:housenumber": "41",
        "addr:street": "شارع النهضه",
        "country": "PE",
        "diplomatic": "embassy",
        "embassy": "yes",
        "level": "2",
        "name": "سفارة بيرو",
        "name:en": "Embassy of Peru",
        "name:es": "Embajada del Perú",
        "name:fr": "Ambassade du Pérou",
        "office": "diplomatic",
        "phone": "+20 2 23590306",
        "target": "EG",
        "website": "https://www.gob.pe/embajada-del-peru-en-egipto",
        "wikidata": "Q110648174"
      },
      "geometry": {
        "type": "Point",
        "coordinates": [
          31.2631762,
          29.9614562
        ]
      },
      "id": "node/9440565679"
    },
    {
      "type": "Feature",
      "properties": {
        "@id": "node/9447131095",
        "name": "قطاع الكتب",
        "office": "government"
      },
      "geometry": {
        "type": "Point",
        "coordinates": [
          31.1758479,
          30.0046548
        ]
      },
      "id": "node/9447131095"
    },
    {
      "type": "Feature",
      "properties": {
        "@id": "node/9447166082",
        "name": "(هيئة التأمين الاجتماعي (معاشات وموظفين",
        "office": "government"
      },
      "geometry": {
        "type": "Point",
        "coordinates": [
          31.1668121,
          30.0015496
        ]
      },
      "id": "node/9447166082"
    },
    {
      "type": "Feature",
      "properties": {
        "@id": "node/9447183587",
        "name": "شركة مطاحن ومخابز جنوب القاهرة والجيزة",
        "office": "government"
      },
      "geometry": {
        "type": "Point",
        "coordinates": [
          31.1798365,
          30.0062891
        ]
      },
      "id": "node/9447183587"
    },
    {
      "type": "Feature",
      "properties": {
        "@id": "node/9474288817",
        "amenity": "police",
        "name:en": "Police check point",
        "name:ru": "Пост полиции"
      },
      "geometry": {
        "type": "Point",
        "coordinates": [
          27.0467511,
          31.171049
        ]
      },
      "id": "node/9474288817"
    },
    {
      "type": "Feature",
      "properties": {
        "@id": "node/9474291717",
        "amenity": "police",
        "name:en": "Police check point",
        "name:ru": "Пост полиции"
      },
      "geometry": {
        "type": "Point",
        "coordinates": [
          26.2560034,
          30.2615504
        ]
      },
      "id": "node/9474291717"
    },
    {
      "type": "Feature",
      "properties": {
        "@id": "node/9477269470",
        "addr:housenumber": "5",
        "addr:street": "شارع ابن النبيه",
        "country": "EC",
        "diplomatic": "embassy",
        "embassy": "yes",
        "level": "6",
        "name": "سفارة الإكوادور",
        "name:en": "Embassy of Ecuador",
        "name:es": "Embajada de Ecuador",
        "name:fr": "Ambassade d'Équateur",
        "office": "diplomatic",
        "target": "EG",
        "wikidata": "Q110817289"
      },
      "geometry": {
        "type": "Point",
        "coordinates": [
          31.216765,
          30.0649224
        ]
      },
      "id": "node/9477269470"
    },
    {
      "type": "Feature",
      "properties": {
        "@id": "node/9522435089",
        "name": "جهاز مدينة حدائق اكتوبر",
        "office": "government"
      },
      "geometry": {
        "type": "Point",
        "coordinates": [
          31.0469379,
          29.935812
        ]
      },
      "id": "node/9522435089"
    },
    {
      "type": "Feature",
      "properties": {
        "@id": "node/9559146064",
        "amenity": "police"
      },
      "geometry": {
        "type": "Point",
        "coordinates": [
          34.259377,
          27.7321613
        ]
      },
      "id": "node/9559146064"
    },
    {
      "type": "Feature",
      "properties": {
        "@id": "node/9560102517",
        "diplomatic": "embassy",
        "embassy": "yes",
        "name": "سفارة تشاد",
        "name:en": "Embassy Of Chad",
        "office": "diplomatic"
      },
      "geometry": {
        "type": "Point",
        "coordinates": [
          31.2025092,
          30.0603871
        ]
      },
      "id": "node/9560102517"
    },
    {
      "type": "Feature",
      "properties": {
        "@id": "node/9631337781",
        "amenity": "police",
        "name": "نقطة شرطة طولون"
      },
      "geometry": {
        "type": "Point",
        "coordinates": [
          31.244691,
          30.0264897
        ]
      },
      "id": "node/9631337781"
    },
    {
      "type": "Feature",
      "properties": {
        "@id": "node/9631380542",
        "name": "سجل مدني السيدة زينب",
        "office": "government"
      },
      "geometry": {
        "type": "Point",
        "coordinates": [
          31.2447666,
          30.0265112
        ]
      },
      "id": "node/9631380542"
    },
    {
      "type": "Feature",
      "properties": {
        "@id": "node/9654852262",
        "addr:country": "EG",
        "addr:housenumber": "31",
        "addr:province": "الاسكندرية",
        "addr:province:en": "Alexandria",
        "addr:street": "شارع الغرفه التجاريه",
        "addr:street:en": "Al Ghorfa Al Togaria Street",
        "government": "chamber_of_commerce",
        "name": "الغرفة التجارية المصرية بالإسكندرية",
        "name:ar": "الغرفة التجارية المصرية بالإسكندرية",
        "name:en": "Alexandria Chamber of Commerce",
        "name:fr": "Chambre de Commerce Egyptienne d'Alexandrie",
        "office": "government",
        "wikidata": "Q111544359"
      },
      "geometry": {
        "type": "Point",
        "coordinates": [
          29.898874,
          31.2000169
        ]
      },
      "id": "node/9654852262"
    },
    {
      "type": "Feature",
      "properties": {
        "@id": "node/9678406817",
        "amenity": "police"
      },
      "geometry": {
        "type": "Point",
        "coordinates": [
          29.2707573,
          25.5548744
        ]
      },
      "id": "node/9678406817"
    },
    {
      "type": "Feature",
      "properties": {
        "@id": "node/9809732943",
        "name": "سفارة النيجر (بيت السفير)",
        "office": "diplomatic"
      },
      "geometry": {
        "type": "Point",
        "coordinates": [
          31.1865576,
          30.0065731
        ]
      },
      "id": "node/9809732943"
    },
    {
      "type": "Feature",
      "properties": {
        "@id": "node/9844408543",
        "name": "المركز التكنولوجى لخدمة المواطنين",
        "office": "government"
      },
      "geometry": {
        "type": "Point",
        "coordinates": [
          31.1958584,
          30.0140704
        ]
      },
      "id": "node/9844408543"
    },
    {
      "type": "Feature",
      "properties": {
        "@id": "node/9844439043",
        "name": "حى بولاق الدكرور",
        "office": "government"
      },
      "geometry": {
        "type": "Point",
        "coordinates": [
          31.1956473,
          30.0139789
        ]
      },
      "id": "node/9844439043"
    },
    {
      "type": "Feature",
      "properties": {
        "@id": "node/9861222738",
        "addr:housenumber": "2",
        "addr:street": "شارع 212",
        "country": "CI",
        "diplomatic": "embassy",
        "embassy": "yes",
        "name": "سفارة ساحل العاج",
        "name:en": "Embassy of Ivory Coast",
        "name:fr": "Ambassade de Côte d'Ivoire",
        "office": "diplomatic",
        "phone": "+202 25 21 40 12",
        "target": "EG",
        "website": "https://www.egypte.diplomatie.gouv.ci",
        "wikidata": "Q112845487"
      },
      "geometry": {
        "type": "Point",
        "coordinates": [
          31.2718061,
          29.9591343
        ]
      },
      "id": "node/9861222738"
    },
    {
      "type": "Feature",
      "properties": {
        "@id": "node/9899366021",
        "name": "إدارة البدرشين التعليمية",
        "office": "government"
      },
      "geometry": {
        "type": "Point",
        "coordinates": [
          31.2748457,
          29.847605
        ]
      },
      "id": "node/9899366021"
    },
    {
      "type": "Feature",
      "properties": {
        "@id": "node/9906827517",
        "amenity": "police",
        "name": "Esm ber el 3bd"
      },
      "geometry": {
        "type": "Point",
        "coordinates": [
          33.0061493,
          31.0141845
        ]
      },
      "id": "node/9906827517"
    },
    {
      "type": "Feature",
      "properties": {
        "@id": "node/9907388217",
        "country": "AL",
        "diplomatic": "embassy",
        "embassy": "yes",
        "level": "0",
        "name": "سفارة ألبانيا",
        "name:en": "Embassy of Albania",
        "name:fr": "Ambassade d'Albanie",
        "name:sq": "Ambasada e Republikës së Shqipërisë",
        "office": "diplomatic",
        "target": "EG",
        "website": "https://ambasadat.gov.al/egypt",
        "wikidata": "Q113250320"
      },
      "geometry": {
        "type": "Point",
        "coordinates": [
          31.2194563,
          30.0696588
        ]
      },
      "id": "node/9907388217"
    },
    {
      "type": "Feature",
      "properties": {
        "@id": "node/9985536618",
        "name:en": "El Dabaa city",
        "office": "government"
      },
      "geometry": {
        "type": "Point",
        "coordinates": [
          28.4264284,
          31.0557025
        ]
      },
      "id": "node/9985536618"
    },
    {
      "type": "Feature",
      "properties": {
        "@id": "node/10001210917",
        "addr:postcode": "4540080",
        "addr:street": "شارع احمد عصمت",
        "amenity": "police",
        "name": "معهد مندوبي امناء الشرطة بعين شمس",
        "name:en": "M3hd mandoby omna2 al shorta :(",
        "opening_hours": "Mo-Su 07:00-13:30"
      },
      "geometry": {
        "type": "Point",
        "coordinates": [
          31.3198361,
          30.1298441
        ]
      },
      "id": "node/10001210917"
    },
    {
      "type": "Feature",
      "properties": {
        "@id": "node/10015259217",
        "name": "هيئة الاثار",
        "office": "government"
      },
      "geometry": {
        "type": "Point",
        "coordinates": [
          31.2865769,
          30.0708538
        ]
      },
      "id": "node/10015259217"
    },
    {
      "type": "Feature",
      "properties": {
        "@id": "node/10017637225",
        "name": "إدارة البدرشين التعليمية",
        "office": "government"
      },
      "geometry": {
        "type": "Point",
        "coordinates": [
          31.2748424,
          29.8475992
        ]
      },
      "id": "node/10017637225"
    },
    {
      "type": "Feature",
      "properties": {
        "@id": "node/10044329864",
        "name": "الاكاديمية المهنية للمعلمين فرع الجيزة",
        "office": "government"
      },
      "geometry": {
        "type": "Point",
        "coordinates": [
          31.2187809,
          30.0761077
        ]
      },
      "id": "node/10044329864"
    },
    {
      "type": "Feature",
      "properties": {
        "@id": "node/10114615817",
        "name": "جهاز مدينة ٦ أكتوبر",
        "name:en": "6th of October City Authority",
        "office": "government"
      },
      "geometry": {
        "type": "Point",
        "coordinates": [
          30.9532648,
          29.9803057
        ]
      },
      "id": "node/10114615817"
    },
    {
      "type": "Feature",
      "properties": {
        "@id": "node/10114615917",
        "addr:street": "محور 26 يوليو",
        "name": "جهاز مدينة ٦ أكتوبر",
        "name:en": "6th of October City Authority",
        "office": "government"
      },
      "geometry": {
        "type": "Point",
        "coordinates": [
          30.9533981,
          29.9804515
        ]
      },
      "id": "node/10114615917"
    },
    {
      "type": "Feature",
      "properties": {
        "@id": "node/10116320518",
        "addr:street": "طريق الواحات",
        "amenity": "police",
        "name": "ادارة مرور الجيزة"
      },
      "geometry": {
        "type": "Point",
        "coordinates": [
          30.9867329,
          29.9696177
        ]
      },
      "id": "node/10116320518"
    },
    {
      "type": "Feature",
      "properties": {
        "@id": "node/10146910217",
        "name": "السفارة الفلسطينة",
        "office": "diplomatic"
      },
      "geometry": {
        "type": "Point",
        "coordinates": [
          31.2064471,
          30.0418147
        ]
      },
      "id": "node/10146910217"
    },
    {
      "type": "Feature",
      "properties": {
        "@id": "node/10173240018",
        "amenity": "police",
        "name": "معهد تدريب شرطة المسطحات المائي",
        "name:en": "Water Police Training Institute"
      },
      "geometry": {
        "type": "Point",
        "coordinates": [
          31.2951481,
          29.9597141
        ]
      },
      "id": "node/10173240018"
    },
    {
      "type": "Feature",
      "properties": {
        "@id": "node/10223192994",
        "name": "إدارة البدرشين التعليمية شؤون عاملين",
        "office": "government"
      },
      "geometry": {
        "type": "Point",
        "coordinates": [
          31.2716493,
          29.8482194
        ]
      },
      "id": "node/10223192994"
    },
    {
      "type": "Feature",
      "properties": {
        "@id": "node/10257789484",
        "name": "رئاسة حي الهرم",
        "office": "government"
      },
      "geometry": {
        "type": "Point",
        "coordinates": [
          31.1763413,
          30.0091248
        ]
      },
      "id": "node/10257789484"
    },
    {
      "type": "Feature",
      "properties": {
        "@id": "node/10262490819",
        "government": "social_services",
        "name": "مكتب بريد بهتيم",
        "office": "government"
      },
      "geometry": {
        "type": "Point",
        "coordinates": [
          31.2703721,
          30.1359064
        ]
      },
      "id": "node/10262490819"
    },
    {
      "type": "Feature",
      "properties": {
        "@id": "node/10266053645",
        "addr:street": "شارع الملك فيصل",
        "name": "قطاع الكتب",
        "office": "government"
      },
      "geometry": {
        "type": "Point",
        "coordinates": [
          31.1758517,
          30.0047677
        ]
      },
      "id": "node/10266053645"
    },
    {
      "type": "Feature",
      "properties": {
        "@id": "node/10560740816",
        "addr:street": "طريق القاهرة, اسيوط الزراعى",
        "amenity": "police",
        "name": "Police station",
        "name:ar": "قسم شرطة"
      },
      "geometry": {
        "type": "Point",
        "coordinates": [
          31.2705275,
          29.8981624
        ]
      },
      "id": "node/10560740816"
    },
    {
      "type": "Feature",
      "properties": {
        "@id": "node/10676215405",
        "amenity": "police",
        "name:en": "شرطة كوم امبو"
      },
      "geometry": {
        "type": "Point",
        "coordinates": [
          32.94858,
          24.4817909
        ]
      },
      "id": "node/10676215405"
    },
    {
      "type": "Feature",
      "properties": {
        "@id": "node/10785546606",
        "name": "التأمين الصحي",
        "name:en": "Medical Insurance",
        "office": "government"
      },
      "geometry": {
        "type": "Point",
        "coordinates": [
          29.9441405,
          31.2126399
        ]
      },
      "id": "node/10785546606"
    },
    {
      "type": "Feature",
      "properties": {
        "@id": "node/10819397035",
        "amenity": "police",
        "name": "مركز شرطة ابو النمرس"
      },
      "geometry": {
        "type": "Point",
        "coordinates": [
          31.212778,
          29.9579296
        ]
      },
      "id": "node/10819397035"
    },
    {
      "type": "Feature",
      "properties": {
        "@id": "node/10862191394",
        "addr:city": "عزبة عبد القادر",
        "addr:street": "Ras Al Bar Al Gadid Road",
        "description": "مقر عمدة السنانية",
        "ele": "25",
        "government": "public_service",
        "name": "عمدة السنانية",
        "name:ar": "عمدة السنانية",
        "name:arz": "عمدة السنانية",
        "name:en": "Omdat El Sinnaniah",
        "office": "government",
        "phone": "+201008802626",
        "source": "local knowledge;survey",
        "website": "https://www.google.com/maps/place/The+headquarters+of+the+Mayor+lanceolata/@31.4378552,31.7989719,17z/data=!4m6!3m5!1s0x14f9e54460140c85:0xaa8cfc045f29d910!8m2!3d31.4378552!4d31.796397!16s%2Fg%2F11bwpzbc6c"
      },
      "geometry": {
        "type": "Point",
        "coordinates": [
          31.7963816,
          31.4378942
        ]
      },
      "id": "node/10862191394"
    },
    {
      "type": "Feature",
      "properties": {
        "@id": "node/11099081705",
        "amenity": "police",
        "name": "شرطة العسكرية"
      },
      "geometry": {
        "type": "Point",
        "coordinates": [
          31.2468433,
          30.0629097
        ]
      },
      "id": "node/11099081705"
    },
    {
      "type": "Feature",
      "properties": {
        "@id": "node/11110876317",
        "amenity": "police",
        "name": "قسم شرطة ثان اسيوط"
      },
      "geometry": {
        "type": "Point",
        "coordinates": [
          31.1969446,
          27.1822362
        ]
      },
      "id": "node/11110876317"
    },
    {
      "type": "Feature",
      "properties": {
        "@id": "node/11117211605",
        "name:en": "Embassy of Malaysia",
        "name:ru": "Посольство Малайзии",
        "office": "diplomatic"
      },
      "geometry": {
        "type": "Point",
        "coordinates": [
          31.2803158,
          30.0624027
        ]
      },
      "id": "node/11117211605"
    },
    {
      "type": "Feature",
      "properties": {
        "@id": "node/11148482805",
        "addr:postcode": "32627",
        "addr:street": "شارع تلا",
        "amenity": "police",
        "name": "مكتب مرور بابل",
        "name:en": "Babil Traffic Station",
        "operator": "Egyptian Police"
      },
      "geometry": {
        "type": "Point",
        "coordinates": [
          30.9957427,
          30.6873516
        ]
      },
      "id": "node/11148482805"
    },
    {
      "type": "Feature",
      "properties": {
        "@id": "node/11179562437",
        "amenity": "police",
        "name": "مركز شرطة تلبانة",
        "name:en": "Telbana police station"
      },
      "geometry": {
        "type": "Point",
        "coordinates": [
          31.4556413,
          30.9785244
        ]
      },
      "id": "node/11179562437"
    },
    {
      "type": "Feature",
      "properties": {
        "@id": "node/11339515770",
        "name:en": "Embassy of Republic of China",
        "office": "diplomatic"
      },
      "geometry": {
        "type": "Point",
        "coordinates": [
          31.2185412,
          30.0684904
        ]
      },
      "id": "node/11339515770"
    },
    {
      "type": "Feature",
      "properties": {
        "@id": "node/11357283969",
        "name": "المجلس المحلي",
        "office": "government"
      },
      "geometry": {
        "type": "Point",
        "coordinates": [
          31.2864586,
          30.9443954
        ]
      },
      "id": "node/11357283969"
    },
    {
      "type": "Feature",
      "properties": {
        "@id": "node/11374864370",
        "name": "الجمعية الزراعية",
        "office": "government"
      },
      "geometry": {
        "type": "Point",
        "coordinates": [
          31.6470347,
          31.0427452
        ]
      },
      "id": "node/11374864370"
    },
    {
      "type": "Feature",
      "properties": {
        "@id": "node/11391510470",
        "amenity": "police",
        "name": "النيابه الاداريه بمايو"
      },
      "geometry": {
        "type": "Point",
        "coordinates": [
          31.371171,
          29.8206218
        ]
      },
      "id": "node/11391510470"
    },
    {
      "type": "Feature",
      "properties": {
        "@id": "node/11438230767",
        "check_date": "2023-12-21",
        "diplomatic": "embassy",
        "name": "Embassy of South Sudan",
        "name:ar": "سفارة جنوب السودان",
        "office": "diplomatic"
      },
      "geometry": {
        "type": "Point",
        "coordinates": [
          31.2698973,
          29.9552968
        ]
      },
      "id": "node/11438230767"
    },
    {
      "type": "Feature",
      "properties": {
        "@id": "node/11468954407",
        "check_date": "2025-11-24",
        "government": "tax",
        "name": "مأمورية الضرائب العقارية بالمعادي",
        "name:ar": "مأمورية الضرائب العقارية بالمعادي",
        "office": "government"
      },
      "geometry": {
        "type": "Point",
        "coordinates": [
          31.2580532,
          29.9571523
        ]
      },
      "id": "node/11468954407"
    },
    {
      "type": "Feature",
      "properties": {
        "@id": "node/11559550285",
        "amenity": "police",
        "name": "Aswan Police Department",
        "name:en": "Aswan Police Department",
        "name:fr": "Bureau de police d'Assouan"
      },
      "geometry": {
        "type": "Point",
        "coordinates": [
          32.8980452,
          24.0945301
        ]
      },
      "id": "node/11559550285"
    },
    {
      "type": "Feature",
      "properties": {
        "@id": "node/11681011769",
        "government": "public_service",
        "name": "الإدارة العامة للجوازات والهجرة والجنسية",
        "name:ar": "الإدارة العامة للجوازات والهجرة والجنسية",
        "name:en": "General Administration of Passports, Immigration and Nationality",
        "office": "government",
        "opening_hours": "Su-Th 08:00-15:00"
      },
      "geometry": {
        "type": "Point",
        "coordinates": [
          31.2861811,
          30.0667149
        ]
      },
      "id": "node/11681011769"
    },
    {
      "type": "Feature",
      "properties": {
        "@id": "node/11703677246",
        "amenity": "police"
      },
      "geometry": {
        "type": "Point",
        "coordinates": [
          32.893139,
          24.0872532
        ]
      },
      "id": "node/11703677246"
    },
    {
      "type": "Feature",
      "properties": {
        "@id": "node/11934084753",
        "amenity": "police",
        "name": "قسم شرطة العجوزة",
        "name:ar": "قسم شرطة العجوزة",
        "name:en": "Agouza Police Departement"
      },
      "geometry": {
        "type": "Point",
        "coordinates": [
          31.2172332,
          30.0466464
        ]
      },
      "id": "node/11934084753"
    },
    {
      "type": "Feature",
      "properties": {
        "@id": "node/11934084754",
        "government": "police",
        "name": "الهجرة و الجوازات العجوزة",
        "office": "government"
      },
      "geometry": {
        "type": "Point",
        "coordinates": [
          31.2170676,
          30.0470583
        ]
      },
      "id": "node/11934084754"
    },
    {
      "type": "Feature",
      "properties": {
        "@id": "node/11934162502",
        "government": "public_service",
        "name": "السجل المدني - العجوزة",
        "name:ar": "السجل المدني - العجوزة",
        "name:en": "Civil Registry - El Agouza",
        "office": "government"
      },
      "geometry": {
        "type": "Point",
        "coordinates": [
          31.2169876,
          30.0472118
        ]
      },
      "id": "node/11934162502"
    },
    {
      "type": "Feature",
      "properties": {
        "@id": "node/12089110555",
        "contact:email": "embassy.cairo@mfa.gov.tr",
        "contact:fax": "+20 2 27978477;+20 2 27978444",
        "contact:phone": "+20 2 27978400",
        "contact:website": "https://kahire-be.mfa.gov.tr/",
        "country": "TR",
        "diplomatic": "embassy",
        "name": "Turkish Embassy",
        "name:en": "Turkish Embassy",
        "name:tr": "Türkiye Büyükelçiliği",
        "office": "diplomatic",
        "official_name:en": "Turkish Embassy in Cairo",
        "official_name:tr": "Türkiye Cumhuriyeti Kahire Büyükelçiliği",
        "opening_hours": "Su-Th 09:00-17:00",
        "target": "EG"
      },
      "geometry": {
        "type": "Point",
        "coordinates": [
          31.2381,
          30.0389
        ]
      },
      "id": "node/12089110555"
    },
    {
      "type": "Feature",
      "properties": {
        "@id": "node/12119827401",
        "name": "إدارة مرور السويس",
        "name:en": "Suez Traffic Department",
        "office": "government"
      },
      "geometry": {
        "type": "Point",
        "coordinates": [
          32.5181465,
          29.9744754
        ]
      },
      "id": "node/12119827401"
    },
    {
      "type": "Feature",
      "properties": {
        "@id": "node/12156173599",
        "man_made": "water_works",
        "name": "محطه الهرم الرئيسية"
      },
      "geometry": {
        "type": "Point",
        "coordinates": [
          31.1802822,
          30.0060205
        ]
      },
      "id": "node/12156173599"
    },
    {
      "type": "Feature",
      "properties": {
        "@id": "node/12156184682",
        "name": "المساحة الجوية",
        "office": "government"
      },
      "geometry": {
        "type": "Point",
        "coordinates": [
          31.1817438,
          30.0024858
        ]
      },
      "id": "node/12156184682"
    },
    {
      "type": "Feature",
      "properties": {
        "@id": "node/12163138648",
        "addr:city": "القاهرة",
        "addr:country": "EG",
        "addr:housenumber": "7",
        "addr:street": "شارع احمد راغب",
        "contact:website": "https://www.gov.uk/world/organisations/british-embassy-cairo",
        "country": "GB",
        "diplomatic": "embassy",
        "embassy": "yes",
        "emergency:phone": "+20 2 27916000",
        "name": "السفارة البريطانية بالقاهرة",
        "name:ar": "السفارة البريطانية بالقاهرة",
        "name:en": "British Embassy",
        "name:tr": "Birleşik Krallık Büyükelçiliği",
        "office": "diplomatic",
        "opening_hours": "Su-We 08:00-15:30 open \"By appointment only\";Th 08:00-14:00 open \"By appointment only\";PH off",
        "target": "EG",
        "wikidata": "Q59290157"
      },
      "geometry": {
        "type": "Point",
        "coordinates": [
          31.2312555,
          30.0394101
        ]
      },
      "id": "node/12163138648"
    },
    {
      "type": "Feature",
      "properties": {
        "@id": "node/12192794901",
        "addr:street": "شارع سعد زغلول",
        "name": "مجلس المدينة فاقوس",
        "name:en": "City council faqos",
        "office": "government"
      },
      "geometry": {
        "type": "Point",
        "coordinates": [
          31.7871817,
          30.7301038
        ]
      },
      "id": "node/12192794901"
    },
    {
      "type": "Feature",
      "properties": {
        "@id": "node/12227668160",
        "man_made": "water_works",
        "name": "محطه رفع سهل حمزة"
      },
      "geometry": {
        "type": "Point",
        "coordinates": [
          31.1544555,
          29.9962844
        ]
      },
      "id": "node/12227668160"
    },
    {
      "type": "Feature",
      "properties": {
        "@id": "node/12250347286",
        "government": "public_service",
        "name": "مركز المعلومات ببركة السبع",
        "office": "government"
      },
      "geometry": {
        "type": "Point",
        "coordinates": [
          31.0866686,
          30.6263429
        ]
      },
      "id": "node/12250347286"
    },
    {
      "type": "Feature",
      "properties": {
        "@id": "node/12250448401",
        "amenity": "police"
      },
      "geometry": {
        "type": "Point",
        "coordinates": [
          31.4773826,
          30.0652317
        ]
      },
      "id": "node/12250448401"
    },
    {
      "type": "Feature",
      "properties": {
        "@id": "node/12251495402",
        "amenity": "police"
      },
      "geometry": {
        "type": "Point",
        "coordinates": [
          31.4772312,
          30.065253
        ]
      },
      "id": "node/12251495402"
    },
    {
      "type": "Feature",
      "properties": {
        "@id": "node/12319529201",
        "name": "قياده القوات الجويه",
        "name:en": "Air force Management",
        "office": "government"
      },
      "geometry": {
        "type": "Point",
        "coordinates": [
          31.3222503,
          30.057007
        ]
      },
      "id": "node/12319529201"
    },
    {
      "type": "Feature",
      "properties": {
        "@id": "node/12343856189",
        "amenity": "police"
      },
      "geometry": {
        "type": "Point",
        "coordinates": [
          31.2855267,
          30.0482036
        ]
      },
      "id": "node/12343856189"
    },
    {
      "type": "Feature",
      "properties": {
        "@id": "node/12351433677",
        "consulate": "honorary_consul",
        "country": "DE",
        "diplomatic": "consulate",
        "office": "diplomatic",
        "target": "EG"
      },
      "geometry": {
        "type": "Point",
        "coordinates": [
          29.9087097,
          31.2007854
        ]
      },
      "id": "node/12351433677"
    },
    {
      "type": "Feature",
      "properties": {
        "@id": "node/12880605871",
        "amenity": "police",
        "name:ar": "قسم شرطة دهب"
      },
      "geometry": {
        "type": "Point",
        "coordinates": [
          34.4943961,
          28.4851053
        ]
      },
      "id": "node/12880605871"
    },
    {
      "type": "Feature",
      "properties": {
        "@id": "node/12895489802",
        "name": "صندوق الإسكان للقوات المسلحة",
        "name:en": "Housing Fund armed forces",
        "office": "government"
      },
      "geometry": {
        "type": "Point",
        "coordinates": [
          31.3045129,
          30.0863958
        ]
      },
      "id": "node/12895489802"
    },
    {
      "type": "Feature",
      "properties": {
        "@id": "node/12925567401",
        "amenity": "police",
        "name:en": "Police complex in Safaga"
      },
      "geometry": {
        "type": "Point",
        "coordinates": [
          33.9192136,
          26.7590627
        ]
      },
      "id": "node/12925567401"
    },
    {
      "type": "Feature",
      "properties": {
        "@id": "node/13109984453",
        "addr:housenumber": "7",
        "addr:street": "شارع أبو شمر",
        "consulate": "consulate_general",
        "country": "FR",
        "diplomatic": "consulate",
        "diplomatic:services:consulate": "yes",
        "email": "admin-francais.le-caire-fslt@diplomatie.gouv.fr",
        "mobile": "0122104133",
        "name": "القنصلية فرنسا العامة بالقاهرة",
        "name:en": "French General Consulate in Cairo",
        "name:fr": "Consulat Général de France au Caire",
        "office": "diplomatic",
        "phone": "+20235673350",
        "website": "https://eg.ambafrance.org/-Le-Consulat-general-de-France-au-Caire-"
      },
      "geometry": {
        "type": "Point",
        "coordinates": [
          31.2177834,
          30.0226893
        ]
      },
      "id": "node/13109984453"
    },
    {
      "type": "Feature",
      "properties": {
        "@id": "node/13120681364",
        "amenity": "police",
        "check_date": "2025-09-05",
        "name": "نقطة مرور ك ٦٥",
        "name:ar": "نقطة مرور ك ٦٥"
      },
      "geometry": {
        "type": "Point",
        "coordinates": [
          29.6558629,
          30.6580337
        ]
      },
      "id": "node/13120681364"
    },
    {
      "type": "Feature",
      "properties": {
        "@id": "node/13175200701",
        "amenity": "police"
      },
      "geometry": {
        "type": "Point",
        "coordinates": [
          31.1428334,
          29.9761093
        ]
      },
      "id": "node/13175200701"
    },
    {
      "type": "Feature",
      "properties": {
        "@id": "node/13185670102",
        "amenity": "police"
      },
      "geometry": {
        "type": "Point",
        "coordinates": [
          31.2782106,
          29.9623573
        ]
      },
      "id": "node/13185670102"
    },
    {
      "type": "Feature",
      "properties": {
        "@id": "node/13205754845",
        "branch": "فرع مركز خدمة عملاء عين الصيرة",
        "building": "yes",
        "government": "water",
        "name": "شركة مياه الشرب بالقاهرة الكبرى - مركز خدمة عملاء االقاهرة الجديدة",
        "name:ar": "شركة مياه الشرب بالقاهرة الكبرى - مركز خدمة عملاء االقاهرة الجديدة",
        "office": "government",
        "operator": "الشركة القابضة لمياه الشرب والصرف الصحى",
        "phone": "125",
        "website": "http://www.gcwc.com.eg/"
      },
      "geometry": {
        "type": "Point",
        "coordinates": [
          31.4704727,
          30.0259732
        ]
      },
      "id": "node/13205754845"
    },
    {
      "type": "Feature",
      "properties": {
        "@id": "node/13205799155",
        "amenity": "police",
        "name": "نقطة شرطة المنيل",
        "name:ar": "نقطة شرطة المنيل",
        "operator": "وزارة الداخلية"
      },
      "geometry": {
        "type": "Point",
        "coordinates": [
          31.2272395,
          30.0150516
        ]
      },
      "id": "node/13205799155"
    },
    {
      "type": "Feature",
      "properties": {
        "@id": "node/13205799160",
        "amenity": "police",
        "name": "قسم شرطة قصر النيل",
        "name:ar": "قسم شرطة قصر النيل",
        "name:en": "Kasr El Nil Police Station",
        "operator": "وزارة الداخلية"
      },
      "geometry": {
        "type": "Point",
        "coordinates": [
          31.2311623,
          30.0349704
        ]
      },
      "id": "node/13205799160"
    },
    {
      "type": "Feature",
      "properties": {
        "@id": "node/13313723703",
        "amenity": "police"
      },
      "geometry": {
        "type": "Point",
        "coordinates": [
          32.7132248,
          26.1471941
        ]
      },
      "id": "node/13313723703"
    },
    {
      "type": "Feature",
      "properties": {
        "@id": "node/13313724204",
        "name": "courthouse",
        "office": "government"
      },
      "geometry": {
        "type": "Point",
        "coordinates": [
          32.7210995,
          26.1564881
        ]
      },
      "id": "node/13313724204"
    },
    {
      "type": "Feature",
      "properties": {
        "@id": "node/13313726414",
        "amenity": "police"
      },
      "geometry": {
        "type": "Point",
        "coordinates": [
          32.7314922,
          26.1624229
        ]
      },
      "id": "node/13313726414"
    },
    {
      "type": "Feature",
      "properties": {
        "@id": "node/13316555404",
        "amenity": "police"
      },
      "geometry": {
        "type": "Point",
        "coordinates": [
          32.2439867,
          26.045574
        ]
      },
      "id": "node/13316555404"
    },
    {
      "type": "Feature",
      "properties": {
        "@id": "node/13319215901",
        "amenity": "police"
      },
      "geometry": {
        "type": "Point",
        "coordinates": [
          31.700427,
          26.5464671
        ]
      },
      "id": "node/13319215901"
    },
    {
      "type": "Feature",
      "properties": {
        "@id": "node/13324227811",
        "amenity": "police",
        "name": "prison"
      },
      "geometry": {
        "type": "Point",
        "coordinates": [
          31.1808806,
          27.1720935
        ]
      },
      "id": "node/13324227811"
    },
    {
      "type": "Feature",
      "properties": {
        "@id": "node/13326692302",
        "amenity": "police",
        "name": "Tourist Police"
      },
      "geometry": {
        "type": "Point",
        "coordinates": [
          31.2298327,
          29.8082224
        ]
      },
      "id": "node/13326692302"
    },
    {
      "type": "Feature",
      "properties": {
        "@id": "node/13334195568",
        "amenity": "police",
        "check_date": "2025-11-26",
        "name": "الإدارة العامة لشرطة البيئة والمسطحات"
      },
      "geometry": {
        "type": "Point",
        "coordinates": [
          31.2333845,
          29.9770578
        ]
      },
      "id": "node/13334195568"
    },
    {
      "type": "Feature",
      "properties": {
        "@id": "node/13336042002",
        "name": "Egyptian Drug Authority",
        "office": "government"
      },
      "geometry": {
        "type": "Point",
        "coordinates": [
          31.1485181,
          29.9636214
        ]
      },
      "id": "node/13336042002"
    },
    {
      "type": "Feature",
      "properties": {
        "@id": "node/13337731365",
        "amenity": "police",
        "name": "Hurghada police station"
      },
      "geometry": {
        "type": "Point",
        "coordinates": [
          33.8220978,
          27.1777719
        ]
      },
      "id": "node/13337731365"
    },
    {
      "type": "Feature",
      "properties": {
        "@id": "node/13337991485",
        "amenity": "police",
        "name": "Traffic police"
      },
      "geometry": {
        "type": "Point",
        "coordinates": [
          33.8402235,
          27.0901973
        ]
      },
      "id": "node/13337991485"
    },
    {
      "type": "Feature",
      "properties": {
        "@id": "node/13374145101",
        "amenity": "police"
      },
      "geometry": {
        "type": "Point",
        "coordinates": [
          32.5972838,
          25.6341007
        ]
      },
      "id": "node/13374145101"
    },
    {
      "type": "Feature",
      "properties": {
        "@id": "node/13382772801",
        "amenity": "police"
      },
      "geometry": {
        "type": "Point",
        "coordinates": [
          32.6173806,
          25.6184752
        ]
      },
      "id": "node/13382772801"
    },
    {
      "type": "Feature",
      "properties": {
        "@id": "node/13382816801",
        "amenity": "police"
      },
      "geometry": {
        "type": "Point",
        "coordinates": [
          32.7998603,
          25.7798523
        ]
      },
      "id": "node/13382816801"
    },
    {
      "type": "Feature",
      "properties": {
        "@id": "node/13382835901",
        "amenity": "police"
      },
      "geometry": {
        "type": "Point",
        "coordinates": [
          32.8932169,
          25.978759
        ]
      },
      "id": "node/13382835901"
    },
    {
      "type": "Feature",
      "properties": {
        "@id": "node/13382845301",
        "amenity": "police"
      },
      "geometry": {
        "type": "Point",
        "coordinates": [
          32.8674479,
          26.0833243
        ]
      },
      "id": "node/13382845301"
    },
    {
      "type": "Feature",
      "properties": {
        "@id": "node/13390323401",
        "amenity": "police"
      },
      "geometry": {
        "type": "Point",
        "coordinates": [
          27.976753,
          27.0839419
        ]
      },
      "id": "node/13390323401"
    },
    {
      "type": "Feature",
      "properties": {
        "@id": "node/13392734101",
        "amenity": "police"
      },
      "geometry": {
        "type": "Point",
        "coordinates": [
          28.0509813,
          27.1874652
        ]
      },
      "id": "node/13392734101"
    },
    {
      "type": "Feature",
      "properties": {
        "@id": "node/13394368601",
        "amenity": "police"
      },
      "geometry": {
        "type": "Point",
        "coordinates": [
          27.119891,
          31.2596793
        ]
      },
      "id": "node/13394368601"
    },
    {
      "type": "Feature",
      "properties": {
        "@id": "node/13426869433",
        "addr:country": "EG",
        "addr:district": "مصر القديمة",
        "addr:district:en": "Masr Al Kadima",
        "addr:housenumber": "6",
        "addr:postcode": "11555",
        "addr:province": "القاهرة",
        "addr:province:en": "Cairo",
        "addr:street": "شارع خلوصي",
        "addr:street:en": "Khlosy Street",
        "addr:subdistrict": "المنيل الغربي",
        "addr:subdistrict:en": "West Al Manial",
        "government": "tax",
        "name": "مأمورية ضرائب المنيل ومصر القديمة",
        "name:ar": "مأمورية ضرائب المنيل ومصر القديمة",
        "name:en": "Manial & Old Cairo Taxation Office",
        "office": "government",
        "phone": "+202-27961539;+202-27961413",
        "website": "https://portal.eta.gov.eg"
      },
      "geometry": {
        "type": "Point",
        "coordinates": [
          31.2260959,
          30.0252669
        ]
      },
      "id": "node/13426869433"
    },
    {
      "type": "Feature",
      "properties": {
        "@id": "node/13449107496",
        "amenity": "police",
        "name:en": "Military Police"
      },
      "geometry": {
        "type": "Point",
        "coordinates": [
          31.2076382,
          30.0098431
        ]
      },
      "id": "node/13449107496"
    },
    {
      "type": "Feature",
      "properties": {
        "@id": "node/13449109808",
        "amenity": "police",
        "name:en": "Tourism Police"
      },
      "geometry": {
        "type": "Point",
        "coordinates": [
          31.2076467,
          30.0098081
        ]
      },
      "id": "node/13449109808"
    },
    {
      "type": "Feature",
      "properties": {
        "@id": "node/13464624301",
        "amenity": "police",
        "name:en": "Tourism Police"
      },
      "geometry": {
        "type": "Point",
        "coordinates": [
          32.6382608,
          25.700119
        ]
      },
      "id": "node/13464624301"
    },
    {
      "type": "Feature",
      "properties": {
        "@id": "node/13481504001",
        "addr:housenumber": "14",
        "addr:street": "شارع رفاعة",
        "email": "eegip@mrecic.gov.ar",
        "name": "سفارة الأرجنتين في مصر",
        "name:ar": "سفارة الأرجنتين في مصر",
        "name:en": "Argentine embassy in Egypt",
        "name:es": "Embajada de Argentina en Egipto",
        "office": "diplomatic",
        "opening_hours": "Su-Th 09:00-15:00",
        "website": "https://eegip.mrecic.gov.ar"
      },
      "geometry": {
        "type": "Point",
        "coordinates": [
          31.2153499,
          30.0350201
        ]
      },
      "id": "node/13481504001"
    },
    {
      "type": "Feature",
      "properties": {
        "@id": "node/13527736134",
        "office": "government"
      },
      "geometry": {
        "type": "Point",
        "coordinates": [
          30.5576284,
          30.6524573
        ]
      },
      "id": "node/13527736134"
    },
    {
      "type": "Feature",
      "properties": {
        "@id": "node/13527736138",
        "government": "register_office",
        "office": "government"
      },
      "geometry": {
        "type": "Point",
        "coordinates": [
          30.5608151,
          30.6619723
        ]
      },
      "id": "node/13527736138"
    },
    {
      "type": "Feature",
      "properties": {
        "@id": "node/13544693801",
        "addr:postcode": "32627",
        "addr:street": "طريق شبين الكوم طنطا",
        "check_date": "2026-02-12",
        "name": "الجمعية الزراعية - بابل",
        "office": "government"
      },
      "geometry": {
        "type": "Point",
        "coordinates": [
          30.9953057,
          30.6899381
        ]
      },
      "id": "node/13544693801"
    },
    {
      "type": "Feature",
      "properties": {
        "@id": "node/13616803104",
        "amenity": "police",
        "description": "قسم الضواحي",
        "name": "قسم الضواحي"
      },
      "geometry": {
        "type": "Point",
        "coordinates": [
          32.281869,
          31.2499538
        ]
      },
      "id": "node/13616803104"
    },
    {
      "type": "Feature",
      "properties": {
        "@id": "node/13638000301",
        "addr:street": "شارع قسم شرطة اسيوط الجديدة",
        "amenity": "police",
        "name": "مديرية امن أسيوط الجديده"
      },
      "geometry": {
        "type": "Point",
        "coordinates": [
          31.2795721,
          27.2796654
        ]
      },
      "id": "node/13638000301"
    },
    {
      "type": "Feature",
      "properties": {
        "@id": "node/13686191802",
        "name": "SILICONE WAHA",
        "name:ar": "واحة السيليكون - وزارة الاتصالات وتكنولوجيا المعلومات",
        "name:en": "SILICONE WAHA",
        "office": "government"
      },
      "geometry": {
        "type": "Point",
        "coordinates": [
          30.5370858,
          30.4172912
        ]
      },
      "id": "node/13686191802"
    },
    {
      "type": "Feature",
      "properties": {
        "@id": "node/13733698910",
        "name": "جهاز مدينة برج العرب",
        "office": "government"
      },
      "geometry": {
        "type": "Point",
        "coordinates": [
          29.5780369,
          30.882265
        ]
      },
      "id": "node/13733698910"
    },
    {
      "type": "Feature",
      "properties": {
        "@id": "node/13808132101",
        "amenity": "police",
        "check_date": "2026-05-08",
        "name": "قسم شرطة الشروق",
        "name:en": "Al Shorouk Police Station"
      },
      "geometry": {
        "type": "Point",
        "coordinates": [
          31.6438947,
          30.1708037
        ]
      },
      "id": "node/13808132101"
    },
    {
      "type": "Feature",
      "properties": {
        "@id": "node/13871936301",
        "name": "Passport Department Abasseyah",
        "name:ar": "الجوزات بالعباسية",
        "office": "government"
      },
      "geometry": {
        "type": "Point",
        "coordinates": [
          31.2860136,
          30.0664915
        ]
      },
      "id": "node/13871936301"
    },
    {
      "type": "Feature",
      "properties": {
        "@id": "node/13922874656",
        "check_date": "2026-06-09",
        "name": "المجلس القومي للسكان",
        "office": "government"
      },
      "geometry": {
        "type": "Point",
        "coordinates": [
          31.2298259,
          29.9880852
        ]
      },
      "id": "node/13922874656"
    },
    {
      "type": "Feature",
      "properties": {
        "@id": "node/13957625304",
        "government": "register_office",
        "name": "مكتب السجل المدني بمدينة العبور",
        "name:en": "El Obour City Civil Registry Office",
        "office": "government"
      },
      "geometry": {
        "type": "Point",
        "coordinates": [
          31.474058,
          30.236286
        ]
      },
      "id": "node/13957625304"
    }
  ]
}