{
  "type": "FeatureCollection",
  "generator": "overpass-turbo",
  "copyright": "The data included in this document is from www.openstreetmap.org. The data is made available under ODbL.",
  "timestamp": "2026-07-17T16:47:02Z",
  "features": [
    {
      "type": "Feature",
      "properties": {
        "@id": "relation/421706",
        "colour": "#FF7000",
        "from": "المنيب",
        "name": "الخط الثاني : المنيب‎ ← شبرا الخيمة‎",
        "name:ar": "الخط الثاني : المنيب‎ ← شبرا الخيمة‎",
        "name:de": "Linie 2: El Mounib → Shubra El-Kheima",
        "name:en": "Line 2: El Mounib → Shubra El-Kheima",
        "name:fr": "Ligne 2 : El Mounib → Shubra El-Kheima",
        "network": "الشركة المصرية لإدارة وتشغيل المترو",
        "public_transport:version": "2",
        "ref": "2",
        "route": "subway",
        "to": "شبرا الخيمة",
        "type": "route",
        "wikidata": "Q5017773",
        "wikipedia": "en:Cairo Metro Line 2"
      },
      "geometry": {
        "type": "LineString",
        "coordinates": [
          [
            31.2126427,
            29.9804268
          ],
          [
            31.2120279,
            29.9811614
          ],
          [
            31.2120137,
            29.9811783
          ],
          [
            31.2117624,
            29.9814786
          ],
          [
            31.21143,
            29.9819073
          ],
          [
            31.2108433,
            29.9827911
          ],
          [
            31.2105906,
            29.9832349
          ],
          [
            31.2102397,
            29.983908
          ],
          [
            31.2101269,
            29.9841656
          ],
          [
            31.2098579,
            29.9847228
          ],
          [
            31.20954,
            29.9855871
          ],
          [
            31.2093555,
            29.9862135
          ],
          [
            31.209266,
            29.9864813
          ],
          [
            31.2091004,
            29.9870927
          ],
          [
            31.2090044,
            29.987596
          ],
          [
            31.2089657,
            29.988066
          ],
          [
            31.208918,
            29.9893548
          ],
          [
            31.208888,
            29.990124
          ],
          [
            31.208775,
            29.9931063
          ],
          [
            31.2086957,
            29.994483
          ],
          [
            31.2086404,
            29.9954876
          ],
          [
            31.2085844,
            29.996504
          ],
          [
            31.2085721,
            29.9972245
          ],
          [
            31.2084913,
            29.9988839
          ],
          [
            31.20848,
            29.9998157
          ],
          [
            31.2083963,
            30.0005111
          ],
          [
            31.2081169,
            30.001974
          ],
          [
            31.2080174,
            30.0041052
          ],
          [
            31.2079888,
            30.0051374
          ],
          [
            31.2079627,
            30.0056598
          ],
          [
            31.2079575,
            30.006512
          ],
          [
            31.2079672,
            30.0066964
          ],
          [
            31.2079933,
            30.007199
          ],
          [
            31.2079767,
            30.0076648
          ],
          [
            31.2079116,
            30.0081124
          ],
          [
            31.2078936,
            30.0082362
          ],
          [
            31.2076482,
            30.0091799
          ],
          [
            31.2074282,
            30.0098514
          ],
          [
            31.2073435,
            30.010089
          ],
          [
            31.2071499,
            30.0105754
          ],
          [
            31.2068214,
            30.0112442
          ],
          [
            31.2064942,
            30.011713
          ],
          [
            31.2059314,
            30.012574
          ],
          [
            31.2055883,
            30.0130857
          ],
          [
            31.2054227,
            30.0133998
          ],
          [
            31.205299,
            30.0136877
          ],
          [
            31.2051818,
            30.0140329
          ],
          [
            31.2050542,
            30.0144199
          ],
          [
            31.2049063,
            30.014924
          ],
          [
            31.2048252,
            30.0151761
          ],
          [
            31.2046719,
            30.0156474
          ],
          [
            31.2042399,
            30.0167346
          ],
          [
            31.2040557,
            30.0172988
          ],
          [
            31.203676,
            30.0184619
          ],
          [
            31.2033402,
            30.0193241
          ],
          [
            31.2031857,
            30.0198301
          ],
          [
            31.202967,
            30.0205574
          ],
          [
            31.2027224,
            30.0213319
          ],
          [
            31.2023893,
            30.0222985
          ],
          [
            31.2017148,
            30.0244227
          ],
          [
            31.20122,
            30.0259985
          ],
          [
            31.2011128,
            30.0263377
          ],
          [
            31.2006341,
            30.0277295
          ],
          [
            31.2004145,
            30.0282288
          ],
          [
            31.2002625,
            30.0285144
          ],
          [
            31.1993637,
            30.0302429
          ],
          [
            31.198138,
            30.0325409
          ],
          [
            31.1980283,
            30.0330942
          ],
          [
            31.1981702,
            30.0335789
          ],
          [
            31.1984512,
            30.0343627
          ],
          [
            31.1990035,
            30.0350283
          ],
          [
            31.1996001,
            30.0354674
          ],
          [
            31.2003246,
            30.0357431
          ],
          [
            31.2020999,
            30.0361143
          ],
          [
            31.2120231,
            30.0381895
          ],
          [
            31.2151642,
            30.0388432
          ],
          [
            31.2154479,
            30.0389005
          ],
          [
            31.2168664,
            30.039195
          ],
          [
            31.2191809,
            30.0396774
          ],
          [
            31.2222936,
            30.0403625
          ],
          [
            31.2251976,
            30.0419889
          ],
          [
            31.2264356,
            30.0426701
          ],
          [
            31.2269694,
            30.0429069
          ],
          [
            31.227361,
            30.0430439
          ],
          [
            31.2277239,
            30.0431366
          ],
          [
            31.2318493,
            30.0436099
          ],
          [
            31.2346365,
            30.043807
          ],
          [
            31.2356877,
            30.0438896
          ],
          [
            31.2368234,
            30.0440262
          ],
          [
            31.2413047,
            30.0445832
          ],
          [
            31.2433286,
            30.044805
          ],
          [
            31.2435726,
            30.0448423
          ],
          [
            31.2437489,
            30.0448742
          ],
          [
            31.2438725,
            30.044907
          ],
          [
            31.2439768,
            30.0449417
          ],
          [
            31.2440569,
            30.0450126
          ],
          [
            31.2441333,
            30.0451014
          ],
          [
            31.2441957,
            30.0451785
          ],
          [
            31.2443167,
            30.0454338
          ],
          [
            31.2467844,
            30.0506375
          ],
          [
            31.2468083,
            30.0506939
          ],
          [
            31.2468214,
            30.0507318
          ],
          [
            31.2468317,
            30.0507844
          ],
          [
            31.2468361,
            30.0508457
          ],
          [
            31.2468361,
            30.0508891
          ],
          [
            31.2468834,
            30.0516471
          ],
          [
            31.2469369,
            30.052408
          ],
          [
            31.2468432,
            30.0534928
          ],
          [
            31.2467194,
            30.0547606
          ],
          [
            31.2466981,
            30.0549025
          ],
          [
            31.2464242,
            30.0560279
          ],
          [
            31.2464036,
            30.05609
          ],
          [
            31.2463906,
            30.0561378
          ],
          [
            31.2463788,
            30.0561832
          ],
          [
            31.2463723,
            30.0562424
          ],
          [
            31.2463705,
            30.0563071
          ],
          [
            31.2463192,
            30.061285
          ],
          [
            31.2463073,
            30.0614051
          ],
          [
            31.2462808,
            30.0615249
          ],
          [
            31.2462171,
            30.0616671
          ],
          [
            31.2461498,
            30.061759
          ],
          [
            31.2460417,
            30.0618579
          ],
          [
            31.2457122,
            30.0620942
          ],
          [
            31.2455932,
            30.0621867
          ],
          [
            31.2452698,
            30.0624382
          ],
          [
            31.2450426,
            30.0626936
          ],
          [
            31.2448628,
            30.0631897
          ],
          [
            31.2448493,
            30.0633415
          ],
          [
            31.2448659,
            30.0635041
          ],
          [
            31.2450115,
            30.0642928
          ],
          [
            31.2451357,
            30.0653945
          ],
          [
            31.2451339,
            30.0663499
          ],
          [
            31.2450506,
            30.0710432
          ],
          [
            31.2450671,
            30.0728968
          ],
          [
            31.2451427,
            30.0754691
          ],
          [
            31.2452347,
            30.0762416
          ],
          [
            31.2452884,
            30.0770861
          ],
          [
            31.2452996,
            30.0774573
          ],
          [
            31.245281,
            30.0784701
          ],
          [
            31.2452936,
            30.0790642
          ],
          [
            31.2453301,
            30.079603
          ],
          [
            31.2453517,
            30.0798724
          ],
          [
            31.2453909,
            30.0801873
          ],
          [
            31.2454093,
            30.080567
          ],
          [
            31.2453921,
            30.0828243
          ],
          [
            31.2454318,
            30.085565
          ],
          [
            31.245464,
            30.0864191
          ],
          [
            31.2454854,
            30.0869389
          ],
          [
            31.2454654,
            30.0875748
          ],
          [
            31.2454359,
            30.0883488
          ],
          [
            31.2453608,
            30.0898225
          ],
          [
            31.2452216,
            30.0911869
          ],
          [
            31.2452025,
            30.0914215
          ],
          [
            31.2453351,
            30.0945807
          ],
          [
            31.2454065,
            30.0970269
          ],
          [
            31.2454766,
            30.0977857
          ],
          [
            31.2454523,
            30.0995935
          ],
          [
            31.2453933,
            30.1019647
          ],
          [
            31.2454405,
            30.1023151
          ],
          [
            31.245482,
            30.1026581
          ],
          [
            31.2455288,
            30.103234
          ],
          [
            31.2456601,
            30.1035533
          ],
          [
            31.2458612,
            30.1038191
          ],
          [
            31.2461636,
            30.1040835
          ],
          [
            31.246508,
            30.1043944
          ],
          [
            31.2466541,
            30.1046989
          ],
          [
            31.2467161,
            30.1049022
          ],
          [
            31.2466608,
            30.1052767
          ],
          [
            31.246372,
            30.1059599
          ],
          [
            31.2461495,
            30.1064821
          ],
          [
            31.2460831,
            30.1067997
          ],
          [
            31.246121,
            30.1070465
          ],
          [
            31.246406,
            30.1077042
          ],
          [
            31.2466803,
            30.1083636
          ],
          [
            31.2475811,
            30.1102129
          ],
          [
            31.2477365,
            30.1105144
          ],
          [
            31.247964,
            30.111067
          ],
          [
            31.2480609,
            30.1113687
          ],
          [
            31.2481611,
            30.1117656
          ],
          [
            31.248269,
            30.1122932
          ],
          [
            31.248395,
            30.1128036
          ],
          [
            31.2485102,
            30.1131181
          ],
          [
            31.2487214,
            30.1137699
          ],
          [
            31.2489182,
            30.1143479
          ],
          [
            31.2491114,
            30.114915
          ],
          [
            31.249186,
            30.1152378
          ],
          [
            31.2492441,
            30.1155661
          ],
          [
            31.2492174,
            30.1158758
          ],
          [
            31.2491728,
            30.1161085
          ],
          [
            31.2490814,
            30.1164038
          ],
          [
            31.2489298,
            30.116653
          ],
          [
            31.2487253,
            30.1169374
          ],
          [
            31.2486016,
            30.1170871
          ],
          [
            31.2470433,
            30.1188462
          ],
          [
            31.24675,
            30.1192779
          ],
          [
            31.2465216,
            30.1197736
          ],
          [
            31.2462969,
            30.1204725
          ],
          [
            31.2461882,
            30.1207277
          ],
          [
            31.2460687,
            30.1209537
          ],
          [
            31.2459185,
            30.1211731
          ],
          [
            31.2455273,
            30.1216559
          ],
          [
            31.2448663,
            30.1225205
          ],
          [
            31.2445506,
            30.1228969
          ],
          [
            31.2441919,
            30.1233052
          ],
          [
            31.2435209,
            30.1241026
          ]
        ]
      },
      "id": "relation/421706"
    },
    {
      "type": "Feature",
      "properties": {
        "@id": "relation/7927231",
        "colour": "#FF7000",
        "from": "شبرا الخيمة",
        "name": "الخط الثاني : شبرا الخيمة‎ ← المنيب",
        "name:ar": "الخط الثاني : شبرا الخيمة‎ ← المنيب",
        "name:de": "Linie 2: Shubra El-Kheima → El Mounib",
        "name:en": "Line 2: Shubra El-Kheima → El Mounib",
        "name:fr": "Ligne 2 : Shubra El-Kheima → El Mounib",
        "network": "الشركة المصرية لإدارة وتشغيل المترو",
        "public_transport:version": "2",
        "ref": "2",
        "route": "subway",
        "to": "المنيب",
        "type": "route",
        "wikidata": "Q5017773",
        "wikipedia": "en:Cairo Metro Line 2"
      },
      "geometry": {
        "type": "LineString",
        "coordinates": [
          [
            31.2434677,
            30.1240791
          ],
          [
            31.2436877,
            30.1238286
          ],
          [
            31.2445213,
            30.1228496
          ],
          [
            31.2448198,
            30.1224979
          ],
          [
            31.2453718,
            30.121812
          ],
          [
            31.2455059,
            30.1216519
          ],
          [
            31.2459021,
            30.1211672
          ],
          [
            31.2460437,
            30.1209466
          ],
          [
            31.2462103,
            30.1206217
          ],
          [
            31.2462709,
            30.1204734
          ],
          [
            31.2463881,
            30.1201361
          ],
          [
            31.2464606,
            30.1199023
          ],
          [
            31.2465089,
            30.1197572
          ],
          [
            31.2467308,
            30.1192611
          ],
          [
            31.2470173,
            30.1188408
          ],
          [
            31.2477983,
            30.1179099
          ],
          [
            31.2483806,
            30.1172865
          ],
          [
            31.2485765,
            30.1170561
          ],
          [
            31.2488924,
            30.1166319
          ],
          [
            31.2490306,
            30.1164056
          ],
          [
            31.2491478,
            30.1160999
          ],
          [
            31.2491885,
            30.1158766
          ],
          [
            31.2492068,
            30.1155727
          ],
          [
            31.2491439,
            30.1152539
          ],
          [
            31.2490638,
            30.1149308
          ],
          [
            31.248866,
            30.1143611
          ],
          [
            31.248663,
            30.1137797
          ],
          [
            31.2484474,
            30.1131085
          ],
          [
            31.2483552,
            30.1128217
          ],
          [
            31.2482264,
            30.1122909
          ],
          [
            31.248116,
            30.1117813
          ],
          [
            31.2480287,
            30.1113745
          ],
          [
            31.2479351,
            30.1110665
          ],
          [
            31.2477102,
            30.1105291
          ],
          [
            31.247549,
            30.1102238
          ],
          [
            31.2471279,
            30.1093862
          ],
          [
            31.2466479,
            30.1083713
          ],
          [
            31.2464937,
            30.1080339
          ],
          [
            31.2463808,
            30.1077503
          ],
          [
            31.2460622,
            30.1069743
          ],
          [
            31.2460444,
            30.1068003
          ],
          [
            31.2461115,
            30.1064722
          ],
          [
            31.2463455,
            30.1059414
          ],
          [
            31.2466179,
            30.1052639
          ],
          [
            31.2466746,
            30.1049228
          ],
          [
            31.2466139,
            30.1047035
          ],
          [
            31.2464751,
            30.1044157
          ],
          [
            31.246124,
            30.1041099
          ],
          [
            31.2458327,
            30.1038339
          ],
          [
            31.2456184,
            30.1035549
          ],
          [
            31.2454743,
            30.1032372
          ],
          [
            31.245435,
            30.1026581
          ],
          [
            31.2453469,
            30.1019798
          ],
          [
            31.2453991,
            30.0995984
          ],
          [
            31.245408,
            30.0977865
          ],
          [
            31.2453597,
            30.0970307
          ],
          [
            31.2452683,
            30.0945832
          ],
          [
            31.2451015,
            30.0914211
          ],
          [
            31.2452704,
            30.0898531
          ],
          [
            31.2453432,
            30.0883471
          ],
          [
            31.2453869,
            30.0869342
          ],
          [
            31.2453826,
            30.0863989
          ],
          [
            31.2453684,
            30.0855658
          ],
          [
            31.2452995,
            30.0828196
          ],
          [
            31.2452987,
            30.0816002
          ],
          [
            31.2452966,
            30.0805735
          ],
          [
            31.2452216,
            30.079067
          ],
          [
            31.2451922,
            30.0784848
          ],
          [
            31.2451705,
            30.0771042
          ],
          [
            31.2451469,
            30.0765011
          ],
          [
            31.2451469,
            30.0762254
          ],
          [
            31.2450585,
            30.0754956
          ],
          [
            31.245046,
            30.074543
          ],
          [
            31.2450142,
            30.073589
          ],
          [
            31.2450039,
            30.0728891
          ],
          [
            31.2449894,
            30.0720227
          ],
          [
            31.2449826,
            30.0710389
          ],
          [
            31.2449919,
            30.0695197
          ],
          [
            31.2450108,
            30.0683133
          ],
          [
            31.2450396,
            30.0663395
          ],
          [
            31.2450697,
            30.0653939
          ],
          [
            31.2449362,
            30.0642898
          ],
          [
            31.2448286,
            30.0635121
          ],
          [
            31.2448048,
            30.0633391
          ],
          [
            31.2448088,
            30.0631875
          ],
          [
            31.2450069,
            30.0626697
          ],
          [
            31.2452348,
            30.0624044
          ],
          [
            31.2460043,
            30.0618331
          ],
          [
            31.2461307,
            30.0617261
          ],
          [
            31.2461879,
            30.0616501
          ],
          [
            31.2462458,
            30.0615077
          ],
          [
            31.2462677,
            30.061402
          ],
          [
            31.2462888,
            30.0612842
          ],
          [
            31.2463326,
            30.0563185
          ],
          [
            31.246335,
            30.0562219
          ],
          [
            31.2463426,
            30.0561288
          ],
          [
            31.2463662,
            30.0560421
          ],
          [
            31.246638,
            30.0549081
          ],
          [
            31.2466557,
            30.0547441
          ],
          [
            31.246801,
            30.0534834
          ],
          [
            31.246864,
            30.0524172
          ],
          [
            31.2468417,
            30.0516512
          ],
          [
            31.2468149,
            30.0508853
          ],
          [
            31.2468099,
            30.0508241
          ],
          [
            31.2467999,
            30.0507708
          ],
          [
            31.2467815,
            30.0507025
          ],
          [
            31.2467577,
            30.0506435
          ],
          [
            31.2465584,
            30.0502268
          ],
          [
            31.2442722,
            30.0454476
          ],
          [
            31.2441531,
            30.0451985
          ],
          [
            31.2440752,
            30.0451026
          ],
          [
            31.2439951,
            30.0450316
          ],
          [
            31.2439344,
            30.0449829
          ],
          [
            31.2437734,
            30.0449365
          ],
          [
            31.2436076,
            30.0448915
          ],
          [
            31.2432761,
            30.0448321
          ],
          [
            31.2410334,
            30.0445667
          ],
          [
            31.2381184,
            30.0442218
          ],
          [
            31.2377515,
            30.0441712
          ],
          [
            31.2356792,
            30.0439265
          ],
          [
            31.2356356,
            30.0439226
          ],
          [
            31.2346406,
            30.0438602
          ],
          [
            31.2322609,
            30.043711
          ],
          [
            31.2277682,
            30.043228
          ],
          [
            31.227361,
            30.0431251
          ],
          [
            31.2269372,
            30.0429742
          ],
          [
            31.226382,
            30.0427258
          ],
          [
            31.2251724,
            30.0420584
          ],
          [
            31.2222666,
            30.0404074
          ],
          [
            31.2198346,
            30.0398573
          ],
          [
            31.2191398,
            30.0396999
          ],
          [
            31.2120051,
            30.0382381
          ],
          [
            31.2052372,
            30.03682
          ],
          [
            31.200307,
            30.0357856
          ],
          [
            31.1995679,
            30.0355301
          ],
          [
            31.1989512,
            30.0350648
          ],
          [
            31.1983958,
            30.0344085
          ],
          [
            31.1980908,
            30.0335993
          ],
          [
            31.1979452,
            30.0330362
          ],
          [
            31.1980595,
            30.0325258
          ],
          [
            31.198798,
            30.0311313
          ],
          [
            31.1993123,
            30.0302242
          ],
          [
            31.2002264,
            30.0284977
          ],
          [
            31.2003706,
            30.0282283
          ],
          [
            31.2006005,
            30.0277109
          ],
          [
            31.2010911,
            30.0262745
          ],
          [
            31.2011889,
            30.0259912
          ],
          [
            31.2023504,
            30.0222904
          ],
          [
            31.2026793,
            30.0213164
          ],
          [
            31.2029319,
            30.020532
          ],
          [
            31.2031469,
            30.0198076
          ],
          [
            31.2032975,
            30.0193189
          ],
          [
            31.2033601,
            30.0191353
          ],
          [
            31.2036386,
            30.018428
          ],
          [
            31.2037069,
            30.01823
          ],
          [
            31.2040068,
            30.0172901
          ],
          [
            31.2041929,
            30.0167198
          ],
          [
            31.2046298,
            30.0156411
          ],
          [
            31.2047828,
            30.0151621
          ],
          [
            31.2048667,
            30.0149044
          ],
          [
            31.2050199,
            30.0143751
          ],
          [
            31.2051267,
            30.0140573
          ],
          [
            31.2052536,
            30.0136868
          ],
          [
            31.2053773,
            30.0133953
          ],
          [
            31.2055587,
            30.0130501
          ],
          [
            31.205893,
            30.0125645
          ],
          [
            31.2064733,
            30.0116994
          ],
          [
            31.2067728,
            30.0112361
          ],
          [
            31.2069324,
            30.0109206
          ],
          [
            31.2071014,
            30.0105673
          ],
          [
            31.2071971,
            30.0103445
          ],
          [
            31.2072971,
            30.0100856
          ],
          [
            31.2073782,
            30.0098377
          ],
          [
            31.2075974,
            30.0091535
          ],
          [
            31.2078419,
            30.0082308
          ],
          [
            31.2078595,
            30.0080983
          ],
          [
            31.2079206,
            30.0076369
          ],
          [
            31.2079478,
            30.0072147
          ],
          [
            31.2079008,
            30.0065245
          ],
          [
            31.2078869,
            30.0063361
          ],
          [
            31.2078861,
            30.00577
          ],
          [
            31.2079134,
            30.0054259
          ],
          [
            31.2079275,
            30.0052585
          ],
          [
            31.2079337,
            30.0051382
          ],
          [
            31.207946,
            30.0048943
          ],
          [
            31.2079638,
            30.0041042
          ],
          [
            31.2080783,
            30.001942
          ],
          [
            31.2082874,
            30.0008467
          ],
          [
            31.2083544,
            30.000494
          ],
          [
            31.2084265,
            29.9998394
          ],
          [
            31.2084559,
            29.9992015
          ],
          [
            31.2084729,
            29.9982442
          ],
          [
            31.2085255,
            29.9972169
          ],
          [
            31.2085282,
            29.9966622
          ],
          [
            31.2085886,
            29.9954846
          ],
          [
            31.2086311,
            29.994657
          ],
          [
            31.2087268,
            29.9931136
          ],
          [
            31.2087432,
            29.9927029
          ],
          [
            31.2088107,
            29.9910152
          ],
          [
            31.2088406,
            29.9901242
          ],
          [
            31.2088784,
            29.9893529
          ],
          [
            31.2089256,
            29.9880632
          ],
          [
            31.2089612,
            29.9876241
          ],
          [
            31.2090158,
            29.9872864
          ],
          [
            31.2090704,
            29.9870316
          ],
          [
            31.2091917,
            29.9866028
          ],
          [
            31.2094905,
            29.9855848
          ],
          [
            31.2097992,
            29.9847207
          ],
          [
            31.2100846,
            29.9841173
          ],
          [
            31.2103644,
            29.9835559
          ],
          [
            31.2106938,
            29.9829684
          ],
          [
            31.2113869,
            29.9818775
          ],
          [
            31.211651,
            29.9814291
          ],
          [
            31.2119042,
            29.9811114
          ],
          [
            31.2125443,
            29.9803702
          ]
        ]
      },
      "id": "relation/7927231"
    },
    {
      "type": "Feature",
      "properties": {
        "@id": "way/25011754",
        "name": "القرصاية",
        "name:ar": "القرصاية",
        "name:en": "Qursaya",
        "place": "islet"
      },
      "geometry": {
        "type": "Polygon",
        "coordinates": [
          [
            [
              31.2206021,
              29.9984912
            ],
            [
              31.2207512,
              29.9991735
            ],
            [
              31.2207557,
              29.9991931
            ],
            [
              31.2207595,
              29.9992099
            ],
            [
              31.2208888,
              29.9997795
            ],
            [
              31.2209317,
              30.0000036
            ],
            [
              31.2209719,
              30.0001395
            ],
            [
              31.2210524,
              30.0002893
            ],
            [
              31.2210823,
              30.0004183
            ],
            [
              31.2210826,
              30.0004334
            ],
            [
              31.2211516,
              30.0011929
            ],
            [
              31.2212348,
              30.0020826
            ],
            [
              31.2212858,
              30.0024287
            ],
            [
              31.2213153,
              30.0025332
            ],
            [
              31.2213635,
              30.002719
            ],
            [
              31.2214601,
              30.0033926
            ],
            [
              31.2214708,
              30.0037666
            ],
            [
              31.2214655,
              30.0043705
            ],
            [
              31.2214279,
              30.0055458
            ],
            [
              31.2212294,
              30.0069952
            ],
            [
              31.2210202,
              30.0081565
            ],
            [
              31.220929,
              30.0086257
            ],
            [
              31.2209102,
              30.0086908
            ],
            [
              31.2208647,
              30.0087163
            ],
            [
              31.2207788,
              30.008714
            ],
            [
              31.2207466,
              30.0086722
            ],
            [
              31.2207332,
              30.0086095
            ],
            [
              31.2208861,
              30.007339
            ],
            [
              31.2208829,
              30.0064286
            ],
            [
              31.220929,
              30.0053252
            ],
            [
              31.220921,
              30.0048258
            ],
            [
              31.2208807,
              30.0039803
            ],
            [
              31.2208539,
              30.0038874
            ],
            [
              31.220744,
              30.0038293
            ],
            [
              31.2206139,
              30.0038049
            ],
            [
              31.2205763,
              30.0037945
            ],
            [
              31.2205642,
              30.0037701
            ],
            [
              31.2203591,
              30.0026656
            ],
            [
              31.2203778,
              30.0025878
            ],
            [
              31.220402,
              30.002532
            ],
            [
              31.2204422,
              30.0024403
            ],
            [
              31.2204644,
              30.0023714
            ],
            [
              31.2205213,
              30.0021941
            ],
            [
              31.2205535,
              30.0015228
            ],
            [
              31.2203979,
              30.0007864
            ],
            [
              31.2203577,
              30.0007493
            ],
            [
              31.2202638,
              30.0007191
            ],
            [
              31.2197596,
              30.0007957
            ],
            [
              31.2196818,
              30.0008352
            ],
            [
              31.219655,
              30.0009142
            ],
            [
              31.2198253,
              30.0016862
            ],
            [
              31.219873,
              30.0019027
            ],
            [
              31.219883,
              30.0019479
            ],
            [
              31.2199232,
              30.0022638
            ],
            [
              31.2199527,
              30.0024891
            ],
            [
              31.2199956,
              30.0025634
            ],
            [
              31.2200715,
              30.0025877
            ],
            [
              31.2201086,
              30.0026432
            ],
            [
              31.2201259,
              30.0026691
            ],
            [
              31.2201351,
              30.0026761
            ],
            [
              31.2201368,
              30.0026855
            ],
            [
              31.2201673,
              30.0027562
            ],
            [
              31.2201928,
              30.0029687
            ],
            [
              31.2201968,
              30.0033462
            ],
            [
              31.2202532,
              30.0037495
            ],
            [
              31.2202638,
              30.003827
            ],
            [
              31.2203175,
              30.0042625
            ],
            [
              31.2203577,
              30.0044646
            ],
            [
              31.220473,
              30.0047724
            ],
            [
              31.2204824,
              30.0048467
            ],
            [
              31.2205108,
              30.0050409
            ],
            [
              31.2205171,
              30.0050524
            ],
            [
              31.2205401,
              30.0053647
            ],
            [
              31.2205294,
              30.0054053
            ],
            [
              31.2205052,
              30.0054192
            ],
            [
              31.2204771,
              30.0054401
            ],
            [
              31.2204556,
              30.0054785
            ],
            [
              31.2204409,
              30.0057827
            ],
            [
              31.2204261,
              30.0058106
            ],
            [
              31.2203966,
              30.0058315
            ],
            [
              31.2203765,
              30.0058559
            ],
            [
              31.2203684,
              30.0058896
            ],
            [
              31.220347,
              30.0065516
            ],
            [
              31.2203617,
              30.0066898
            ],
            [
              31.2203751,
              30.0068791
            ],
            [
              31.2203819,
              30.0071253
            ],
            [
              31.2203835,
              30.0074292
            ],
            [
              31.2203886,
              30.0078221
            ],
            [
              31.2204067,
              30.0080927
            ],
            [
              31.2204241,
              30.008354
            ],
            [
              31.2204254,
              30.0085185
            ],
            [
              31.2204322,
              30.0086768
            ],
            [
              31.2204327,
              30.0086971
            ],
            [
              31.2204207,
              30.0090333
            ],
            [
              31.2203671,
              30.0094456
            ],
            [
              31.220346,
              30.009527
            ],
            [
              31.2203228,
              30.0095606
            ],
            [
              31.2201887,
              30.0095966
            ],
            [
              31.2201311,
              30.0095908
            ],
            [
              31.2200882,
              30.0095536
            ],
            [
              31.2199473,
              30.0088348
            ],
            [
              31.2198788,
              30.0083966
            ],
            [
              31.2198614,
              30.0082486
            ],
            [
              31.2198023,
              30.0078637
            ],
            [
              31.219667,
              30.0073064
            ],
            [
              31.2195311,
              30.0068211
            ],
            [
              31.2193264,
              30.0063321
            ],
            [
              31.2192245,
              30.006159
            ],
            [
              31.2189549,
              30.0056492
            ],
            [
              31.2187242,
              30.0053287
            ],
            [
              31.2184936,
              30.0049222
            ],
            [
              31.2182774,
              30.004614
            ],
            [
              31.2177332,
              30.0039652
            ],
            [
              31.2176354,
              30.0038335
            ],
            [
              31.2176185,
              30.0038107
            ],
            [
              31.2174676,
              30.0036528
            ],
            [
              31.2170358,
              30.003273
            ],
            [
              31.2167743,
              30.0029385
            ],
            [
              31.2165275,
              30.0025982
            ],
            [
              31.2164578,
              30.0025576
            ],
            [
              31.2164015,
              30.0025309
            ],
            [
              31.2163411,
              30.0024786
            ],
            [
              31.216262,
              30.0023218
            ],
            [
              31.2160373,
              30.0019563
            ],
            [
              31.2160085,
              30.0018898
            ],
            [
              31.21599,
              30.0018388
            ],
            [
              31.2159811,
              30.0018141
            ],
            [
              31.2159361,
              30.00169
            ],
            [
              31.2158637,
              30.0015123
            ],
            [
              31.2158462,
              30.001352
            ],
            [
              31.2158221,
              30.0012196
            ],
            [
              31.2157886,
              30.0011256
            ],
            [
              31.2156598,
              30.0006506
            ],
            [
              31.2156433,
              30.0005385
            ],
            [
              31.2156363,
              30.0005114
            ],
            [
              31.2156035,
              30.0002986
            ],
            [
              31.215574,
              30.0001337
            ],
            [
              31.2155646,
              29.9999967
            ],
            [
              31.2156194,
              29.9994918
            ],
            [
              31.2156966,
              29.9989635
            ],
            [
              31.2157899,
              29.9987272
            ],
            [
              31.2159549,
              29.9983579
            ],
            [
              31.2159674,
              29.9983417
            ],
            [
              31.2160434,
              29.9982429
            ],
            [
              31.2160461,
              29.9982022
            ],
            [
              31.2162486,
              29.9982603
            ],
            [
              31.2163398,
              29.9980269
            ],
            [
              31.2163988,
              29.9979549
            ],
            [
              31.2165319,
              29.9978881
            ],
            [
              31.2165537,
              29.9978796
            ],
            [
              31.2165795,
              29.9978741
            ],
            [
              31.2166053,
              29.9978706
            ],
            [
              31.2166144,
              29.9978561
            ],
            [
              31.2165282,
              29.997783
            ],
            [
              31.2165382,
              29.997625
            ],
            [
              31.2166241,
              29.9976262
            ],
            [
              31.2166482,
              29.9975483
            ],
            [
              31.2166107,
              29.9975483
            ],
            [
              31.216616,
              29.9974958
            ],
            [
              31.2166593,
              29.9974975
            ],
            [
              31.2166653,
              29.9974691
            ],
            [
              31.2167401,
              29.9974746
            ],
            [
              31.2168172,
              29.9973184
            ],
            [
              31.2165423,
              29.9972458
            ],
            [
              31.2163787,
              29.9974833
            ],
            [
              31.2163451,
              29.997596
            ],
            [
              31.2163968,
              29.9976291
            ],
            [
              31.2163471,
              29.9977191
            ],
            [
              31.216331,
              29.9978021
            ],
            [
              31.2162747,
              29.9977975
            ],
            [
              31.2162197,
              29.9980147
            ],
            [
              31.2161098,
              29.9979862
            ],
            [
              31.2161368,
              29.99787
            ],
            [
              31.2161728,
              29.9977557
            ],
            [
              31.2161999,
              29.9976852
            ],
            [
              31.2162305,
              29.9976157
            ],
            [
              31.2163686,
              29.9974049
            ],
            [
              31.216492,
              29.9972004
            ],
            [
              31.216471,
              29.9971954
            ],
            [
              31.216466,
              29.9972073
            ],
            [
              31.2164263,
              29.9971982
            ],
            [
              31.2164571,
              29.9971256
            ],
            [
              31.2165222,
              29.9971441
            ],
            [
              31.216594,
              29.9969757
            ],
            [
              31.2166774,
              29.9969982
            ],
            [
              31.2171163,
              29.9971169
            ],
            [
              31.2172578,
              29.9971378
            ],
            [
              31.2173556,
              29.9971342
            ],
            [
              31.2174489,
              29.9971308
            ],
            [
              31.2174495,
              29.9971366
            ],
            [
              31.2176641,
              29.9971122
            ],
            [
              31.217872,
              29.9970942
            ],
            [
              31.2179584,
              29.9970843
            ],
            [
              31.2183216,
              29.9970425
            ],
            [
              31.2183226,
              29.9970324
            ],
            [
              31.2183873,
              29.9970303
            ],
            [
              31.218399,
              29.9970367
            ],
            [
              31.2184924,
              29.997379
            ],
            [
              31.218508,
              29.997436
            ],
            [
              31.2184617,
              29.9974502
            ],
            [
              31.218569,
              29.9977796
            ],
            [
              31.2185913,
              29.9978477
            ],
            [
              31.2186894,
              29.9981488
            ],
            [
              31.218802,
              29.9986401
            ],
            [
              31.2188135,
              29.998658
            ],
            [
              31.21883,
              29.9986727
            ],
            [
              31.2188503,
              29.9986831
            ],
            [
              31.2188733,
              29.9986885
            ],
            [
              31.2188971,
              29.9986885
            ],
            [
              31.2189201,
              29.9986831
            ],
            [
              31.2194619,
              29.9985658
            ],
            [
              31.2198897,
              29.9985089
            ],
            [
              31.2200211,
              29.9984856
            ],
            [
              31.2201297,
              29.998438
            ],
            [
              31.2204234,
              29.9983648
            ],
            [
              31.2204207,
              29.9982301
            ],
            [
              31.2203792,
              29.9981976
            ],
            [
              31.2200412,
              29.9982626
            ],
            [
              31.2200117,
              29.9982464
            ],
            [
              31.219891,
              29.9976924
            ],
            [
              31.2198642,
              29.9976587
            ],
            [
              31.2198494,
              29.997596
            ],
            [
              31.2198682,
              29.9975205
            ],
            [
              31.2197703,
              29.9971174
            ],
            [
              31.2197274,
              29.9969572
            ],
            [
              31.2197535,
              29.9969543
            ],
            [
              31.219769,
              29.996963
            ],
            [
              31.2198427,
              29.9969409
            ],
            [
              31.2198924,
              29.9969461
            ],
            [
              31.2199138,
              29.9969357
            ],
            [
              31.2200895,
              29.9968944
            ],
            [
              31.2202451,
              29.9972429
            ],
            [
              31.2202974,
              29.9972545
            ],
            [
              31.2203349,
              29.9973184
            ],
            [
              31.2202571,
              29.9973358
            ],
            [
              31.2203175,
              29.9974496
            ],
            [
              31.2203537,
              29.9976215
            ],
            [
              31.2203081,
              29.997704
            ],
            [
              31.2203336,
              29.9977121
            ],
            [
              31.2203912,
              29.9978085
            ],
            [
              31.220469,
              29.9981244
            ],
            [
              31.2205294,
              29.9982394
            ],
            [
              31.2205589,
              29.9982847
            ],
            [
              31.2206021,
              29.9984912
            ]
          ]
        ]
      },
      "id": "way/25011754"
    },
    {
      "type": "Feature",
      "properties": {
        "@id": "way/30915717",
        "name": "جزيرة القرصاية",
        "name:ar": "جزيرة القرصاية",
        "name:en": "Al-Qarsaya Island",
        "place": "islet"
      },
      "geometry": {
        "type": "Polygon",
        "coordinates": [
          [
            [
              31.2408763,
              29.9637863
            ],
            [
              31.2408532,
              29.9637883
            ],
            [
              31.240834,
              29.9637874
            ],
            [
              31.2408062,
              29.9637627
            ],
            [
              31.2407971,
              29.9637404
            ],
            [
              31.2407918,
              29.9636976
            ],
            [
              31.2407908,
              29.9636689
            ],
            [
              31.2407955,
              29.9636416
            ],
            [
              31.240824,
              29.9635591
            ],
            [
              31.2408562,
              29.96344
            ],
            [
              31.2408706,
              29.9633888
            ],
            [
              31.2408746,
              29.9633569
            ],
            [
              31.2408696,
              29.9633271
            ],
            [
              31.2408599,
              29.9633035
            ],
            [
              31.2408461,
              29.9632759
            ],
            [
              31.2408421,
              29.9632389
            ],
            [
              31.2407663,
              29.9632308
            ],
            [
              31.2407362,
              29.9632568
            ],
            [
              31.2406932,
              29.9632512
            ],
            [
              31.2406734,
              29.9632495
            ],
            [
              31.2406555,
              29.9632501
            ],
            [
              31.2406325,
              29.9632512
            ],
            [
              31.2406106,
              29.9632546
            ],
            [
              31.2405943,
              29.9632611
            ],
            [
              31.2405812,
              29.9632701
            ],
            [
              31.2405648,
              29.963282
            ],
            [
              31.2405522,
              29.9632944
            ],
            [
              31.2405383,
              29.9633102
            ],
            [
              31.2405306,
              29.9633286
            ],
            [
              31.2405239,
              29.9633566
            ],
            [
              31.2405155,
              29.9633967
            ],
            [
              31.2405008,
              29.9634612
            ],
            [
              31.2404763,
              29.963542
            ],
            [
              31.2404686,
              29.9635777
            ],
            [
              31.2404656,
              29.9636128
            ],
            [
              31.2404669,
              29.9636733
            ],
            [
              31.240469,
              29.9637455
            ],
            [
              31.2404676,
              29.9638365
            ],
            [
              31.2404485,
              29.9640247
            ],
            [
              31.2404243,
              29.9641665
            ],
            [
              31.2403972,
              29.9643173
            ],
            [
              31.2403851,
              29.9644508
            ],
            [
              31.2403844,
              29.9644607
            ],
            [
              31.2403757,
              29.964479
            ],
            [
              31.2403613,
              29.9644909
            ],
            [
              31.2403338,
              29.9645098
            ],
            [
              31.2403307,
              29.9645455
            ],
            [
              31.2403318,
              29.964595
            ],
            [
              31.2403446,
              29.9645942
            ],
            [
              31.2403636,
              29.9645978
            ],
            [
              31.2403421,
              29.9648296
            ],
            [
              31.2403238,
              29.964915
            ],
            [
              31.240308,
              29.964985
            ],
            [
              31.2402864,
              29.9650805
            ],
            [
              31.2402818,
              29.9651776
            ],
            [
              31.2402939,
              29.9652656
            ],
            [
              31.240312,
              29.9653306
            ],
            [
              31.2402851,
              29.9654083
            ],
            [
              31.2402707,
              29.9654504
            ],
            [
              31.24025,
              29.9654725
            ],
            [
              31.2402263,
              29.9654839
            ],
            [
              31.2401339,
              29.9655264
            ],
            [
              31.2399848,
              29.9655851
            ],
            [
              31.239962,
              29.9655845
            ],
            [
              31.2399484,
              29.9655687
            ],
            [
              31.2399338,
              29.9654886
            ],
            [
              31.239941,
              29.9654402
            ],
            [
              31.2400294,
              29.9650315
            ],
            [
              31.2400588,
              29.9649001
            ],
            [
              31.24008,
              29.9648235
            ],
            [
              31.2401096,
              29.9647429
            ],
            [
              31.240125,
              29.9647138
            ],
            [
              31.2401534,
              29.9646995
            ],
            [
              31.2401874,
              29.9646661
            ],
            [
              31.2402299,
              29.9646322
            ],
            [
              31.240292,
              29.964603
            ],
            [
              31.2402933,
              29.964544
            ],
            [
              31.2402936,
              29.9645162
            ],
            [
              31.2402641,
              29.9645246
            ],
            [
              31.2402289,
              29.9645292
            ],
            [
              31.2401578,
              29.9645273
            ],
            [
              31.2400696,
              29.9645208
            ],
            [
              31.2400435,
              29.96452
            ],
            [
              31.2400247,
              29.964524
            ],
            [
              31.2400076,
              29.9645325
            ],
            [
              31.2399982,
              29.9645443
            ],
            [
              31.2399902,
              29.96456
            ],
            [
              31.2399535,
              29.964669
            ],
            [
              31.2398892,
              29.9648057
            ],
            [
              31.239851,
              29.9648554
            ],
            [
              31.2398463,
              29.9648663
            ],
            [
              31.2398425,
              29.964879
            ],
            [
              31.2398399,
              29.9649182
            ],
            [
              31.2398434,
              29.9649612
            ],
            [
              31.2398487,
              29.9649861
            ],
            [
              31.2398507,
              29.9650082
            ],
            [
              31.2398507,
              29.9650381
            ],
            [
              31.2398483,
              29.9650689
            ],
            [
              31.2398316,
              29.9652165
            ],
            [
              31.2398245,
              29.965265
            ],
            [
              31.2398128,
              29.9653126
            ],
            [
              31.239746,
              29.9654921
            ],
            [
              31.2397388,
              29.9655187
            ],
            [
              31.2397347,
              29.9655395
            ],
            [
              31.2397313,
              29.9655525
            ],
            [
              31.2397266,
              29.9656423
            ],
            [
              31.2397283,
              29.9656713
            ],
            [
              31.239734,
              29.9656992
            ],
            [
              31.2397719,
              29.9657442
            ],
            [
              31.2397413,
              29.9657662
            ],
            [
              31.2396966,
              29.9657984
            ],
            [
              31.2396726,
              29.9658157
            ],
            [
              31.239619,
              29.9657713
            ],
            [
              31.2396005,
              29.9657905
            ],
            [
              31.2395811,
              29.9657727
            ],
            [
              31.2395596,
              29.9657901
            ],
            [
              31.2395643,
              29.9657974
            ],
            [
              31.2394705,
              29.9659211
            ],
            [
              31.2394054,
              29.9659938
            ],
            [
              31.2392445,
              29.9661274
            ],
            [
              31.2391315,
              29.9662119
            ],
            [
              31.2390027,
              29.9662897
            ],
            [
              31.2388961,
              29.9663458
            ],
            [
              31.2388579,
              29.9663626
            ],
            [
              31.238752,
              29.9663963
            ],
            [
              31.2386688,
              29.9664149
            ],
            [
              31.2386145,
              29.9664306
            ],
            [
              31.2385608,
              29.9664558
            ],
            [
              31.2383969,
              29.9663722
            ],
            [
              31.2382531,
              29.96648
            ],
            [
              31.238246,
              29.9665154
            ],
            [
              31.2382303,
              29.966529
            ],
            [
              31.2382018,
              29.9665354
            ],
            [
              31.2380958,
              29.9666319
            ],
            [
              31.2379785,
              29.9667347
            ],
            [
              31.2378062,
              29.966888
            ],
            [
              31.2375667,
              29.9671047
            ],
            [
              31.2373636,
              29.9672865
            ],
            [
              31.2368962,
              29.9677989
            ],
            [
              31.2359306,
              29.9690513
            ],
            [
              31.2352788,
              29.9699715
            ],
            [
              31.2348041,
              29.9705988
            ],
            [
              31.2343401,
              29.971045
            ],
            [
              31.2342435,
              29.9711193
            ],
            [
              31.2341201,
              29.9711216
            ],
            [
              31.2340611,
              29.9710752
            ],
            [
              31.2340611,
              29.970866
            ],
            [
              31.2341845,
              29.9699877
            ],
            [
              31.2342918,
              29.969602
            ],
            [
              31.2343669,
              29.9692395
            ],
            [
              31.2348282,
              29.9678872
            ],
            [
              31.2350535,
              29.9673807
            ],
            [
              31.2352198,
              29.9671111
            ],
            [
              31.2353754,
              29.9669624
            ],
            [
              31.2355578,
              29.9668881
            ],
            [
              31.2358153,
              29.9668091
            ],
            [
              31.2360728,
              29.9666696
            ],
            [
              31.2362714,
              29.9664819
            ],
            [
              31.2362792,
              29.9664749
            ],
            [
              31.236286,
              29.9664689
            ],
            [
              31.2366736,
              29.9661027
            ],
            [
              31.2368841,
              29.9659726
            ],
            [
              31.2370236,
              29.9658201
            ],
            [
              31.2370306,
              29.9658109
            ],
            [
              31.2370383,
              29.9658008
            ],
            [
              31.2371978,
              29.965591
            ],
            [
              31.2370936,
              29.9655328
            ],
            [
              31.2370384,
              29.965502
            ],
            [
              31.2371571,
              29.9653672
            ],
            [
              31.2372006,
              29.9653335
            ],
            [
              31.237253,
              29.9652795
            ],
            [
              31.2373562,
              29.965125
            ],
            [
              31.2374206,
              29.9650175
            ],
            [
              31.237479,
              29.9648996
            ],
            [
              31.2374903,
              29.964863
            ],
            [
              31.2374923,
              29.9648305
            ],
            [
              31.2374749,
              29.9647991
            ],
            [
              31.2374119,
              29.9647422
            ],
            [
              31.2373904,
              29.9647096
            ],
            [
              31.2373736,
              29.964669
            ],
            [
              31.237375,
              29.9646353
            ],
            [
              31.2373884,
              29.9645981
            ],
            [
              31.2374246,
              29.9645597
            ],
            [
              31.2374776,
              29.9645243
            ],
            [
              31.2376104,
              29.9644366
            ],
            [
              31.2379033,
              29.9642209
            ],
            [
              31.2378951,
              29.96421
            ],
            [
              31.2379282,
              29.9641903
            ],
            [
              31.2379476,
              29.9641789
            ],
            [
              31.2379671,
              29.9641675
            ],
            [
              31.2379781,
              29.9641794
            ],
            [
              31.2381897,
              29.9640572
            ],
            [
              31.2384412,
              29.9639254
            ],
            [
              31.2385994,
              29.9638289
            ],
            [
              31.238708,
              29.9637578
            ],
            [
              31.2387409,
              29.9637401
            ],
            [
              31.2387986,
              29.963714
            ],
            [
              31.2389578,
              29.9636262
            ],
            [
              31.2389957,
              29.9636009
            ],
            [
              31.23904,
              29.9635701
            ],
            [
              31.239097,
              29.9635364
            ],
            [
              31.2391365,
              29.9635228
            ],
            [
              31.2391727,
              29.9635097
            ],
            [
              31.2392143,
              29.9635016
            ],
            [
              31.2392787,
              29.9634734
            ],
            [
              31.239272,
              29.9634612
            ],
            [
              31.2393434,
              29.9634029
            ],
            [
              31.2393937,
              29.9633697
            ],
            [
              31.2394601,
              29.9633392
            ],
            [
              31.2395201,
              29.9633306
            ],
            [
              31.2395731,
              29.9633281
            ],
            [
              31.2396184,
              29.9633276
            ],
            [
              31.2396469,
              29.9633218
            ],
            [
              31.2396753,
              29.9633073
            ],
            [
              31.2397089,
              29.9632838
            ],
            [
              31.2398933,
              29.9631838
            ],
            [
              31.2399124,
              29.9631714
            ],
            [
              31.2399291,
              29.963151
            ],
            [
              31.2399418,
              29.9631312
            ],
            [
              31.2399613,
              29.9631124
            ],
            [
              31.24003,
              29.9630802
            ],
            [
              31.2401605,
              29.9630214
            ],
            [
              31.2403013,
              29.9629564
            ],
            [
              31.2407761,
              29.9627246
            ],
            [
              31.2408069,
              29.962717
            ],
            [
              31.240833,
              29.9627188
            ],
            [
              31.2408518,
              29.962735
            ],
            [
              31.2408619,
              29.9627589
            ],
            [
              31.2408525,
              29.9628408
            ],
            [
              31.2408431,
              29.9628785
            ],
            [
              31.2408035,
              29.9629698
            ],
            [
              31.2407841,
              29.9629941
            ],
            [
              31.2407626,
              29.9630395
            ],
            [
              31.2407499,
              29.9630807
            ],
            [
              31.2407465,
              29.9631359
            ],
            [
              31.2407525,
              29.9631621
            ],
            [
              31.240762,
              29.9631827
            ],
            [
              31.2407714,
              29.9632024
            ],
            [
              31.2408519,
              29.9632161
            ],
            [
              31.2408619,
              29.9631998
            ],
            [
              31.2408927,
              29.963176
            ],
            [
              31.2409524,
              29.9631423
            ],
            [
              31.2410014,
              29.9630958
            ],
            [
              31.2411287,
              29.9628809
            ],
            [
              31.2411515,
              29.9628524
            ],
            [
              31.2411737,
              29.9628257
            ],
            [
              31.2412649,
              29.9627397
            ],
            [
              31.2413064,
              29.9626903
            ],
            [
              31.2413333,
              29.9626816
            ],
            [
              31.2413567,
              29.9626833
            ],
            [
              31.2413728,
              29.9626956
            ],
            [
              31.2413755,
              29.9627188
            ],
            [
              31.2413762,
              29.9627304
            ],
            [
              31.2414898,
              29.9627419
            ],
            [
              31.2415297,
              29.9627237
            ],
            [
              31.2415545,
              29.9627057
            ],
            [
              31.2416464,
              29.9626386
            ],
            [
              31.2416906,
              29.962607
            ],
            [
              31.241758,
              29.9625645
            ],
            [
              31.2418113,
              29.9625286
            ],
            [
              31.2418566,
              29.9624948
            ],
            [
              31.2418958,
              29.9624637
            ],
            [
              31.2419317,
              29.9624326
            ],
            [
              31.2419535,
              29.9624138
            ],
            [
              31.2419754,
              29.9623918
            ],
            [
              31.2421057,
              29.9622627
            ],
            [
              31.2421785,
              29.9621859
            ],
            [
              31.2422043,
              29.9621663
            ],
            [
              31.2422405,
              29.9621559
            ],
            [
              31.2422855,
              29.9621272
            ],
            [
              31.2424203,
              29.9620402
            ],
            [
              31.2424746,
              29.961995
            ],
            [
              31.2426052,
              29.9618863
            ],
            [
              31.2425946,
              29.9618677
            ],
            [
              31.2425932,
              29.9618503
            ],
            [
              31.2426033,
              29.9618265
            ],
            [
              31.242625,
              29.9618144
            ],
            [
              31.2426428,
              29.9618125
            ],
            [
              31.2429654,
              29.961576
            ],
            [
              31.2430988,
              29.9615459
            ],
            [
              31.2431853,
              29.9615389
            ],
            [
              31.2432571,
              29.9615511
            ],
            [
              31.2433234,
              29.9615831
            ],
            [
              31.2433865,
              29.9616318
            ],
            [
              31.2434193,
              29.9616841
            ],
            [
              31.2434301,
              29.961726
            ],
            [
              31.2434328,
              29.9617899
            ],
            [
              31.2434207,
              29.9618648
            ],
            [
              31.243423,
              29.9618979
            ],
            [
              31.243422,
              29.9619217
            ],
            [
              31.2433895,
              29.9619847
            ],
            [
              31.2433711,
              29.9619981
            ],
            [
              31.2433432,
              29.9620057
            ],
            [
              31.2433238,
              29.9620161
            ],
            [
              31.2433117,
              29.9620307
            ],
            [
              31.2432792,
              29.9620879
            ],
            [
              31.2432383,
              29.9621477
            ],
            [
              31.2430599,
              29.9624022
            ],
            [
              31.2429211,
              29.9625345
            ],
            [
              31.2428816,
              29.9625735
            ],
            [
              31.2428085,
              29.9626276
            ],
            [
              31.2427206,
              29.9626828
            ],
            [
              31.2425671,
              29.9627734
            ],
            [
              31.2425295,
              29.962803
            ],
            [
              31.2424795,
              29.9628535
            ],
            [
              31.2424331,
              29.9629082
            ],
            [
              31.2423947,
              29.962961
            ],
            [
              31.2423498,
              29.9630354
            ],
            [
              31.2423096,
              29.96309
            ],
            [
              31.2422519,
              29.9631539
            ],
            [
              31.2422043,
              29.9632172
            ],
            [
              31.2421775,
              29.9632637
            ],
            [
              31.2421272,
              29.963363
            ],
            [
              31.2420695,
              29.963467
            ],
            [
              31.2418709,
              29.9637278
            ],
            [
              31.241823,
              29.9637907
            ],
            [
              31.2417839,
              29.963842
            ],
            [
              31.2417477,
              29.9638885
            ],
            [
              31.2417198,
              29.9639228
            ],
            [
              31.2416689,
              29.96398
            ],
            [
              31.2416085,
              29.9640363
            ],
            [
              31.2415783,
              29.9640593
            ],
            [
              31.2415441,
              29.9640796
            ],
            [
              31.241511,
              29.9640906
            ],
            [
              31.2414536,
              29.964097
            ],
            [
              31.2414198,
              29.9641012
            ],
            [
              31.2413675,
              29.9641078
            ],
            [
              31.2413312,
              29.9641084
            ],
            [
              31.2413017,
              29.9641008
            ],
            [
              31.2412729,
              29.9640898
            ],
            [
              31.2412501,
              29.9640805
            ],
            [
              31.2412206,
              29.9640782
            ],
            [
              31.2411878,
              29.964084
            ],
            [
              31.2411576,
              29.9641095
            ],
            [
              31.2411453,
              29.9641274
            ],
            [
              31.2411347,
              29.9641482
            ],
            [
              31.2411093,
              29.9642071
            ],
            [
              31.2410898,
              29.9642304
            ],
            [
              31.2410697,
              29.9642402
            ],
            [
              31.2410369,
              29.964246
            ],
            [
              31.2409993,
              29.9642478
            ],
            [
              31.2409681,
              29.9642426
            ],
            [
              31.240936,
              29.9642417
            ],
            [
              31.2408994,
              29.9642513
            ],
            [
              31.2408686,
              29.9642989
            ],
            [
              31.2408417,
              29.9643436
            ],
            [
              31.2408238,
              29.9643779
            ],
            [
              31.2408008,
              29.9644621
            ],
            [
              31.2407955,
              29.9645592
            ],
            [
              31.2407827,
              29.9646469
            ],
            [
              31.2407754,
              29.9647334
            ],
            [
              31.24077,
              29.9647526
            ],
            [
              31.2407506,
              29.9647753
            ],
            [
              31.2407626,
              29.9647924
            ],
            [
              31.2407459,
              29.9648003
            ],
            [
              31.2407666,
              29.9648345
            ],
            [
              31.2407888,
              29.9648246
            ],
            [
              31.2407988,
              29.9648456
            ],
            [
              31.2408337,
              29.9648816
            ],
            [
              31.2408672,
              29.9648885
            ],
            [
              31.2408934,
              29.9648874
            ],
            [
              31.2409202,
              29.9648752
            ],
            [
              31.2409396,
              29.9648531
            ],
            [
              31.2409899,
              29.9647677
            ],
            [
              31.2409926,
              29.9647346
            ],
            [
              31.2409765,
              29.9647125
            ],
            [
              31.2409692,
              29.9646922
            ],
            [
              31.2409799,
              29.9646736
            ],
            [
              31.241,
              29.9646631
            ],
            [
              31.2410476,
              29.9646637
            ],
            [
              31.2410761,
              29.9646524
            ],
            [
              31.2411006,
              29.9646364
            ],
            [
              31.2411864,
              29.9645574
            ],
            [
              31.2412583,
              29.9644249
            ],
            [
              31.2412695,
              29.9644026
            ],
            [
              31.2412789,
              29.9643732
            ],
            [
              31.2412749,
              29.9643445
            ],
            [
              31.2412515,
              29.964325
            ],
            [
              31.2411676,
              29.9642867
            ],
            [
              31.2411589,
              29.9642687
            ],
            [
              31.2411609,
              29.9642524
            ],
            [
              31.2411757,
              29.964235
            ],
            [
              31.2411904,
              29.9642205
            ],
            [
              31.2412159,
              29.96421
            ],
            [
              31.2412789,
              29.9642054
            ],
            [
              31.2413085,
              29.9641949
            ],
            [
              31.2413326,
              29.9641711
            ],
            [
              31.2413608,
              29.9641589
            ],
            [
              31.2414429,
              29.9641514
            ],
            [
              31.2414758,
              29.9641543
            ],
            [
              31.2414955,
              29.9641615
            ],
            [
              31.2415098,
              29.9641731
            ],
            [
              31.2415145,
              29.9641893
            ],
            [
              31.2415143,
              29.9642071
            ],
            [
              31.2414064,
              29.9643733
            ],
            [
              31.2414647,
              29.9644151
            ],
            [
              31.2418637,
              29.9640195
            ],
            [
              31.2420206,
              29.9638528
            ],
            [
              31.2420823,
              29.9637883
            ],
            [
              31.2421339,
              29.9637348
            ],
            [
              31.2421882,
              29.9636454
            ],
            [
              31.2422284,
              29.9636337
            ],
            [
              31.2422526,
              29.9636349
            ],
            [
              31.2422831,
              29.963652
            ],
            [
              31.2422985,
              29.9636715
            ],
            [
              31.2423022,
              29.9637028
            ],
            [
              31.242274,
              29.9637378
            ],
            [
              31.2419797,
              29.9640579
            ],
            [
              31.2417135,
              29.9643036
            ],
            [
              31.2414566,
              29.9645307
            ],
            [
              31.2414707,
              29.9645412
            ],
            [
              31.241338,
              29.9646626
            ],
            [
              31.2413045,
              29.9646405
            ],
            [
              31.2411341,
              29.964831
            ],
            [
              31.2409544,
              29.9649989
            ],
            [
              31.2408166,
              29.9651105
            ],
            [
              31.2407489,
              29.9651543
            ],
            [
              31.240729,
              29.9651612
            ],
            [
              31.2407113,
              29.9651554
            ],
            [
              31.2407019,
              29.9651441
            ],
            [
              31.2406962,
              29.9651168
            ],
            [
              31.2406989,
              29.9649153
            ],
            [
              31.2407043,
              29.9648967
            ],
            [
              31.2407284,
              29.9648681
            ],
            [
              31.2407342,
              29.9648528
            ],
            [
              31.2406764,
              29.9647569
            ],
            [
              31.2406695,
              29.9647303
            ],
            [
              31.2406594,
              29.9646504
            ],
            [
              31.2406674,
              29.964583
            ],
            [
              31.2407251,
              29.9643529
            ],
            [
              31.2407847,
              29.9642019
            ],
            [
              31.2408759,
              29.9639811
            ],
            [
              31.2408947,
              29.9639294
            ],
            [
              31.2409041,
              29.9639016
            ],
            [
              31.2409067,
              29.9638725
            ],
            [
              31.2408864,
              29.9638359
            ],
            [
              31.2408835,
              29.9638267
            ],
            [
              31.2408892,
              29.9638189
            ],
            [
              31.2408992,
              29.963812
            ],
            [
              31.240945,
              29.9637995
            ],
            [
              31.2409977,
              29.9637913
            ],
            [
              31.2410206,
              29.9637851
            ],
            [
              31.241061,
              29.9637628
            ],
            [
              31.2410782,
              29.9637427
            ],
            [
              31.2410837,
              29.9637201
            ],
            [
              31.2410832,
              29.9636286
            ],
            [
              31.2410909,
              29.9636022
            ],
            [
              31.241107,
              29.963571
            ],
            [
              31.241128,
              29.963525
            ],
            [
              31.241128,
              29.9635097
            ],
            [
              31.2411297,
              29.9634953
            ],
            [
              31.241138,
              29.9634818
            ],
            [
              31.2411629,
              29.9634545
            ],
            [
              31.2411656,
              29.9634406
            ],
            [
              31.2411629,
              29.9634262
            ],
            [
              31.2411565,
              29.9634116
            ],
            [
              31.2411418,
              29.9633792
            ],
            [
              31.241138,
              29.9633615
            ],
            [
              31.2411391,
              29.9633423
            ],
            [
              31.2411634,
              29.9632862
            ],
            [
              31.2411778,
              29.9632704
            ],
            [
              31.241195,
              29.9632541
            ],
            [
              31.2412215,
              29.9632306
            ],
            [
              31.2412437,
              29.9632153
            ],
            [
              31.2412564,
              29.963199
            ],
            [
              31.2412697,
              29.9631788
            ],
            [
              31.2412996,
              29.9631122
            ],
            [
              31.2414905,
              29.9628346
            ],
            [
              31.2414999,
              29.9628159
            ],
            [
              31.2415005,
              29.9627885
            ],
            [
              31.2413975,
              29.9627718
            ],
            [
              31.2413925,
              29.9627857
            ],
            [
              31.2413721,
              29.9627919
            ],
            [
              31.2413527,
              29.962814
            ],
            [
              31.2413217,
              29.9628279
            ],
            [
              31.2412791,
              29.9628538
            ],
            [
              31.2412492,
              29.9628744
            ],
            [
              31.2412204,
              29.9629055
            ],
            [
              31.2411933,
              29.9629429
            ],
            [
              31.2411573,
              29.9630009
            ],
            [
              31.2411313,
              29.9630489
            ],
            [
              31.2411125,
              29.9630853
            ],
            [
              31.241092,
              29.9631213
            ],
            [
              31.2410666,
              29.9631563
            ],
            [
              31.241035,
              29.963198
            ],
            [
              31.2410013,
              29.9632436
            ],
            [
              31.2409764,
              29.963291
            ],
            [
              31.2409575,
              29.9633428
            ],
            [
              31.2409481,
              29.9634008
            ],
            [
              31.2409166,
              29.9635936
            ],
            [
              31.2409138,
              29.9636544
            ],
            [
              31.2409243,
              29.9637005
            ],
            [
              31.2409277,
              29.9637259
            ],
            [
              31.2409205,
              29.9637446
            ],
            [
              31.2409105,
              29.9637686
            ],
            [
              31.2408763,
              29.9637863
            ]
          ]
        ]
      },
      "id": "way/30915717"
    },
    {
      "type": "Feature",
      "properties": {
        "@id": "way/35090927",
        "addr:street": "ميدان السكاكيني",
        "historic": "castle",
        "name": "قصر السكاكيني",
        "name:ar": "قصر السكاكيني",
        "name:en": "Sakakini Palace",
        "tourism": "attraction",
        "wikidata": "Q10981930",
        "wikimedia_commons": "Category:Sakakini Palace"
      },
      "geometry": {
        "type": "Polygon",
        "coordinates": [
          [
            [
              31.2661475,
              30.0661126
            ],
            [
              31.2660572,
              30.0660721
            ],
            [
              31.2659869,
              30.0660084
            ],
            [
              31.2659444,
              30.0659284
            ],
            [
              31.2659343,
              30.0658407
            ],
            [
              31.2659575,
              30.065755
            ],
            [
              31.2660117,
              30.0656805
            ],
            [
              31.2660908,
              30.0656252
            ],
            [
              31.2661865,
              30.0655952
            ],
            [
              31.2662882,
              30.0655936
            ],
            [
              31.266385,
              30.0656207
            ],
            [
              31.2664664,
              30.0656736
            ],
            [
              31.2665235,
              30.0657465
            ],
            [
              31.2665502,
              30.0658314
            ],
            [
              31.2665436,
              30.0659193
            ],
            [
              31.2665043,
              30.0660005
            ],
            [
              31.2664367,
              30.0660664
            ],
            [
              31.2663481,
              30.0661096
            ],
            [
              31.2662481,
              30.0661256
            ],
            [
              31.2661475,
              30.0661126
            ]
          ]
        ]
      },
      "id": "way/35090927"
    },
    {
      "type": "Feature",
      "properties": {
        "@id": "way/35091149",
        "area": "yes",
        "man_made": "water_works",
        "name": "منشية ناصر",
        "name:ar": "منشية ناصر",
        "name:en": "Manshiet Naser Water plant"
      },
      "geometry": {
        "type": "Polygon",
        "coordinates": [
          [
            [
              31.2686862,
              30.0349377
            ],
            [
              31.2682399,
              30.0345365
            ],
            [
              31.2677421,
              30.0337786
            ],
            [
              31.2675962,
              30.0334368
            ],
            [
              31.2675103,
              30.0328869
            ],
            [
              31.2684287,
              30.0327309
            ],
            [
              31.2689265,
              30.0328349
            ],
            [
              31.2691325,
              30.0330132
            ],
            [
              31.2695188,
              30.0339123
            ],
            [
              31.2686862,
              30.0349377
            ]
          ]
        ]
      },
      "id": "way/35091149"
    },
    {
      "type": "Feature",
      "properties": {
        "@id": "way/36052852",
        "addr:city": "القاهرة",
        "alt_name": "تلفزيون و راديو ماسبيرو",
        "amenity": "studio",
        "building": "yes",
        "building:levels": "10",
        "name": "تلفزيون وراديو ماسبيرو",
        "name:ar": "تلفزيون وراديو ماسبيرو",
        "name:en": "Maspiro, Radio & TV building",
        "name:fa": "تلویزیون و رادیو ماسپرو",
        "roof:shape": "flat",
        "studio": "television"
      },
      "geometry": {
        "type": "Polygon",
        "coordinates": [
          [
            [
              31.2314871,
              30.0543727
            ],
            [
              31.230465,
              30.0535092
            ],
            [
              31.2304496,
              30.0535263
            ],
            [
              31.2304297,
              30.05351
            ],
            [
              31.2304557,
              30.0534892
            ],
            [
              31.2303911,
              30.0534281
            ],
            [
              31.2303243,
              30.0533097
            ],
            [
              31.230312,
              30.053192
            ],
            [
              31.2303337,
              30.0530527
            ],
            [
              31.2303871,
              30.0529581
            ],
            [
              31.2304782,
              30.0528695
            ],
            [
              31.2305616,
              30.0528152
            ],
            [
              31.2306684,
              30.0527831
            ],
            [
              31.2307842,
              30.0527663
            ],
            [
              31.2309673,
              30.0528091
            ],
            [
              31.2310876,
              30.0528895
            ],
            [
              31.2311117,
              30.0528677
            ],
            [
              31.2311233,
              30.0528757
            ],
            [
              31.2311115,
              30.0528877
            ],
            [
              31.2311974,
              30.0529628
            ],
            [
              31.2320132,
              30.0535947
            ],
            [
              31.2317499,
              30.0538413
            ],
            [
              31.2319055,
              30.0539662
            ],
            [
              31.2314871,
              30.0543727
            ]
          ]
        ]
      },
      "id": "way/36052852"
    },
    {
      "type": "Feature",
      "properties": {
        "@id": "way/95977922",
        "leisure": "stadium",
        "name": "ملعب ميت عقبة",
        "name:en": "Mit Okba Stadium"
      },
      "geometry": {
        "type": "Polygon",
        "coordinates": [
          [
            [
              31.2022225,
              30.0630322
            ],
            [
              31.2022447,
              30.0629241
            ],
            [
              31.2022209,
              30.0628117
            ],
            [
              31.2022349,
              30.0627037
            ],
            [
              31.2022469,
              30.0625974
            ],
            [
              31.2022125,
              30.0625946
            ],
            [
              31.2022668,
              30.0621903
            ],
            [
              31.2023109,
              30.0621913
            ],
            [
              31.202325,
              30.062064
            ],
            [
              31.2023697,
              30.0619275
            ],
            [
              31.2024272,
              30.0618349
            ],
            [
              31.2024917,
              30.0617706
            ],
            [
              31.202555,
              30.0618375
            ],
            [
              31.2026788,
              30.0617718
            ],
            [
              31.202858,
              30.061735
            ],
            [
              31.2030171,
              30.0617481
            ],
            [
              31.2031639,
              30.0618036
            ],
            [
              31.2032817,
              30.0618875
            ],
            [
              31.2033752,
              30.0620208
            ],
            [
              31.2033852,
              30.0620937
            ],
            [
              31.2034809,
              30.0620955
            ],
            [
              31.2034846,
              30.0620034
            ],
            [
              31.2036262,
              30.0620038
            ],
            [
              31.2036172,
              30.0621059
            ],
            [
              31.2036136,
              30.0622189
            ],
            [
              31.2034829,
              30.0629022
            ],
            [
              31.2034536,
              30.0630159
            ],
            [
              31.2032293,
              30.0630001
            ],
            [
              31.2031443,
              30.0630872
            ],
            [
              31.2030232,
              30.0631575
            ],
            [
              31.2028563,
              30.0631926
            ],
            [
              31.2026987,
              30.0631715
            ],
            [
              31.2025714,
              30.0631346
            ],
            [
              31.2024809,
              30.0630842
            ],
            [
              31.2024036,
              30.063026
            ],
            [
              31.2023344,
              30.0630809
            ],
            [
              31.2022225,
              30.0630322
            ]
          ]
        ]
      },
      "id": "way/95977922"
    },
    {
      "type": "Feature",
      "properties": {
        "@id": "way/98388930",
        "alt_name:ar": "نزله السمان و السيسي",
        "boundary": "administrative",
        "name": "نزلة السمان والسيسي",
        "name:ar": "نزلة السمان والسيسي",
        "name:en": "Nazlet Al Siman and Al Sisi",
        "place": "neighbourhood",
        "wikidata": "Q12248267",
        "wikimedia_commons": "Category:Nazlet el-Samman",
        "wikipedia": "ar:نزلة السمان"
      },
      "geometry": {
        "type": "Polygon",
        "coordinates": [
          [
            [
              31.1569899,
              29.9807877
            ],
            [
              31.157422,
              29.9812237
            ],
            [
              31.1567116,
              29.9818569
            ],
            [
              31.1560343,
              29.9824458
            ],
            [
              31.1550965,
              29.9832635
            ],
            [
              31.1543497,
              29.983911
            ],
            [
              31.1530344,
              29.9850514
            ],
            [
              31.1527179,
              29.9853258
            ],
            [
              31.1524962,
              29.9855158
            ],
            [
              31.1521795,
              29.9857912
            ],
            [
              31.1519242,
              29.9860264
            ],
            [
              31.151742,
              29.9862035
            ],
            [
              31.1515642,
              29.986384
            ],
            [
              31.151323,
              29.9867102
            ],
            [
              31.1512069,
              29.9868562
            ],
            [
              31.1510966,
              29.9870054
            ],
            [
              31.150992,
              29.9871578
            ],
            [
              31.1508933,
              29.9873131
            ],
            [
              31.1508007,
              29.9874713
            ],
            [
              31.1507142,
              29.987632
            ],
            [
              31.1506339,
              29.9877952
            ],
            [
              31.15056,
              29.9879606
            ],
            [
              31.1496229,
              29.9898515
            ],
            [
              31.1493559,
              29.9898007
            ],
            [
              31.1493884,
              29.9897328
            ],
            [
              31.147956,
              29.9891933
            ],
            [
              31.145925,
              29.9884496
            ],
            [
              31.1409852,
              29.9866915
            ],
            [
              31.1382217,
              29.9856047
            ],
            [
              31.1360127,
              29.9847552
            ],
            [
              31.1355944,
              29.9846007
            ],
            [
              31.1348772,
              29.9843126
            ],
            [
              31.1346257,
              29.9842084
            ],
            [
              31.1342646,
              29.9840887
            ],
            [
              31.1340404,
              29.9840068
            ],
            [
              31.133851,
              29.9839203
            ],
            [
              31.13345,
              29.9837591
            ],
            [
              31.1332044,
              29.9836232
            ],
            [
              31.1331255,
              29.9835683
            ],
            [
              31.1330744,
              29.9835106
            ],
            [
              31.1330041,
              29.9834305
            ],
            [
              31.1329554,
              29.9833646
            ],
            [
              31.1329245,
              29.9833095
            ],
            [
              31.1328175,
              29.9831038
            ],
            [
              31.1327397,
              29.9829573
            ],
            [
              31.1327095,
              29.9828722
            ],
            [
              31.1326934,
              29.98278
            ],
            [
              31.1327041,
              29.9826559
            ],
            [
              31.1327305,
              29.9825813
            ],
            [
              31.1327672,
              29.9824883
            ],
            [
              31.1327857,
              29.9824506
            ],
            [
              31.132807,
              29.9824126
            ],
            [
              31.1328753,
              29.9823251
            ],
            [
              31.1330059,
              29.9821735
            ],
            [
              31.1337644,
              29.9813189
            ],
            [
              31.1341122,
              29.9810694
            ],
            [
              31.1338754,
              29.9808619
            ],
            [
              31.133761,
              29.9807751
            ],
            [
              31.1335188,
              29.9805953
            ],
            [
              31.1332751,
              29.9805037
            ],
            [
              31.1329788,
              29.9803729
            ],
            [
              31.1328601,
              29.9802921
            ],
            [
              31.1328155,
              29.9801378
            ],
            [
              31.1328288,
              29.9781113
            ],
            [
              31.1328375,
              29.9777454
            ],
            [
              31.1330801,
              29.9774522
            ],
            [
              31.1333052,
              29.9773713
            ],
            [
              31.133887,
              29.9773332
            ],
            [
              31.1342885,
              29.9772655
            ],
            [
              31.135465,
              29.9768308
            ],
            [
              31.1367953,
              29.9761745
            ],
            [
              31.1369609,
              29.9761151
            ],
            [
              31.137001,
              29.9750046
            ],
            [
              31.1376906,
              29.9748604
            ],
            [
              31.1378756,
              29.9742005
            ],
            [
              31.1380593,
              29.9741735
            ],
            [
              31.1380787,
              29.974145
            ],
            [
              31.1381093,
              29.9740455
            ],
            [
              31.1379399,
              29.9738931
            ],
            [
              31.1375966,
              29.9736345
            ],
            [
              31.1371705,
              29.9734357
            ],
            [
              31.1367777,
              29.9733951
            ],
            [
              31.1363836,
              29.9733443
            ],
            [
              31.1360582,
              29.9731723
            ],
            [
              31.1358604,
              29.9730729
            ],
            [
              31.1365392,
              29.9704992
            ],
            [
              31.136742,
              29.9697262
            ],
            [
              31.1409061,
              29.9701546
            ],
            [
              31.1412715,
              29.9682023
            ],
            [
              31.1398607,
              29.9644584
            ],
            [
              31.1404873,
              29.962985
            ],
            [
              31.1409528,
              29.9613704
            ],
            [
              31.1413265,
              29.9589684
            ],
            [
              31.1421346,
              29.9562143
            ],
            [
              31.1425378,
              29.9549913
            ],
            [
              31.1427458,
              29.9542139
            ],
            [
              31.1428565,
              29.9539225
            ],
            [
              31.1432213,
              29.9529621
            ],
            [
              31.1437595,
              29.9518397
            ],
            [
              31.143905,
              29.9515269
            ],
            [
              31.1448079,
              29.9521969
            ],
            [
              31.1470851,
              29.9529894
            ],
            [
              31.154081,
              29.9552986
            ],
            [
              31.1527567,
              29.9574153
            ],
            [
              31.1499336,
              29.9618538
            ],
            [
              31.1471072,
              29.9663224
            ],
            [
              31.1470247,
              29.9664453
            ],
            [
              31.146949,
              29.9665693
            ],
            [
              31.1468674,
              29.9666932
            ],
            [
              31.1467923,
              29.9668201
            ],
            [
              31.1467238,
              29.9669498
            ],
            [
              31.1466619,
              29.9670821
            ],
            [
              31.1466069,
              29.9672166
            ],
            [
              31.1465588,
              29.9673531
            ],
            [
              31.1455625,
              29.9716126
            ],
            [
              31.1450681,
              29.9737263
            ],
            [
              31.1448235,
              29.9747826
            ],
            [
              31.1447006,
              29.9753132
            ],
            [
              31.1445723,
              29.9758031
            ],
            [
              31.1471945,
              29.976441
            ],
            [
              31.1490781,
              29.9768839
            ],
            [
              31.152598,
              29.9777307
            ],
            [
              31.1529192,
              29.9778391
            ],
            [
              31.1531045,
              29.9779863
            ],
            [
              31.1532704,
              29.9781491
            ],
            [
              31.1534382,
              29.9784271
            ],
            [
              31.1534714,
              29.978558
            ],
            [
              31.1534869,
              29.9786443
            ],
            [
              31.1534954,
              29.9787429
            ],
            [
              31.1534952,
              29.9788243
            ],
            [
              31.1534191,
              29.9791682
            ],
            [
              31.1540914,
              29.9794739
            ],
            [
              31.1539723,
              29.979684
            ],
            [
              31.1557513,
              29.9803755
            ],
            [
              31.1558221,
              29.9802583
            ],
            [
              31.1569899,
              29.9807877
            ]
          ]
        ]
      },
      "id": "way/98388930"
    },
    {
      "type": "Feature",
      "properties": {
        "@id": "way/161969009",
        "name": "كهرباء شبرا الخيمة",
        "name:ar": "كهرباء شبرا الخيمة",
        "name:en": "Shobra Al-Kheima Electricity",
        "operator": "Cairo Electricity Production Company",
        "plant:method": "combustion",
        "plant:output:electricity": "1295 MW",
        "plant:source": "gas",
        "power": "plant",
        "source": "http://www.cairoepc.com/",
        "start_date": "1984",
        "wikidata": "Q56359849"
      },
      "geometry": {
        "type": "Polygon",
        "coordinates": [
          [
            [
              31.235741,
              30.1251669
            ],
            [
              31.2356124,
              30.1247285
            ],
            [
              31.2365449,
              30.1232197
            ],
            [
              31.237717,
              30.1221409
            ],
            [
              31.2400101,
              30.1241189
            ],
            [
              31.235741,
              30.1251669
            ]
          ]
        ]
      },
      "id": "way/161969009"
    },
    {
      "type": "Feature",
      "properties": {
        "@id": "way/166492682",
        "amenity": "post_office",
        "name": "Imbaba Post Office",
        "name:ar": "مكتب بريد إمبابة"
      },
      "geometry": {
        "type": "Polygon",
        "coordinates": [
          [
            [
              31.2125335,
              30.0667045
            ],
            [
              31.2126092,
              30.0668423
            ],
            [
              31.2124402,
              30.0669118
            ],
            [
              31.2123645,
              30.0667741
            ],
            [
              31.2125335,
              30.0667045
            ]
          ]
        ]
      },
      "id": "way/166492682"
    },
    {
      "type": "Feature",
      "properties": {
        "@id": "way/186422760",
        "amenity": "police",
        "name": "نقطة شرطة أرض اللواء",
        "name:ar": "نقطة شرطة  أرض اللواء",
        "name:en": "Ard Al-Lewa"
      },
      "geometry": {
        "type": "Polygon",
        "coordinates": [
          [
            [
              31.1887579,
              30.0562374
            ],
            [
              31.1886617,
              30.0565544
            ],
            [
              31.1884897,
              30.05651
            ],
            [
              31.1886125,
              30.0561794
            ],
            [
              31.1887579,
              30.0562374
            ]
          ]
        ]
      },
      "id": "way/186422760"
    },
    {
      "type": "Feature",
      "properties": {
        "@id": "way/186423278",
        "leisure": "pitch",
        "name": "مركز شباب أرض اللواء",
        "name:ar": "مركز شباب أرض اللواء",
        "name:en": "Ard Al-Lewa Youth Centre"
      },
      "geometry": {
        "type": "Polygon",
        "coordinates": [
          [
            [
              31.1880062,
              30.0582179
            ],
            [
              31.1875496,
              30.0596123
            ],
            [
              31.1873815,
              30.0595712
            ],
            [
              31.18744,
              30.0593657
            ],
            [
              31.1872902,
              30.0593309
            ],
            [
              31.1873746,
              30.0590885
            ],
            [
              31.187697,
              30.0583358
            ],
            [
              31.1877881,
              30.058166
            ],
            [
              31.1880062,
              30.0582179
            ]
          ]
        ]
      },
      "id": "way/186423278"
    },
    {
      "type": "Feature",
      "properties": {
        "@id": "way/200849144",
        "name": "القرصاية",
        "name:ar": "القرصاية",
        "name:en": "Qursaya",
        "place": "islet"
      },
      "geometry": {
        "type": "Polygon",
        "coordinates": [
          [
            [
              31.2171851,
              29.9969656
            ],
            [
              31.217072,
              29.9969525
            ],
            [
              31.2170546,
              29.9969026
            ],
            [
              31.2179531,
              29.9951766
            ],
            [
              31.2179899,
              29.995113
            ],
            [
              31.2180357,
              29.995054
            ],
            [
              31.2180899,
              29.9950006
            ],
            [
              31.2181516,
              29.9949536
            ],
            [
              31.2182095,
              29.9949191
            ],
            [
              31.2182715,
              29.9948904
            ],
            [
              31.2183367,
              29.9948677
            ],
            [
              31.2184259,
              29.994853
            ],
            [
              31.2185164,
              29.9948468
            ],
            [
              31.2185875,
              29.9948478
            ],
            [
              31.2186583,
              29.994854
            ],
            [
              31.2187216,
              29.9948723
            ],
            [
              31.2187833,
              29.994913
            ],
            [
              31.2188087,
              29.9949943
            ],
            [
              31.2188571,
              29.9949873
            ],
            [
              31.2189018,
              29.995075
            ],
            [
              31.2189402,
              29.995165
            ],
            [
              31.2189754,
              29.995268
            ],
            [
              31.2190024,
              29.9953729
            ],
            [
              31.2190434,
              29.9953717
            ],
            [
              31.2191279,
              29.9959641
            ],
            [
              31.2188919,
              29.9960129
            ],
            [
              31.218912,
              29.9960849
            ],
            [
              31.2191749,
              29.9960408
            ],
            [
              31.2191821,
              29.9960463
            ],
            [
              31.2191856,
              29.9960541
            ],
            [
              31.2191847,
              29.9960621
            ],
            [
              31.2191799,
              29.9960689
            ],
            [
              31.2191722,
              29.9960733
            ],
            [
              31.2189583,
              29.9961023
            ],
            [
              31.2189462,
              29.9961032
            ],
            [
              31.2189353,
              29.9961077
            ],
            [
              31.2189268,
              29.9961151
            ],
            [
              31.2189214,
              29.9961255
            ],
            [
              31.218921,
              29.9961369
            ],
            [
              31.2189254,
              29.9961476
            ],
            [
              31.218967,
              29.996233
            ],
            [
              31.2189945,
              29.99621
            ],
            [
              31.219026,
              29.9961912
            ],
            [
              31.2190492,
              29.996181
            ],
            [
              31.2190736,
              29.9961732
            ],
            [
              31.2192131,
              29.9961621
            ],
            [
              31.2192279,
              29.9961612
            ],
            [
              31.2192417,
              29.9961662
            ],
            [
              31.2192515,
              29.9961758
            ],
            [
              31.2192553,
              29.9961883
            ],
            [
              31.2192528,
              29.9962001
            ],
            [
              31.2192449,
              29.9962099
            ],
            [
              31.2192329,
              29.996216
            ],
            [
              31.2192191,
              29.9962173
            ],
            [
              31.2190998,
              29.9962185
            ],
            [
              31.2189831,
              29.9962527
            ],
            [
              31.2190247,
              29.996334
            ],
            [
              31.2190392,
              29.9963215
            ],
            [
              31.219057,
              29.9963128
            ],
            [
              31.219077,
              29.9963085
            ],
            [
              31.2191024,
              29.9963098
            ],
            [
              31.2191259,
              29.9963183
            ],
            [
              31.2191353,
              29.9963294
            ],
            [
              31.2192667,
              29.9962835
            ],
            [
              31.2192828,
              29.9962934
            ],
            [
              31.2192895,
              29.996316
            ],
            [
              31.2192801,
              29.9963497
            ],
            [
              31.2190766,
              29.9963865
            ],
            [
              31.2191073,
              29.9964766
            ],
            [
              31.2190744,
              29.996485
            ],
            [
              31.2190475,
              29.9964926
            ],
            [
              31.2190448,
              29.9965135
            ],
            [
              31.2190857,
              29.9966047
            ],
            [
              31.2192762,
              29.9965352
            ],
            [
              31.2192889,
              29.9965332
            ],
            [
              31.2192982,
              29.9965339
            ],
            [
              31.2193059,
              29.9965386
            ],
            [
              31.2193096,
              29.996546
            ],
            [
              31.2193085,
              29.996554
            ],
            [
              31.2193029,
              29.9965604
            ],
            [
              31.2192932,
              29.9965657
            ],
            [
              31.2191118,
              29.9966221
            ],
            [
              31.2191407,
              29.9966842
            ],
            [
              31.2193418,
              29.9966348
            ],
            [
              31.219427,
              29.9968062
            ],
            [
              31.219085,
              29.9968602
            ],
            [
              31.2190555,
              29.9968503
            ],
            [
              31.2190522,
              29.996841
            ],
            [
              31.2190045,
              29.996852
            ],
            [
              31.2190086,
              29.9968596
            ],
            [
              31.2189972,
              29.9968712
            ],
            [
              31.2189744,
              29.9968759
            ],
            [
              31.2185961,
              29.9969058
            ],
            [
              31.2185569,
              29.9967754
            ],
            [
              31.2183179,
              29.9968689
            ],
            [
              31.218283,
              29.9969107
            ],
            [
              31.2182286,
              29.9969409
            ],
            [
              31.2181632,
              29.9969618
            ],
            [
              31.218093,
              29.9969727
            ],
            [
              31.2176836,
              29.9970071
            ],
            [
              31.2174381,
              29.9970106
            ],
            [
              31.217273,
              29.9969757
            ],
            [
              31.2174894,
              29.9965786
            ],
            [
              31.2175921,
              29.9963901
            ],
            [
              31.2176584,
              29.9962633
            ],
            [
              31.2177332,
              29.9961401
            ],
            [
              31.2178164,
              29.9960211
            ],
            [
              31.21789,
              29.9959275
            ],
            [
              31.2179688,
              29.9958372
            ],
            [
              31.2180524,
              29.9957502
            ],
            [
              31.2181087,
              29.9957002
            ],
            [
              31.2181639,
              29.9956611
            ],
            [
              31.2182236,
              29.9956273
            ],
            [
              31.2182871,
              29.9955993
            ],
            [
              31.2183701,
              29.9955665
            ],
            [
              31.2183434,
              29.9954497
            ],
            [
              31.2182615,
              29.9954697
            ],
            [
              31.2181828,
              29.9954978
            ],
            [
              31.2181199,
              29.9955277
            ],
            [
              31.2180607,
              29.9955629
            ],
            [
              31.2180038,
              29.9956137
            ],
            [
              31.2179317,
              29.9957046
            ],
            [
              31.2178154,
              29.9958588
            ],
            [
              31.2177043,
              29.9960219
            ],
            [
              31.2175962,
              29.9961993
            ],
            [
              31.2174974,
              29.996374
            ],
            [
              31.2171851,
              29.9969656
            ]
          ]
        ]
      },
      "id": "way/200849144"
    },
    {
      "type": "Feature",
      "properties": {
        "@id": "way/200849146",
        "name": "القرصاية",
        "name:ar": "القرصاية",
        "name:en": "Qursaya",
        "place": "islet"
      },
      "geometry": {
        "type": "Polygon",
        "coordinates": [
          [
            [
              31.2189026,
              29.9985118
            ],
            [
              31.2188996,
              29.9984999
            ],
            [
              31.2188905,
              29.9984874
            ],
            [
              31.2188255,
              29.998211
            ],
            [
              31.218739,
              29.9978666
            ],
            [
              31.2187189,
              29.9977893
            ],
            [
              31.21857,
              29.9971918
            ],
            [
              31.2185405,
              29.9970344
            ],
            [
              31.2187102,
              29.997021
            ],
            [
              31.2187953,
              29.9970292
            ],
            [
              31.2188959,
              29.9970207
            ],
            [
              31.2189268,
              29.9970126
            ],
            [
              31.2189549,
              29.9970268
            ],
            [
              31.2190193,
              29.9971442
            ],
            [
              31.2190126,
              29.9972092
            ],
            [
              31.2191192,
              29.9976633
            ],
            [
              31.2192231,
              29.9976488
            ],
            [
              31.2192415,
              29.9976438
            ],
            [
              31.2192577,
              29.9976349
            ],
            [
              31.2192708,
              29.9976227
            ],
            [
              31.21928,
              29.9976076
            ],
            [
              31.2192843,
              29.9975909
            ],
            [
              31.2192835,
              29.9975739
            ],
            [
              31.2191774,
              29.9971997
            ],
            [
              31.2191427,
              29.9970774
            ],
            [
              31.2191374,
              29.9970424
            ],
            [
              31.2191373,
              29.9970071
            ],
            [
              31.2191406,
              29.9969808
            ],
            [
              31.2191467,
              29.9969548
            ],
            [
              31.2194293,
              29.9969456
            ],
            [
              31.2194431,
              29.9969474
            ],
            [
              31.2194552,
              29.9969508
            ],
            [
              31.2194647,
              29.9969614
            ],
            [
              31.219513,
              29.9971632
            ],
            [
              31.2195494,
              29.9973154
            ],
            [
              31.2195708,
              29.9974049
            ],
            [
              31.2195873,
              29.9974958
            ],
            [
              31.2196333,
              29.9976734
            ],
            [
              31.2196843,
              29.9978705
            ],
            [
              31.2197354,
              29.9980483
            ],
            [
              31.219777,
              29.9982172
            ],
            [
              31.2198052,
              29.9983317
            ],
            [
              31.2197898,
              29.9983538
            ],
            [
              31.2197388,
              29.9983794
            ],
            [
              31.2195725,
              29.9984142
            ],
            [
              31.2195306,
              29.9982798
            ],
            [
              31.2194706,
              29.9980873
            ],
            [
              31.2194464,
              29.9980274
            ],
            [
              31.2194015,
              29.9978875
            ],
            [
              31.219366,
              29.9977197
            ],
            [
              31.2192164,
              29.9977545
            ],
            [
              31.2192258,
              29.9977986
            ],
            [
              31.2191983,
              29.9978062
            ],
            [
              31.219284,
              29.9981153
            ],
            [
              31.2193566,
              29.9982092
            ],
            [
              31.2194491,
              29.9984392
            ],
            [
              31.2194391,
              29.9984583
            ],
            [
              31.2192789,
              29.9985023
            ],
            [
              31.2192486,
              29.9985106
            ],
            [
              31.2192429,
              29.9985016
            ],
            [
              31.2192124,
              29.9985106
            ],
            [
              31.219206,
              29.9985211
            ],
            [
              31.2191975,
              29.998523
            ],
            [
              31.2189918,
              29.9985681
            ],
            [
              31.2189711,
              29.998569
            ],
            [
              31.2189509,
              29.9985652
            ],
            [
              31.2189351,
              29.9985585
            ],
            [
              31.2189214,
              29.9985489
            ],
            [
              31.2188986,
              29.9985245
            ],
            [
              31.2189026,
              29.9985118
            ]
          ]
        ]
      },
      "id": "way/200849146"
    },
    {
      "type": "Feature",
      "properties": {
        "@id": "way/252279604",
        "building": "commercial",
        "name": "سنترال الوراق",
        "name:ar": "سنترال الوراق"
      },
      "geometry": {
        "type": "Polygon",
        "coordinates": [
          [
            [
              31.2178358,
              30.0950727
            ],
            [
              31.2178583,
              30.0953517
            ],
            [
              31.2178077,
              30.0953572
            ],
            [
              31.2178022,
              30.0953275
            ],
            [
              31.2177044,
              30.0953257
            ],
            [
              31.2176968,
              30.095348
            ],
            [
              31.2175486,
              30.0953549
            ],
            [
              31.2175517,
              30.0953194
            ],
            [
              31.2175125,
              30.0953202
            ],
            [
              31.2175187,
              30.0953587
            ],
            [
              31.2174819,
              30.0953638
            ],
            [
              31.2174674,
              30.09531
            ],
            [
              31.2174764,
              30.0952674
            ],
            [
              31.2176549,
              30.0952443
            ],
            [
              31.2177174,
              30.0952272
            ],
            [
              31.2176906,
              30.0951277
            ],
            [
              31.2174177,
              30.0951531
            ],
            [
              31.21743,
              30.0950857
            ],
            [
              31.2178358,
              30.0950727
            ]
          ]
        ]
      },
      "id": "way/252279604"
    },
    {
      "type": "Feature",
      "properties": {
        "@id": "way/284824261",
        "building": "transportation",
        "layer": "1",
        "name": "محطة مترو بولاق الدكرور",
        "name:en": "Bulaq El-Dakroor metro station"
      },
      "geometry": {
        "type": "Polygon",
        "coordinates": [
          [
            [
              31.1951915,
              30.0379421
            ],
            [
              31.1956183,
              30.0371111
            ],
            [
              31.1956336,
              30.037117
            ],
            [
              31.1957823,
              30.0371743
            ],
            [
              31.1956703,
              30.0373925
            ],
            [
              31.1954663,
              30.0377895
            ],
            [
              31.1953555,
              30.0380052
            ],
            [
              31.1951915,
              30.0379421
            ]
          ]
        ]
      },
      "id": "way/284824261"
    },
    {
      "type": "Feature",
      "properties": {
        "@id": "way/363319622",
        "boundary": "administrative",
        "name": "عزبة الهجانة",
        "name:ar": "عزبة الهجانة",
        "name:en": "Ezbet El Hagana",
        "place": "neighbourhood"
      },
      "geometry": {
        "type": "Polygon",
        "coordinates": [
          [
            [
              31.3999786,
              30.0513613
            ],
            [
              31.40021,
              30.051391
            ],
            [
              31.4004417,
              30.0514192
            ],
            [
              31.4006736,
              30.0514458
            ],
            [
              31.4009057,
              30.0514709
            ],
            [
              31.4011381,
              30.0514945
            ],
            [
              31.4013706,
              30.0515165
            ],
            [
              31.4016034,
              30.051537
            ],
            [
              31.4018363,
              30.051556
            ],
            [
              31.4020694,
              30.0515734
            ],
            [
              31.4030777,
              30.0516399
            ],
            [
              31.4031113,
              30.0516513
            ],
            [
              31.4031415,
              30.0516698
            ],
            [
              31.4031676,
              30.0516927
            ],
            [
              31.4031886,
              30.0517192
            ],
            [
              31.4032039,
              30.0517485
            ],
            [
              31.4032131,
              30.0517796
            ],
            [
              31.4032158,
              30.0518116
            ],
            [
              31.4028766,
              30.0540075
            ],
            [
              31.4028585,
              30.0541375
            ],
            [
              31.4028455,
              30.054268
            ],
            [
              31.4028377,
              30.0543988
            ],
            [
              31.4028351,
              30.0545298
            ],
            [
              31.4028377,
              30.0546608
            ],
            [
              31.4028455,
              30.0547916
            ],
            [
              31.4028585,
              30.0549221
            ],
            [
              31.4028766,
              30.0550521
            ],
            [
              31.4028999,
              30.0551815
            ],
            [
              31.4029284,
              30.0553101
            ],
            [
              31.4029619,
              30.0554379
            ],
            [
              31.4030005,
              30.0555645
            ],
            [
              31.4030441,
              30.0556899
            ],
            [
              31.4030927,
              30.055814
            ],
            [
              31.4031461,
              30.0559365
            ],
            [
              31.4032044,
              30.0560574
            ],
            [
              31.4032674,
              30.0561765
            ],
            [
              31.4033352,
              30.0562936
            ],
            [
              31.403553,
              30.0567234
            ],
            [
              31.4035649,
              30.0567541
            ],
            [
              31.4035722,
              30.0567859
            ],
            [
              31.4035747,
              30.0568182
            ],
            [
              31.4035724,
              30.0568505
            ],
            [
              31.4035653,
              30.0568823
            ],
            [
              31.4035563,
              30.0569131
            ],
            [
              31.4034748,
              30.0571388
            ],
            [
              31.4034674,
              30.057331
            ],
            [
              31.4028405,
              30.0573431
            ],
            [
              31.4028418,
              30.0574679
            ],
            [
              31.4023335,
              30.0574604
            ],
            [
              31.4022206,
              30.0580309
            ],
            [
              31.4007328,
              30.0578454
            ],
            [
              31.400741,
              30.0577807
            ],
            [
              31.3996478,
              30.0576565
            ],
            [
              31.399545,
              30.0578704
            ],
            [
              31.3991085,
              30.0577387
            ],
            [
              31.3991771,
              30.0575719
            ],
            [
              31.3990121,
              30.0575218
            ],
            [
              31.3989526,
              30.0575039
            ],
            [
              31.3988942,
              30.0574835
            ],
            [
              31.3988371,
              30.0574605
            ],
            [
              31.3987815,
              30.057435
            ],
            [
              31.3987274,
              30.0574071
            ],
            [
              31.3986751,
              30.0573768
            ],
            [
              31.3986246,
              30.0573442
            ],
            [
              31.3985761,
              30.0573095
            ],
            [
              31.3985297,
              30.0572726
            ],
            [
              31.3984879,
              30.0572337
            ],
            [
              31.3984705,
              30.0572184
            ],
            [
              31.3984516,
              30.0572045
            ],
            [
              31.3984314,
              30.0571921
            ],
            [
              31.39841,
              30.0571813
            ],
            [
              31.3983877,
              30.057172
            ],
            [
              31.3980306,
              30.0570619
            ],
            [
              31.3980048,
              30.0570565
            ],
            [
              31.3979785,
              30.0570531
            ],
            [
              31.397952,
              30.0570515
            ],
            [
              31.3979255,
              30.0570511
            ],
            [
              31.3978659,
              30.0570456
            ],
            [
              31.3978071,
              30.0570352
            ],
            [
              31.3977497,
              30.0570201
            ],
            [
              31.3976942,
              30.0570004
            ],
            [
              31.3976411,
              30.0569762
            ],
            [
              31.3975909,
              30.0569479
            ],
            [
              31.3975439,
              30.0569156
            ],
            [
              31.3975006,
              30.0568796
            ],
            [
              31.3974615,
              30.0568403
            ],
            [
              31.3974225,
              30.0567998
            ],
            [
              31.3973903,
              30.0567698
            ],
            [
              31.3973572,
              30.0567404
            ],
            [
              31.3973233,
              30.0567119
            ],
            [
              31.3972885,
              30.0566841
            ],
            [
              31.3972528,
              30.0566571
            ],
            [
              31.3972164,
              30.0566309
            ],
            [
              31.3971792,
              30.0566055
            ],
            [
              31.3971413,
              30.056581
            ],
            [
              31.3971026,
              30.0565574
            ],
            [
              31.3970632,
              30.0565346
            ],
            [
              31.3970232,
              30.0565127
            ],
            [
              31.3969825,
              30.0564918
            ],
            [
              31.3969412,
              30.0564718
            ],
            [
              31.396917,
              30.0564559
            ],
            [
              31.3968953,
              30.0564372
            ],
            [
              31.3968747,
              30.0564175
            ],
            [
              31.3968555,
              30.0563969
            ],
            [
              31.3968375,
              30.0563755
            ],
            [
              31.3968209,
              30.0563532
            ],
            [
              31.3968057,
              30.0563302
            ],
            [
              31.396792,
              30.0563065
            ],
            [
              31.3967797,
              30.0562822
            ],
            [
              31.3966553,
              30.0561046
            ],
            [
              31.3966053,
              30.0560738
            ],
            [
              31.3964186,
              30.0562666
            ],
            [
              31.3951181,
              30.0554392
            ],
            [
              31.3951019,
              30.0554325
            ],
            [
              31.3950851,
              30.0554274
            ],
            [
              31.3950677,
              30.0554238
            ],
            [
              31.3950499,
              30.0554218
            ],
            [
              31.395032,
              30.0554215
            ],
            [
              31.3950142,
              30.0554227
            ],
            [
              31.3949966,
              30.0554256
            ],
            [
              31.3949795,
              30.05543
            ],
            [
              31.394963,
              30.055436
            ],
            [
              31.3949193,
              30.0554545
            ],
            [
              31.3946321,
              30.0552106
            ],
            [
              31.3945616,
              30.0552966
            ],
            [
              31.3945013,
              30.0553554
            ],
            [
              31.3944356,
              30.0554097
            ],
            [
              31.3943652,
              30.0554593
            ],
            [
              31.3942903,
              30.0555038
            ],
            [
              31.3942116,
              30.055543
            ],
            [
              31.3941294,
              30.0555765
            ],
            [
              31.3940453,
              30.055608
            ],
            [
              31.3939808,
              30.0556376
            ],
            [
              31.3939189,
              30.0556731
            ],
            [
              31.3938599,
              30.0557123
            ],
            [
              31.3938042,
              30.0557548
            ],
            [
              31.3937499,
              30.0557989
            ],
            [
              31.3936576,
              30.0558836
            ],
            [
              31.3935624,
              30.0559658
            ],
            [
              31.3934643,
              30.0560454
            ],
            [
              31.3933635,
              30.0561224
            ],
            [
              31.39326,
              30.0561968
            ],
            [
              31.3931539,
              30.0562683
            ],
            [
              31.3930453,
              30.056337
            ],
            [
              31.3929344,
              30.0564028
            ],
            [
              31.3928212,
              30.0564657
            ],
            [
              31.3927058,
              30.0565255
            ],
            [
              31.3925885,
              30.0565825
            ],
            [
              31.3925193,
              30.0566148
            ],
            [
              31.3924513,
              30.0566489
            ],
            [
              31.3923844,
              30.0566848
            ],
            [
              31.3923189,
              30.0567225
            ],
            [
              31.3922548,
              30.0567618
            ],
            [
              31.3921921,
              30.0568029
            ],
            [
              31.3921308,
              30.0568456
            ],
            [
              31.3917148,
              30.0571502
            ],
            [
              31.3915185,
              30.0569847
            ],
            [
              31.391336,
              30.0570978
            ],
            [
              31.3909522,
              30.0567617
            ],
            [
              31.3909362,
              30.0567518
            ],
            [
              31.3909194,
              30.0567428
            ],
            [
              31.3909021,
              30.0567347
            ],
            [
              31.3908841,
              30.0567277
            ],
            [
              31.3908658,
              30.0567213
            ],
            [
              31.390849,
              30.0567158
            ],
            [
              31.3908332,
              30.0567083
            ],
            [
              31.3908187,
              30.056699
            ],
            [
              31.3908038,
              30.0566878
            ],
            [
              31.39073,
              30.0566295
            ],
            [
              31.3904268,
              30.0568646
            ],
            [
              31.3904721,
              30.0569063
            ],
            [
              31.3902625,
              30.0571379
            ],
            [
              31.3902245,
              30.0571779
            ],
            [
              31.3901851,
              30.0572169
            ],
            [
              31.3901442,
              30.0572547
            ],
            [
              31.390102,
              30.0572913
            ],
            [
              31.3900571,
              30.0573251
            ],
            [
              31.3900174,
              30.0573508
            ],
            [
              31.3899742,
              30.0573775
            ],
            [
              31.3899336,
              30.0574072
            ],
            [
              31.3898961,
              30.0574397
            ],
            [
              31.3898618,
              30.0574748
            ],
            [
              31.3898317,
              30.0575129
            ],
            [
              31.3897744,
              30.0575914
            ],
            [
              31.3897547,
              30.0576166
            ],
            [
              31.3897336,
              30.0576401
            ],
            [
              31.3897099,
              30.0576617
            ],
            [
              31.3896838,
              30.0576812
            ],
            [
              31.3896557,
              30.0576984
            ],
            [
              31.3896258,
              30.0577132
            ],
            [
              31.3895944,
              30.0577253
            ],
            [
              31.3894321,
              30.0578009
            ],
            [
              31.3894179,
              30.0578124
            ],
            [
              31.3894047,
              30.0578281
            ],
            [
              31.3893954,
              30.0578457
            ],
            [
              31.3893904,
              30.0578646
            ],
            [
              31.3893899,
              30.0578839
            ],
            [
              31.3893913,
              30.057903
            ],
            [
              31.3894071,
              30.0580621
            ],
            [
              31.3894089,
              30.058077
            ],
            [
              31.3894089,
              30.0580919
            ],
            [
              31.3894071,
              30.0581067
            ],
            [
              31.3894034,
              30.0581213
            ],
            [
              31.389398,
              30.0581354
            ],
            [
              31.3893909,
              30.058149
            ],
            [
              31.3893822,
              30.0581618
            ],
            [
              31.3893736,
              30.0581754
            ],
            [
              31.389365,
              30.0581866
            ],
            [
              31.3893556,
              30.0581974
            ],
            [
              31.3893456,
              30.0582077
            ],
            [
              31.3893349,
              30.0582175
            ],
            [
              31.3893236,
              30.0582267
            ],
            [
              31.3893124,
              30.058236
            ],
            [
              31.3893024,
              30.0582453
            ],
            [
              31.3892949,
              30.0582562
            ],
            [
              31.3892894,
              30.058268
            ],
            [
              31.3892862,
              30.0582803
            ],
            [
              31.3892852,
              30.058293
            ],
            [
              31.3892865,
              30.0583056
            ],
            [
              31.3893032,
              30.0584027
            ],
            [
              31.3893171,
              30.0585001
            ],
            [
              31.3893284,
              30.0585978
            ],
            [
              31.389337,
              30.0586956
            ],
            [
              31.389343,
              30.0587937
            ],
            [
              31.3893463,
              30.0588918
            ],
            [
              31.389347,
              30.0589899
            ],
            [
              31.389345,
              30.059088
            ],
            [
              31.3893403,
              30.0591861
            ],
            [
              31.389333,
              30.059284
            ],
            [
              31.3893231,
              30.0593818
            ],
            [
              31.3893104,
              30.0594793
            ],
            [
              31.3892996,
              30.0595783
            ],
            [
              31.3892453,
              30.0602873
            ],
            [
              31.3892416,
              30.0603394
            ],
            [
              31.3892373,
              30.0603914
            ],
            [
              31.3892324,
              30.0604434
            ],
            [
              31.3892267,
              30.0604953
            ],
            [
              31.3892203,
              30.0605472
            ],
            [
              31.3892133,
              30.060599
            ],
            [
              31.3892055,
              30.0606507
            ],
            [
              31.3891951,
              30.0607006
            ],
            [
              31.3875576,
              30.0608387
            ],
            [
              31.3875511,
              30.0608394
            ],
            [
              31.3875452,
              30.0608419
            ],
            [
              31.3875405,
              30.0608458
            ],
            [
              31.3875374,
              30.0608509
            ],
            [
              31.3875364,
              30.0608565
            ],
            [
              31.3875375,
              30.0608621
            ],
            [
              31.3875405,
              30.0608672
            ],
            [
              31.3875453,
              30.0608711
            ],
            [
              31.3875492,
              30.0608741
            ],
            [
              31.3875812,
              30.0608952
            ],
            [
              31.3876044,
              30.060912
            ],
            [
              31.3876269,
              30.0609296
            ],
            [
              31.3876486,
              30.0609479
            ],
            [
              31.3876695,
              30.0609668
            ],
            [
              31.3876896,
              30.0609864
            ],
            [
              31.3877088,
              30.0610067
            ],
            [
              31.3877284,
              30.0610287
            ],
            [
              31.3877469,
              30.0610514
            ],
            [
              31.3877643,
              30.0610747
            ],
            [
              31.3877807,
              30.0610985
            ],
            [
              31.3877958,
              30.061123
            ],
            [
              31.3878098,
              30.061148
            ],
            [
              31.3878226,
              30.0611734
            ],
            [
              31.3878295,
              30.0611911
            ],
            [
              31.3878377,
              30.0612083
            ],
            [
              31.3878473,
              30.061225
            ],
            [
              31.3878581,
              30.0612411
            ],
            [
              31.3878702,
              30.0612566
            ],
            [
              31.3878835,
              30.0612713
            ],
            [
              31.3878978,
              30.0612852
            ],
            [
              31.3879132,
              30.0612982
            ],
            [
              31.3879296,
              30.0613103
            ],
            [
              31.3879471,
              30.0613212
            ],
            [
              31.387964,
              30.0613324
            ],
            [
              31.3879794,
              30.0613452
            ],
            [
              31.387993,
              30.0613594
            ],
            [
              31.3880047,
              30.0613748
            ],
            [
              31.3880143,
              30.0613912
            ],
            [
              31.3880218,
              30.0614085
            ],
            [
              31.3880269,
              30.0614264
            ],
            [
              31.3880323,
              30.061446
            ],
            [
              31.3880407,
              30.0614802
            ],
            [
              31.3880506,
              30.061514
            ],
            [
              31.3880622,
              30.0615475
            ],
            [
              31.3880753,
              30.0615806
            ],
            [
              31.3880899,
              30.0616132
            ],
            [
              31.3881074,
              30.0616447
            ],
            [
              31.3881183,
              30.0616614
            ],
            [
              31.3881321,
              30.0616763
            ],
            [
              31.3881485,
              30.0616892
            ],
            [
              31.3881669,
              30.0616998
            ],
            [
              31.3881871,
              30.0617077
            ],
            [
              31.3882072,
              30.0617158
            ],
            [
              31.3882263,
              30.0617226
            ],
            [
              31.3882442,
              30.0617314
            ],
            [
              31.3882608,
              30.061742
            ],
            [
              31.3882757,
              30.0617542
            ],
            [
              31.3882888,
              30.061768
            ],
            [
              31.3882999,
              30.061783
            ],
            [
              31.3883281,
              30.0618322
            ],
            [
              31.3883405,
              30.0618555
            ],
            [
              31.3883511,
              30.0618795
            ],
            [
              31.38836,
              30.061904
            ],
            [
              31.388367,
              30.061929
            ],
            [
              31.3884022,
              30.0620662
            ],
            [
              31.3884058,
              30.0620862
            ],
            [
              31.3884087,
              30.0621062
            ],
            [
              31.388411,
              30.0621264
            ],
            [
              31.3884128,
              30.0621465
            ],
            [
              31.3884139,
              30.0621667
            ],
            [
              31.3884145,
              30.0621869
            ],
            [
              31.3884144,
              30.0622072
            ],
            [
              31.3884129,
              30.0622931
            ],
            [
              31.3884095,
              30.0623387
            ],
            [
              31.38841,
              30.0623446
            ],
            [
              31.3884116,
              30.0623504
            ],
            [
              31.3884144,
              30.0623558
            ],
            [
              31.3884181,
              30.0623608
            ],
            [
              31.3884303,
              30.0623736
            ],
            [
              31.3884344,
              30.0623785
            ],
            [
              31.3884375,
              30.0623841
            ],
            [
              31.3884394,
              30.06239
            ],
            [
              31.3884401,
              30.0623961
            ],
            [
              31.3884405,
              30.0624017
            ],
            [
              31.3884458,
              30.0624966
            ],
            [
              31.3884489,
              30.0625563
            ],
            [
              31.3884499,
              30.062616
            ],
            [
              31.3884487,
              30.0626758
            ],
            [
              31.3884453,
              30.0627355
            ],
            [
              31.3884397,
              30.0627951
            ],
            [
              31.388432,
              30.0628544
            ],
            [
              31.3884221,
              30.0629136
            ],
            [
              31.3884106,
              30.0629725
            ],
            [
              31.3883986,
              30.0630191
            ],
            [
              31.388388,
              30.0630658
            ],
            [
              31.3883788,
              30.0631128
            ],
            [
              31.388371,
              30.06316
            ],
            [
              31.3883645,
              30.0632073
            ],
            [
              31.3883594,
              30.0632548
            ],
            [
              31.3883557,
              30.0633024
            ],
            [
              31.3883327,
              30.0634995
            ],
            [
              31.3883243,
              30.0635585
            ],
            [
              31.3883151,
              30.0636174
            ],
            [
              31.388305,
              30.0636761
            ],
            [
              31.388294,
              30.0637348
            ],
            [
              31.3882836,
              30.0637934
            ],
            [
              31.3882727,
              30.0638538
            ],
            [
              31.3882609,
              30.0639129
            ],
            [
              31.388248,
              30.0639682
            ],
            [
              31.3882384,
              30.0640161
            ],
            [
              31.38823,
              30.0640643
            ],
            [
              31.3882242,
              30.0641128
            ],
            [
              31.388221,
              30.0641615
            ],
            [
              31.3882204,
              30.0642103
            ],
            [
              31.3882224,
              30.0642591
            ],
            [
              31.3882271,
              30.0643077
            ],
            [
              31.3882308,
              30.0643562
            ],
            [
              31.3882342,
              30.0644155
            ],
            [
              31.3882358,
              30.064475
            ],
            [
              31.3882356,
              30.0645344
            ],
            [
              31.3882335,
              30.0645939
            ],
            [
              31.3882296,
              30.0646532
            ],
            [
              31.3882239,
              30.0647125
            ],
            [
              31.3882163,
              30.0647716
            ],
            [
              31.3882069,
              30.0648305
            ],
            [
              31.3881956,
              30.0648891
            ],
            [
              31.3881826,
              30.0649474
            ],
            [
              31.3881586,
              30.0649476
            ],
            [
              31.3881347,
              30.0649501
            ],
            [
              31.3881112,
              30.0649547
            ],
            [
              31.3880884,
              30.0649615
            ],
            [
              31.3880666,
              30.0649703
            ],
            [
              31.3880461,
              30.0649811
            ],
            [
              31.3880269,
              30.0649938
            ],
            [
              31.3880094,
              30.0650081
            ],
            [
              31.3879924,
              30.0650229
            ],
            [
              31.387969,
              30.0650445
            ],
            [
              31.3879467,
              30.0650669
            ],
            [
              31.3879256,
              30.0650902
            ],
            [
              31.3879057,
              30.0651142
            ],
            [
              31.387887,
              30.065139
            ],
            [
              31.3878696,
              30.0651645
            ],
            [
              31.3878535,
              30.0651906
            ],
            [
              31.3878388,
              30.0652172
            ],
            [
              31.387824,
              30.0652444
            ],
            [
              31.3878104,
              30.065271
            ],
            [
              31.3877986,
              30.0652942
            ],
            [
              31.3877843,
              30.0653163
            ],
            [
              31.3877675,
              30.065337
            ],
            [
              31.3877484,
              30.0653562
            ],
            [
              31.3877272,
              30.0653736
            ],
            [
              31.387704,
              30.0653891
            ],
            [
              31.3876792,
              30.0654026
            ],
            [
              31.387653,
              30.0654138
            ],
            [
              31.387623,
              30.0654252
            ],
            [
              31.3875776,
              30.0654431
            ],
            [
              31.3875464,
              30.0654585
            ],
            [
              31.3875176,
              30.065477
            ],
            [
              31.3874917,
              30.0654985
            ],
            [
              31.387469,
              30.0655226
            ],
            [
              31.3874499,
              30.065549
            ],
            [
              31.3874347,
              30.0655771
            ],
            [
              31.3874236,
              30.0656067
            ],
            [
              31.3874169,
              30.0656372
            ],
            [
              31.3874145,
              30.0656683
            ],
            [
              31.3874173,
              30.0656993
            ],
            [
              31.3874229,
              30.0657343
            ],
            [
              31.3874281,
              30.0657695
            ],
            [
              31.3874327,
              30.0658048
            ],
            [
              31.3874367,
              30.0658401
            ],
            [
              31.38744,
              30.0658754
            ],
            [
              31.3874428,
              30.0659108
            ],
            [
              31.387445,
              30.0659462
            ],
            [
              31.3874472,
              30.0659817
            ],
            [
              31.3874488,
              30.0660171
            ],
            [
              31.3874494,
              30.066037
            ],
            [
              31.3874524,
              30.0660568
            ],
            [
              31.3874577,
              30.0660761
            ],
            [
              31.3874653,
              30.0660949
            ],
            [
              31.387475,
              30.0661129
            ],
            [
              31.3874869,
              30.0661299
            ],
            [
              31.3875008,
              30.0661458
            ],
            [
              31.3875161,
              30.0661606
            ],
            [
              31.3875281,
              30.0661766
            ],
            [
              31.3875376,
              30.0661938
            ],
            [
              31.3875446,
              30.0662119
            ],
            [
              31.3875489,
              30.0662306
            ],
            [
              31.3875504,
              30.0662497
            ],
            [
              31.3875491,
              30.0662687
            ],
            [
              31.3875451,
              30.0662875
            ],
            [
              31.3875132,
              30.0665179
            ],
            [
              31.3875086,
              30.0665445
            ],
            [
              31.387502,
              30.0665709
            ],
            [
              31.3874934,
              30.0665968
            ],
            [
              31.3874826,
              30.0666221
            ],
            [
              31.3874753,
              30.0666393
            ],
            [
              31.3874695,
              30.0666569
            ],
            [
              31.3874652,
              30.0666748
            ],
            [
              31.3874638,
              30.0666923
            ],
            [
              31.387463,
              30.0667112
            ],
            [
              31.3874499,
              30.0668073
            ],
            [
              31.3874355,
              30.0669032
            ],
            [
              31.3874197,
              30.066999
            ],
            [
              31.3874026,
              30.0670946
            ],
            [
              31.3873841,
              30.06719
            ],
            [
              31.3873642,
              30.0672852
            ],
            [
              31.3873457,
              30.0673802
            ],
            [
              31.3873238,
              30.0675503
            ],
            [
              31.3873158,
              30.0677776
            ],
            [
              31.3873062,
              30.0680048
            ],
            [
              31.3872925,
              30.0682319
            ],
            [
              31.3872746,
              30.0684588
            ],
            [
              31.3872526,
              30.0686854
            ],
            [
              31.3872264,
              30.0689116
            ],
            [
              31.3872246,
              30.069052
            ],
            [
              31.3872258,
              30.0691923
            ],
            [
              31.3872315,
              30.0693326
            ],
            [
              31.3872419,
              30.0694726
            ],
            [
              31.387257,
              30.0696123
            ],
            [
              31.3872766,
              30.0697515
            ],
            [
              31.3873009,
              30.0698902
            ],
            [
              31.3873297,
              30.0700283
            ],
            [
              31.3873631,
              30.0701656
            ],
            [
              31.3873985,
              30.0702928
            ],
            [
              31.3874287,
              30.070421
            ],
            [
              31.3874537,
              30.07055
            ],
            [
              31.3874737,
              30.0706797
            ],
            [
              31.3874926,
              30.0707732
            ],
            [
              31.3875145,
              30.0708663
            ],
            [
              31.3875394,
              30.0709588
            ],
            [
              31.3875672,
              30.0710506
            ],
            [
              31.3876454,
              30.0712998
            ],
            [
              31.387658,
              30.0713441
            ],
            [
              31.3876684,
              30.0713889
            ],
            [
              31.3876766,
              30.0714341
            ],
            [
              31.3876825,
              30.0714795
            ],
            [
              31.3876862,
              30.071525
            ],
            [
              31.3876889,
              30.0715608
            ],
            [
              31.3877044,
              30.071662
            ],
            [
              31.3877107,
              30.0716793
            ],
            [
              31.3877216,
              30.0716949
            ],
            [
              31.3877365,
              30.0717077
            ],
            [
              31.3877545,
              30.0717171
            ],
            [
              31.3877744,
              30.0717227
            ],
            [
              31.3878277,
              30.0717348
            ],
            [
              31.3878813,
              30.0717459
            ],
            [
              31.3879351,
              30.0717561
            ],
            [
              31.3879892,
              30.0717652
            ],
            [
              31.3880434,
              30.0717734
            ],
            [
              31.3880979,
              30.0717807
            ],
            [
              31.3881837,
              30.0717945
            ],
            [
              31.3881961,
              30.0717976
            ],
            [
              31.3882067,
              30.0718036
            ],
            [
              31.3882145,
              30.0718124
            ],
            [
              31.3882185,
              30.0718228
            ],
            [
              31.3882183,
              30.0718339
            ],
            [
              31.3881735,
              30.0720669
            ],
            [
              31.3883142,
              30.0721225
            ],
            [
              31.3883117,
              30.0721467
            ],
            [
              31.3883082,
              30.0721708
            ],
            [
              31.3883037,
              30.0721947
            ],
            [
              31.3882983,
              30.0722186
            ],
            [
              31.388292,
              30.0722422
            ],
            [
              31.3882847,
              30.0722657
            ],
            [
              31.3882766,
              30.0722889
            ],
            [
              31.3882675,
              30.0723119
            ],
            [
              31.3882575,
              30.0723346
            ],
            [
              31.3882466,
              30.0723569
            ],
            [
              31.3882349,
              30.072379
            ],
            [
              31.3881134,
              30.072572
            ],
            [
              31.3881069,
              30.0725857
            ],
            [
              31.3881029,
              30.0726
            ],
            [
              31.3881015,
              30.0726148
            ],
            [
              31.3881028,
              30.0726295
            ],
            [
              31.3881067,
              30.0726439
            ],
            [
              31.3881129,
              30.072658
            ],
            [
              31.3881316,
              30.0726962
            ],
            [
              31.3881531,
              30.0727335
            ],
            [
              31.3881779,
              30.0727693
            ],
            [
              31.3882058,
              30.0728033
            ],
            [
              31.3882368,
              30.0728354
            ],
            [
              31.3882704,
              30.0728652
            ],
            [
              31.3883045,
              30.0728944
            ],
            [
              31.3883312,
              30.0729171
            ],
            [
              31.388347,
              30.0729417
            ],
            [
              31.3883572,
              30.0729663
            ],
            [
              31.388364,
              30.0729919
            ],
            [
              31.3883672,
              30.0730179
            ],
            [
              31.3883669,
              30.0730441
            ],
            [
              31.388363,
              30.0730701
            ],
            [
              31.3883232,
              30.0732554
            ],
            [
              31.3883081,
              30.0733024
            ],
            [
              31.3882907,
              30.0733488
            ],
            [
              31.3882713,
              30.0733946
            ],
            [
              31.3882497,
              30.0734396
            ],
            [
              31.388226,
              30.0734839
            ],
            [
              31.3882003,
              30.0735274
            ],
            [
              31.3881727,
              30.0735699
            ],
            [
              31.388143,
              30.0736114
            ],
            [
              31.3881115,
              30.0736518
            ],
            [
              31.3875712,
              30.0743505
            ],
            [
              31.3874848,
              30.0743352
            ],
            [
              31.3873924,
              30.0744687
            ],
            [
              31.3873675,
              30.0744914
            ],
            [
              31.3873388,
              30.0745096
            ],
            [
              31.3873078,
              30.0745249
            ],
            [
              31.387275,
              30.0745371
            ],
            [
              31.3872409,
              30.0745461
            ],
            [
              31.3872058,
              30.0745516
            ],
            [
              31.3871703,
              30.0745537
            ],
            [
              31.3871346,
              30.0745522
            ],
            [
              31.3870994,
              30.0745474
            ],
            [
              31.3866283,
              30.0744456
            ],
            [
              31.3865098,
              30.0749572
            ],
            [
              31.3864402,
              30.0751754
            ],
            [
              31.3864251,
              30.0752318
            ],
            [
              31.3864135,
              30.0752888
            ],
            [
              31.3864053,
              30.0753462
            ],
            [
              31.3864005,
              30.0754039
            ],
            [
              31.3863993,
              30.0754617
            ],
            [
              31.386412,
              30.0757035
            ],
            [
              31.3864628,
              30.0761375
            ],
            [
              31.3864652,
              30.0761704
            ],
            [
              31.3864654,
              30.0762033
            ],
            [
              31.3864634,
              30.0762362
            ],
            [
              31.3864628,
              30.0762749
            ],
            [
              31.3864657,
              30.0763136
            ],
            [
              31.3864723,
              30.0763519
            ],
            [
              31.3864827,
              30.0763896
            ],
            [
              31.3865863,
              30.0767892
            ],
            [
              31.3866178,
              30.076943
            ],
            [
              31.3866624,
              30.0772789
            ],
            [
              31.386665,
              30.0772959
            ],
            [
              31.3866685,
              30.0773127
            ],
            [
              31.3866727,
              30.0773295
            ],
            [
              31.3866778,
              30.0773461
            ],
            [
              31.3866832,
              30.0773626
            ],
            [
              31.386691,
              30.0773786
            ],
            [
              31.386698,
              30.0773949
            ],
            [
              31.386704,
              30.0774115
            ],
            [
              31.3867091,
              30.0774283
            ],
            [
              31.3867132,
              30.0774453
            ],
            [
              31.3867164,
              30.0774624
            ],
            [
              31.3867187,
              30.0774797
            ],
            [
              31.3867988,
              30.0781123
            ],
            [
              31.3867965,
              30.0781378
            ],
            [
              31.3867887,
              30.0781624
            ],
            [
              31.3867757,
              30.0781853
            ],
            [
              31.3867579,
              30.0782057
            ],
            [
              31.3867361,
              30.0782229
            ],
            [
              31.3867108,
              30.0782361
            ],
            [
              31.3866832,
              30.078245
            ],
            [
              31.3866514,
              30.0782539
            ],
            [
              31.3865999,
              30.0782635
            ],
            [
              31.3865481,
              30.0782719
            ],
            [
              31.3864961,
              30.0782791
            ],
            [
              31.3864439,
              30.0782852
            ],
            [
              31.3863916,
              30.0782901
            ],
            [
              31.3863391,
              30.0782938
            ],
            [
              31.3863223,
              30.0782956
            ],
            [
              31.3863087,
              30.078299
            ],
            [
              31.386297,
              30.0783058
            ],
            [
              31.3862883,
              30.0783154
            ],
            [
              31.3862833,
              30.0783268
            ],
            [
              31.3862825,
              30.078339
            ],
            [
              31.3862729,
              30.0785973
            ],
            [
              31.3860176,
              30.0786154
            ],
            [
              31.3859961,
              30.0786166
            ],
            [
              31.3859746,
              30.0786158
            ],
            [
              31.3859533,
              30.078613
            ],
            [
              31.3859325,
              30.0786083
            ],
            [
              31.3859123,
              30.0786017
            ],
            [
              31.3858931,
              30.0785933
            ],
            [
              31.3858747,
              30.0785838
            ],
            [
              31.3858562,
              30.078575
            ],
            [
              31.3858363,
              30.0785691
            ],
            [
              31.3858157,
              30.0785658
            ],
            [
              31.3857947,
              30.0785651
            ],
            [
              31.3857737,
              30.078567
            ],
            [
              31.3836774,
              30.0789286
            ],
            [
              31.3825496,
              30.0790725
            ],
            [
              31.3818588,
              30.0791166
            ],
            [
              31.3822358,
              30.0781629
            ],
            [
              31.3822458,
              30.0781246
            ],
            [
              31.3822485,
              30.0780854
            ],
            [
              31.3822437,
              30.0780463
            ],
            [
              31.3822316,
              30.0780084
            ],
            [
              31.3822125,
              30.0779727
            ],
            [
              31.3821869,
              30.0779402
            ],
            [
              31.382113,
              30.0778515
            ],
            [
              31.3820933,
              30.0778168
            ],
            [
              31.3820815,
              30.0777796
            ],
            [
              31.3820782,
              30.0777411
            ],
            [
              31.3820833,
              30.0777028
            ],
            [
              31.3820968,
              30.077666
            ],
            [
              31.3821182,
              30.0776321
            ],
            [
              31.3821926,
              30.0775137
            ],
            [
              31.3822259,
              30.0774597
            ],
            [
              31.382255,
              30.0774039
            ],
            [
              31.3822797,
              30.0773465
            ],
            [
              31.3823001,
              30.0772879
            ],
            [
              31.3823159,
              30.0772283
            ],
            [
              31.3823271,
              30.0771678
            ],
            [
              31.3823336,
              30.0771069
            ],
            [
              31.3823355,
              30.0770457
            ],
            [
              31.3823327,
              30.0769846
            ],
            [
              31.3823253,
              30.0769237
            ],
            [
              31.3822002,
              30.0765118
            ],
            [
              31.3819395,
              30.0765184
            ],
            [
              31.3818586,
              30.0765203
            ],
            [
              31.3817777,
              30.0765202
            ],
            [
              31.3816968,
              30.0765182
            ],
            [
              31.3816161,
              30.0765142
            ],
            [
              31.3815354,
              30.0765082
            ],
            [
              31.381455,
              30.0765003
            ],
            [
              31.3813749,
              30.0764904
            ],
            [
              31.3812952,
              30.0764787
            ],
            [
              31.3812158,
              30.0764649
            ],
            [
              31.3820773,
              30.0728974
            ],
            [
              31.3845671,
              30.0718282
            ],
            [
              31.3827872,
              30.0686806
            ],
            [
              31.3776602,
              30.0708755
            ],
            [
              31.3775673,
              30.0717844
            ],
            [
              31.3770585,
              30.0718067
            ],
            [
              31.3770146,
              30.0709621
            ],
            [
              31.3755092,
              30.0694184
            ],
            [
              31.3753161,
              30.0695309
            ],
            [
              31.373802,
              30.0705484
            ],
            [
              31.3737577,
              30.0705762
            ],
            [
              31.373711,
              30.0706008
            ],
            [
              31.3736622,
              30.0706222
            ],
            [
              31.3736116,
              30.0706402
            ],
            [
              31.3735595,
              30.0706546
            ],
            [
              31.3735062,
              30.0706654
            ],
            [
              31.3733791,
              30.0706916
            ],
            [
              31.3733591,
              30.070697
            ],
            [
              31.3733399,
              30.0707045
            ],
            [
              31.373322,
              30.0707139
            ],
            [
              31.3733055,
              30.0707252
            ],
            [
              31.3730411,
              30.0709579
            ],
            [
              31.3729821,
              30.0710132
            ],
            [
              31.3729251,
              30.07107
            ],
            [
              31.3728701,
              30.0711284
            ],
            [
              31.3728173,
              30.0711882
            ],
            [
              31.3727667,
              30.0712494
            ],
            [
              31.3727182,
              30.071312
            ],
            [
              31.3726694,
              30.0713735
            ],
            [
              31.3726369,
              30.0714083
            ],
            [
              31.3726021,
              30.0714406
            ],
            [
              31.3725654,
              30.0714711
            ],
            [
              31.3725268,
              30.0714999
            ],
            [
              31.3724865,
              30.0715268
            ],
            [
              31.3724445,
              30.0715517
            ],
            [
              31.372401,
              30.0715747
            ],
            [
              31.3721693,
              30.0717133
            ],
            [
              31.372075,
              30.071787
            ],
            [
              31.3719923,
              30.0718703
            ],
            [
              31.3719224,
              30.071962
            ],
            [
              31.3718665,
              30.0720607
            ],
            [
              31.3718255,
              30.0721646
            ],
            [
              31.3718,
              30.0722723
            ],
            [
              31.3715489,
              30.0736619
            ],
            [
              31.3708122,
              30.0735646
            ],
            [
              31.370766,
              30.0736451
            ],
            [
              31.3704434,
              30.0735774
            ],
            [
              31.3705903,
              30.0729266
            ],
            [
              31.370597,
              30.0729036
            ],
            [
              31.370605,
              30.0728801
            ],
            [
              31.3706131,
              30.0728671
            ],
            [
              31.3706325,
              30.0728546
            ],
            [
              31.3706546,
              30.0728459
            ],
            [
              31.3706794,
              30.072834
            ],
            [
              31.3707029,
              30.0728169
            ],
            [
              31.3707177,
              30.0728003
            ],
            [
              31.3707294,
              30.0727786
            ],
            [
              31.3707358,
              30.0727516
            ],
            [
              31.3707398,
              30.0726269
            ],
            [
              31.3707505,
              30.0721278
            ],
            [
              31.3707425,
              30.072057
            ],
            [
              31.370723,
              30.0719868
            ],
            [
              31.3706808,
              30.0719084
            ],
            [
              31.3706298,
              30.0718387
            ],
            [
              31.370363,
              30.0719554
            ],
            [
              31.3699982,
              30.0718411
            ],
            [
              31.3698252,
              30.0717959
            ],
            [
              31.369687,
              30.0717576
            ],
            [
              31.3695274,
              30.0717262
            ],
            [
              31.3693477,
              30.0717169
            ],
            [
              31.3690594,
              30.0717274
            ],
            [
              31.3688757,
              30.0717193
            ],
            [
              31.3686839,
              30.0716659
            ],
            [
              31.3685417,
              30.0716032
            ],
            [
              31.3684196,
              30.0714895
            ],
            [
              31.3683231,
              30.0713699
            ],
            [
              31.3682735,
              30.0712492
            ],
            [
              31.3682024,
              30.0707873
            ],
            [
              31.3682145,
              30.0706399
            ],
            [
              31.3682467,
              30.0705389
            ],
            [
              31.3683258,
              30.0704217
            ],
            [
              31.3684599,
              30.070294
            ],
            [
              31.3686088,
              30.0701803
            ],
            [
              31.3687254,
              30.0701014
            ],
            [
              31.3688441,
              30.0700515
            ],
            [
              31.3706328,
              30.0699083
            ],
            [
              31.3710282,
              30.0698849
            ],
            [
              31.3710912,
              30.0698774
            ],
            [
              31.3711528,
              30.0698658
            ],
            [
              31.3712239,
              30.0698449
            ],
            [
              31.3712805,
              30.0698238
            ],
            [
              31.371641,
              30.0696662
            ],
            [
              31.3717309,
              30.0696308
            ],
            [
              31.3718006,
              30.0695977
            ],
            [
              31.3718871,
              30.0695489
            ],
            [
              31.3720874,
              30.0694035
            ],
            [
              31.3724135,
              30.069174
            ],
            [
              31.3728534,
              30.0688328
            ],
            [
              31.3730021,
              30.0686906
            ],
            [
              31.3733341,
              30.0683467
            ],
            [
              31.3734473,
              30.0681986
            ],
            [
              31.3735253,
              30.0680854
            ],
            [
              31.3736058,
              30.0679607
            ],
            [
              31.3736446,
              30.0678991
            ],
            [
              31.3736842,
              30.0678556
            ],
            [
              31.3737345,
              30.0678242
            ],
            [
              31.374052,
              30.0676397
            ],
            [
              31.3741592,
              30.0675887
            ],
            [
              31.3742267,
              30.0675544
            ],
            [
              31.374285,
              30.0675196
            ],
            [
              31.3743427,
              30.0674766
            ],
            [
              31.3747315,
              30.0672095
            ],
            [
              31.3748046,
              30.0671544
            ],
            [
              31.3748677,
              30.0670919
            ],
            [
              31.3749443,
              30.0669939
            ],
            [
              31.3749965,
              30.0669166
            ],
            [
              31.3750219,
              30.0668725
            ],
            [
              31.375043,
              30.0668183
            ],
            [
              31.3750528,
              30.0667669
            ],
            [
              31.3750541,
              30.0667042
            ],
            [
              31.3750313,
              30.0665278
            ],
            [
              31.3750284,
              30.0664445
            ],
            [
              31.375034,
              30.0663758
            ],
            [
              31.3750541,
              30.0662957
            ],
            [
              31.3750984,
              30.0661854
            ],
            [
              31.3751633,
              30.0660943
            ],
            [
              31.3752151,
              30.0660403
            ],
            [
              31.3753494,
              30.0659505
            ],
            [
              31.3754892,
              30.0657953
            ],
            [
              31.3755764,
              30.0656778
            ],
            [
              31.3760336,
              30.0650035
            ],
            [
              31.3760787,
              30.0649481
            ],
            [
              31.376127,
              30.0648947
            ],
            [
              31.3761874,
              30.0648356
            ],
            [
              31.3763152,
              30.0647362
            ],
            [
              31.3772837,
              30.0641096
            ],
            [
              31.3775325,
              30.0639407
            ],
            [
              31.3777937,
              30.0637446
            ],
            [
              31.3777396,
              30.0636871
            ],
            [
              31.3778426,
              30.0636183
            ],
            [
              31.3781098,
              30.0638503
            ],
            [
              31.3786938,
              30.0635055
            ],
            [
              31.3786979,
              30.063647
            ],
            [
              31.3789366,
              30.0636493
            ],
            [
              31.37895,
              30.0635147
            ],
            [
              31.3789929,
              30.0634868
            ],
            [
              31.3790345,
              30.0634706
            ],
            [
              31.3790908,
              30.0634648
            ],
            [
              31.3790871,
              30.0633504
            ],
            [
              31.3793991,
              30.0633518
            ],
            [
              31.3793993,
              30.0632559
            ],
            [
              31.379398,
              30.0631653
            ],
            [
              31.3793939,
              30.063105
            ],
            [
              31.3793792,
              30.063033
            ],
            [
              31.3793317,
              30.0629119
            ],
            [
              31.3795236,
              30.0628911
            ],
            [
              31.3797037,
              30.062881
            ],
            [
              31.3797024,
              30.0627974
            ],
            [
              31.3796836,
              30.0627231
            ],
            [
              31.3796487,
              30.0626395
            ],
            [
              31.3796072,
              30.0625803
            ],
            [
              31.3795388,
              30.0625061
            ],
            [
              31.3794127,
              30.0623981
            ],
            [
              31.3800198,
              30.0623642
            ],
            [
              31.3802469,
              30.0622913
            ],
            [
              31.3805617,
              30.0620624
            ],
            [
              31.3814645,
              30.062321
            ],
            [
              31.3809808,
              30.0582793
            ],
            [
              31.3806296,
              30.0551089
            ],
            [
              31.3839268,
              30.0558935
            ],
            [
              31.3838276,
              30.0561696
            ],
            [
              31.3875559,
              30.0572352
            ],
            [
              31.3876578,
              30.0572561
            ],
            [
              31.3877644,
              30.0572625
            ],
            [
              31.3878831,
              30.0572572
            ],
            [
              31.387985,
              30.0572456
            ],
            [
              31.3880803,
              30.0572224
            ],
            [
              31.388146,
              30.0571853
            ],
            [
              31.3882069,
              30.0571231
            ],
            [
              31.3882487,
              30.0570402
            ],
            [
              31.3888417,
              30.0555618
            ],
            [
              31.3892655,
              30.0545052
            ],
            [
              31.3899078,
              30.0549487
            ],
            [
              31.3907665,
              30.0544424
            ],
            [
              31.3908684,
              30.0545375
            ],
            [
              31.3912332,
              30.0543228
            ],
            [
              31.3913284,
              30.0542636
            ],
            [
              31.3914263,
              30.0541974
            ],
            [
              31.3915578,
              30.0540976
            ],
            [
              31.3917745,
              30.0539217
            ],
            [
              31.3923148,
              30.0535427
            ],
            [
              31.3923718,
              30.0534969
            ],
            [
              31.3924107,
              30.0534592
            ],
            [
              31.3924578,
              30.053417
            ],
            [
              31.3931702,
              30.0529653
            ],
            [
              31.3925094,
              30.0519391
            ],
            [
              31.3924937,
              30.0519129
            ],
            [
              31.3924803,
              30.0518858
            ],
            [
              31.3924691,
              30.0518579
            ],
            [
              31.3924602,
              30.0518294
            ],
            [
              31.3924523,
              30.0518016
            ],
            [
              31.3923699,
              30.0513974
            ],
            [
              31.3923636,
              30.0513653
            ],
            [
              31.3923597,
              30.0513328
            ],
            [
              31.3923581,
              30.0513003
            ],
            [
              31.392359,
              30.0512677
            ],
            [
              31.3923623,
              30.0512352
            ],
            [
              31.3924881,
              30.0504776
            ],
            [
              31.3940717,
              30.0506586
            ],
            [
              31.3982386,
              30.0511429
            ],
            [
              31.3999786,
              30.0513613
            ]
          ]
        ]
      },
      "id": "way/363319622"
    },
    {
      "type": "Feature",
      "properties": {
        "@id": "way/708231172",
        "boundary": "administrative",
        "name": "دار السلام",
        "name:ar": "دار السلام",
        "name:en": "Dar Al Salam",
        "place": "neighbourhood"
      },
      "geometry": {
        "type": "Polygon",
        "coordinates": [
          [
            [
              31.2562178,
              29.981268
            ],
            [
              31.2554796,
              29.9829555
            ],
            [
              31.2550764,
              29.9839581
            ],
            [
              31.2548053,
              29.9843858
            ],
            [
              31.2532316,
              29.9866568
            ],
            [
              31.2528782,
              29.9871667
            ],
            [
              31.2524195,
              29.9878601
            ],
            [
              31.2522533,
              29.9879617
            ],
            [
              31.2523102,
              29.9883029
            ],
            [
              31.2525791,
              29.9899149
            ],
            [
              31.2520359,
              29.9899744
            ],
            [
              31.2516953,
              29.9900125
            ],
            [
              31.2514271,
              29.9900787
            ],
            [
              31.2509009,
              29.9902069
            ],
            [
              31.2510546,
              29.9906919
            ],
            [
              31.251131,
              29.9910995
            ],
            [
              31.2512179,
              29.9914865
            ],
            [
              31.2513828,
              29.9920115
            ],
            [
              31.2514928,
              29.9925923
            ],
            [
              31.2515733,
              29.9931695
            ],
            [
              31.251706,
              29.9937457
            ],
            [
              31.2518347,
              29.9944228
            ],
            [
              31.251879,
              29.9950779
            ],
            [
              31.251873,
              29.995488
            ],
            [
              31.2507234,
              29.9953251
            ],
            [
              31.2501134,
              29.9952483
            ],
            [
              31.2496235,
              29.9951583
            ],
            [
              31.2484317,
              29.9948197
            ],
            [
              31.2482659,
              29.994726
            ],
            [
              31.2479207,
              29.9945935
            ],
            [
              31.2473021,
              29.9945179
            ],
            [
              31.2467876,
              29.9944313
            ],
            [
              31.2457685,
              29.9944093
            ],
            [
              31.2445113,
              29.9946737
            ],
            [
              31.2428279,
              29.9948886
            ],
            [
              31.2422499,
              29.9943357
            ],
            [
              31.2416759,
              29.9936028
            ],
            [
              31.2410188,
              29.9929349
            ],
            [
              31.2407264,
              29.9924239
            ],
            [
              31.2402356,
              29.9923669
            ],
            [
              31.2396071,
              29.9918549
            ],
            [
              31.239337,
              29.9916747
            ],
            [
              31.2392364,
              29.9915248
            ],
            [
              31.2386196,
              29.9908569
            ],
            [
              31.2390527,
              29.9905898
            ],
            [
              31.2388858,
              29.9903752
            ],
            [
              31.2389762,
              29.9902855
            ],
            [
              31.2388515,
              29.9901895
            ],
            [
              31.2390085,
              29.9899591
            ],
            [
              31.2393153,
              29.9897433
            ],
            [
              31.239388,
              29.9897918
            ],
            [
              31.2397769,
              29.9892366
            ],
            [
              31.2399164,
              29.9890891
            ],
            [
              31.2399957,
              29.9889994
            ],
            [
              31.2400398,
              29.9888904
            ],
            [
              31.2400458,
              29.9887955
            ],
            [
              31.2400411,
              29.9887569
            ],
            [
              31.2401752,
              29.9884618
            ],
            [
              31.2401142,
              29.9884405
            ],
            [
              31.2401459,
              29.9883058
            ],
            [
              31.2399824,
              29.9868661
            ],
            [
              31.2398158,
              29.9857159
            ],
            [
              31.2397206,
              29.9853488
            ],
            [
              31.2398708,
              29.9851408
            ],
            [
              31.240316,
              29.9845763
            ],
            [
              31.240882,
              29.9838189
            ],
            [
              31.2415043,
              29.9831684
            ],
            [
              31.2420501,
              29.9824819
            ],
            [
              31.2424242,
              29.9818976
            ],
            [
              31.2429044,
              29.9812053
            ],
            [
              31.2436125,
              29.9802341
            ],
            [
              31.2441194,
              29.9793536
            ],
            [
              31.2453746,
              29.9775737
            ],
            [
              31.2481971,
              29.9776863
            ],
            [
              31.2481648,
              29.9778371
            ],
            [
              31.2490327,
              29.9778948
            ],
            [
              31.2489623,
              29.9788366
            ],
            [
              31.2488354,
              29.9788923
            ],
            [
              31.2485553,
              29.9803059
            ],
            [
              31.2527206,
              29.9808045
            ],
            [
              31.2542058,
              29.9810144
            ],
            [
              31.2548541,
              29.9810702
            ],
            [
              31.2552038,
              29.9811059
            ],
            [
              31.2562178,
              29.981268
            ]
          ]
        ]
      },
      "id": "way/708231172"
    },
    {
      "type": "Feature",
      "properties": {
        "@id": "way/727388925",
        "boundary": "administrative",
        "name": "بولاق الدكرور",
        "name:ar": "بولاق الدكرور",
        "name:en": "Bolak Al Dakrour",
        "place": "neighbourhood"
      },
      "geometry": {
        "type": "Polygon",
        "coordinates": [
          [
            [
              31.1774917,
              30.0506279
            ],
            [
              31.1774477,
              30.0495472
            ],
            [
              31.1772412,
              30.0485465
            ],
            [
              31.1770125,
              30.0476973
            ],
            [
              31.176857,
              30.0472405
            ],
            [
              31.1765331,
              30.0464865
            ],
            [
              31.1757137,
              30.0450848
            ],
            [
              31.1752416,
              30.0444173
            ],
            [
              31.1783422,
              30.0445589
            ],
            [
              31.1831635,
              30.0447342
            ],
            [
              31.1834237,
              30.0447342
            ],
            [
              31.1836275,
              30.0446924
            ],
            [
              31.1837482,
              30.0446506
            ],
            [
              31.183885,
              30.0445647
            ],
            [
              31.1862829,
              30.0429429
            ],
            [
              31.1862943,
              30.0391988
            ],
            [
              31.1855085,
              30.0391675
            ],
            [
              31.185345,
              30.0391065
            ],
            [
              31.1842525,
              30.0390108
            ],
            [
              31.1832685,
              30.0388918
            ],
            [
              31.1837482,
              30.0384012
            ],
            [
              31.184569,
              30.0370568
            ],
            [
              31.1851028,
              30.0363869
            ],
            [
              31.1854863,
              30.0358064
            ],
            [
              31.1856363,
              30.0354447
            ],
            [
              31.1856928,
              30.0353536
            ],
            [
              31.185721,
              30.0353141
            ],
            [
              31.1857733,
              30.0352595
            ],
            [
              31.1858571,
              30.0351959
            ],
            [
              31.1859577,
              30.0351626
            ],
            [
              31.1860575,
              30.0350971
            ],
            [
              31.1862601,
              30.0349014
            ],
            [
              31.1863306,
              30.0348683
            ],
            [
              31.1864023,
              30.0348631
            ],
            [
              31.1864908,
              30.0348912
            ],
            [
              31.1867121,
              30.0349635
            ],
            [
              31.1869307,
              30.0349821
            ],
            [
              31.1870567,
              30.0349298
            ],
            [
              31.1871422,
              30.0348526
            ],
            [
              31.1873447,
              30.034648
            ],
            [
              31.187672,
              30.0340137
            ],
            [
              31.1877394,
              30.0339267
            ],
            [
              31.1878196,
              30.0338556
            ],
            [
              31.1879392,
              30.0337874
            ],
            [
              31.1880089,
              30.033763
            ],
            [
              31.1880677,
              30.0337627
            ],
            [
              31.1883134,
              30.033893
            ],
            [
              31.1887908,
              30.0342483
            ],
            [
              31.1888605,
              30.0343145
            ],
            [
              31.1889506,
              30.0344872
            ],
            [
              31.1891837,
              30.0350857
            ],
            [
              31.1894399,
              30.0353397
            ],
            [
              31.1896866,
              30.0355127
            ],
            [
              31.1897497,
              30.0355615
            ],
            [
              31.1898825,
              30.0356346
            ],
            [
              31.189997,
              30.0356655
            ],
            [
              31.1901399,
              30.0356787
            ],
            [
              31.19038,
              30.0356636
            ],
            [
              31.1910184,
              30.0355498
            ],
            [
              31.1936322,
              30.0352805
            ],
            [
              31.1947024,
              30.0352236
            ],
            [
              31.1947386,
              30.0322083
            ],
            [
              31.1934833,
              30.0318717
            ],
            [
              31.1923032,
              30.0316545
            ],
            [
              31.1907085,
              30.0314469
            ],
            [
              31.1869717,
              30.0309762
            ],
            [
              31.1864804,
              30.0308148
            ],
            [
              31.1868056,
              30.0302461
            ],
            [
              31.1870688,
              30.0272517
            ],
            [
              31.1876387,
              30.0235312
            ],
            [
              31.1884852,
              30.0231694
            ],
            [
              31.1890786,
              30.0228335
            ],
            [
              31.1899656,
              30.0222542
            ],
            [
              31.1897987,
              30.0231071
            ],
            [
              31.1940606,
              30.0239056
            ],
            [
              31.1947453,
              30.0210094
            ],
            [
              31.1945163,
              30.0209835
            ],
            [
              31.1933736,
              30.0208266
            ],
            [
              31.1923086,
              30.0206803
            ],
            [
              31.192637,
              30.0202573
            ],
            [
              31.1929189,
              30.019698
            ],
            [
              31.1931065,
              30.0196647
            ],
            [
              31.19323,
              30.0196223
            ],
            [
              31.1939305,
              30.0190082
            ],
            [
              31.1946052,
              30.0188821
            ],
            [
              31.195254,
              30.0188396
            ],
            [
              31.1965674,
              30.0187537
            ],
            [
              31.1975603,
              30.0186887
            ],
            [
              31.1986479,
              30.0186347
            ],
            [
              31.1999025,
              30.018552
            ],
            [
              31.2000455,
              30.0179961
            ],
            [
              31.200215,
              30.0180522
            ],
            [
              31.2004208,
              30.0181003
            ],
            [
              31.2006333,
              30.0181158
            ],
            [
              31.2007121,
              30.0181093
            ],
            [
              31.2008854,
              30.0183717
            ],
            [
              31.2014135,
              30.0191715
            ],
            [
              31.2009251,
              30.019523
            ],
            [
              31.2004611,
              30.0198598
            ],
            [
              31.1988178,
              30.0208235
            ],
            [
              31.1987579,
              30.0208584
            ],
            [
              31.1985273,
              30.024259
            ],
            [
              31.1988,
              30.0242623
            ],
            [
              31.1988774,
              30.0238837
            ],
            [
              31.19901,
              30.0239355
            ],
            [
              31.1991052,
              30.0239808
            ],
            [
              31.1991763,
              30.0239924
            ],
            [
              31.1992648,
              30.0239854
            ],
            [
              31.199348,
              30.0239773
            ],
            [
              31.1994526,
              30.0239611
            ],
            [
              31.1997128,
              30.0238949
            ],
            [
              31.2000783,
              30.0237926
            ],
            [
              31.2002701,
              30.0237238
            ],
            [
              31.2006171,
              30.0236072
            ],
            [
              31.2007227,
              30.0236044
            ],
            [
              31.2014589,
              30.0236855
            ],
            [
              31.2021138,
              30.0237962
            ],
            [
              31.2015608,
              30.025582
            ],
            [
              31.2009836,
              30.0272727
            ],
            [
              31.2008218,
              30.0272366
            ],
            [
              31.200512,
              30.028025
            ],
            [
              31.2003779,
              30.0283315
            ],
            [
              31.2002331,
              30.0286172
            ],
            [
              31.1999541,
              30.029135
            ],
            [
              31.199179,
              30.0305353
            ],
            [
              31.1987632,
              30.0313248
            ],
            [
              31.1983609,
              30.0311762
            ],
            [
              31.1978486,
              30.03217
            ],
            [
              31.1974838,
              30.0330408
            ],
            [
              31.196617,
              30.0348405
            ],
            [
              31.1964244,
              30.0352863
            ],
            [
              31.1965122,
              30.0353188
            ],
            [
              31.1959255,
              30.0365227
            ],
            [
              31.1956935,
              30.0370704
            ],
            [
              31.1955419,
              30.0374875
            ],
            [
              31.1953595,
              30.0378753
            ],
            [
              31.1950464,
              30.0384981
            ],
            [
              31.1946764,
              30.0392618
            ],
            [
              31.1940451,
              30.0404081
            ],
            [
              31.1936349,
              30.0411864
            ],
            [
              31.1933404,
              30.0418002
            ],
            [
              31.1932858,
              30.0419923
            ],
            [
              31.1928275,
              30.043822
            ],
            [
              31.1927666,
              30.0440871
            ],
            [
              31.1927439,
              30.0442085
            ],
            [
              31.1927345,
              30.0442658
            ],
            [
              31.1925597,
              30.0449887
            ],
            [
              31.1916697,
              30.044925
            ],
            [
              31.1914887,
              30.0449318
            ],
            [
              31.1913722,
              30.0449604
            ],
            [
              31.1912971,
              30.0449787
            ],
            [
              31.1912347,
              30.0449992
            ],
            [
              31.1911416,
              30.0450367
            ],
            [
              31.1910545,
              30.0450778
            ],
            [
              31.1909269,
              30.0451497
            ],
            [
              31.190622,
              30.0453445
            ],
            [
              31.1904296,
              30.0454521
            ],
            [
              31.1903298,
              30.0455049
            ],
            [
              31.1902252,
              30.0455537
            ],
            [
              31.1901294,
              30.0455923
            ],
            [
              31.1900345,
              30.0456246
            ],
            [
              31.1898682,
              30.0456558
            ],
            [
              31.1896892,
              30.0456844
            ],
            [
              31.189143,
              30.0457378
            ],
            [
              31.1886118,
              30.0457958
            ],
            [
              31.1885484,
              30.0458128
            ],
            [
              31.188493,
              30.0458445
            ],
            [
              31.1884649,
              30.0458702
            ],
            [
              31.18843,
              30.0459496
            ],
            [
              31.1884022,
              30.0460586
            ],
            [
              31.1882466,
              30.0473744
            ],
            [
              31.1882245,
              30.0474348
            ],
            [
              31.1881832,
              30.047509
            ],
            [
              31.1881261,
              30.0475748
            ],
            [
              31.1875453,
              30.0482401
            ],
            [
              31.1870402,
              30.0488546
            ],
            [
              31.1866766,
              30.0493567
            ],
            [
              31.1859479,
              30.0502915
            ],
            [
              31.1854968,
              30.0507952
            ],
            [
              31.1854215,
              30.0508838
            ],
            [
              31.185337,
              30.0509703
            ],
            [
              31.1851922,
              30.0510966
            ],
            [
              31.1851305,
              30.0511451
            ],
            [
              31.1849986,
              30.0512136
            ],
            [
              31.1848998,
              30.051259
            ],
            [
              31.1845943,
              30.0513994
            ],
            [
              31.1842337,
              30.0515647
            ],
            [
              31.1840366,
              30.0516495
            ],
            [
              31.183841,
              30.0517242
            ],
            [
              31.1836253,
              30.0517902
            ],
            [
              31.1834449,
              30.0518363
            ],
            [
              31.1833031,
              30.0518622
            ],
            [
              31.1831962,
              30.0518689
            ],
            [
              31.1830772,
              30.0518599
            ],
            [
              31.1829712,
              30.0518489
            ],
            [
              31.1828075,
              30.0518133
            ],
            [
              31.1804022,
              30.051206
            ],
            [
              31.1795881,
              30.0509634
            ],
            [
              31.1791576,
              30.0508636
            ],
            [
              31.1781827,
              30.0507069
            ],
            [
              31.1774917,
              30.0506279
            ]
          ]
        ]
      },
      "id": "way/727388925"
    },
    {
      "type": "Feature",
      "properties": {
        "@id": "way/729875378",
        "boundary": "administrative",
        "name": "الخصوص",
        "name:ar": "الخصوص",
        "name:en": "Al Khosous",
        "place": "neighbourhood"
      },
      "geometry": {
        "type": "Polygon",
        "coordinates": [
          [
            [
              31.3210093,
              30.172236
            ],
            [
              31.3133795,
              30.1735903
            ],
            [
              31.3123315,
              30.1737751
            ],
            [
              31.3087355,
              30.1744596
            ],
            [
              31.3056833,
              30.1679852
            ],
            [
              31.3034727,
              30.1634713
            ],
            [
              31.3023534,
              30.1608954
            ],
            [
              31.3013831,
              30.158796
            ],
            [
              31.3010416,
              30.1580713
            ],
            [
              31.3009754,
              30.1579308
            ],
            [
              31.3002655,
              30.1564241
            ],
            [
              31.2988654,
              30.1534525
            ],
            [
              31.29788,
              30.151361
            ],
            [
              31.2970273,
              30.1496095
            ],
            [
              31.2997676,
              30.1493015
            ],
            [
              31.3000847,
              30.1492994
            ],
            [
              31.3004095,
              30.1493057
            ],
            [
              31.3008352,
              30.1493155
            ],
            [
              31.3014975,
              30.1491587
            ],
            [
              31.3017203,
              30.149106
            ],
            [
              31.3021114,
              30.1490006
            ],
            [
              31.3033172,
              30.1488281
            ],
            [
              31.3040151,
              30.1487378
            ],
            [
              31.3045784,
              30.148665
            ],
            [
              31.3062335,
              30.1485054
            ],
            [
              31.3077378,
              30.1481152
            ],
            [
              31.3083202,
              30.1480053
            ],
            [
              31.308935,
              30.1479024
            ],
            [
              31.3095621,
              30.1478376
            ],
            [
              31.3103657,
              30.1477659
            ],
            [
              31.3105912,
              30.1477655
            ],
            [
              31.3109252,
              30.1478166
            ],
            [
              31.3114494,
              30.147881
            ],
            [
              31.3118311,
              30.1450856
            ],
            [
              31.3118108,
              30.1446984
            ],
            [
              31.3118075,
              30.1442591
            ],
            [
              31.3117806,
              30.1437998
            ],
            [
              31.3117354,
              30.1429632
            ],
            [
              31.3115721,
              30.1425134
            ],
            [
              31.3114202,
              30.142336
            ],
            [
              31.3113276,
              30.1421937
            ],
            [
              31.311317,
              30.1420181
            ],
            [
              31.3134301,
              30.1419582
            ],
            [
              31.3156523,
              30.1418999
            ],
            [
              31.3164431,
              30.1418695
            ],
            [
              31.3169203,
              30.1418919
            ],
            [
              31.3179509,
              30.1419748
            ],
            [
              31.3202543,
              30.1420629
            ],
            [
              31.3217002,
              30.1420205
            ],
            [
              31.3218595,
              30.1435914
            ],
            [
              31.3219536,
              30.1443653
            ],
            [
              31.3220139,
              30.1450267
            ],
            [
              31.3220864,
              30.1457769
            ],
            [
              31.3221299,
              30.1461289
            ],
            [
              31.3222008,
              30.1467106
            ],
            [
              31.3223322,
              30.1476304
            ],
            [
              31.3226987,
              30.1494301
            ],
            [
              31.3228747,
              30.1502004
            ],
            [
              31.3231555,
              30.1514589
            ],
            [
              31.3260508,
              30.1514803
            ],
            [
              31.3261078,
              30.1517879
            ],
            [
              31.326158,
              30.1520944
            ],
            [
              31.3261809,
              30.1522956
            ],
            [
              31.3261877,
              30.1523679
            ],
            [
              31.326204,
              30.1528188
            ],
            [
              31.3262248,
              30.1535746
            ],
            [
              31.3263108,
              30.1546126
            ],
            [
              31.3264021,
              30.155035
            ],
            [
              31.3264302,
              30.1551792
            ],
            [
              31.3264536,
              30.1553041
            ],
            [
              31.3264683,
              30.1553848
            ],
            [
              31.3265173,
              30.1555245
            ],
            [
              31.3266434,
              30.1557632
            ],
            [
              31.3266891,
              30.1558446
            ],
            [
              31.3267314,
              30.1559428
            ],
            [
              31.3268191,
              30.156697
            ],
            [
              31.3273988,
              30.1566054
            ],
            [
              31.3274886,
              30.1565977
            ],
            [
              31.3276184,
              30.1566064
            ],
            [
              31.3277019,
              30.1566304
            ],
            [
              31.3277907,
              30.1566697
            ],
            [
              31.3277753,
              30.1567494
            ],
            [
              31.3276434,
              30.1569603
            ],
            [
              31.3275871,
              30.1571296
            ],
            [
              31.327579,
              30.1573708
            ],
            [
              31.327807,
              30.1594859
            ],
            [
              31.3278245,
              30.1598605
            ],
            [
              31.3277802,
              30.1603393
            ],
            [
              31.3276206,
              30.1616287
            ],
            [
              31.3276219,
              30.1617713
            ],
            [
              31.3276487,
              30.1620392
            ],
            [
              31.3277279,
              30.1623453
            ],
            [
              31.3278526,
              30.1627511
            ],
            [
              31.3283247,
              30.1641658
            ],
            [
              31.329073,
              30.1662297
            ],
            [
              31.3290703,
              30.1663503
            ],
            [
              31.3290033,
              30.1665566
            ],
            [
              31.328719,
              30.1667793
            ],
            [
              31.3284668,
              30.166872
            ],
            [
              31.3273028,
              30.1670553
            ],
            [
              31.3260689,
              30.1672872
            ],
            [
              31.3246125,
              30.167621
            ],
            [
              31.3221735,
              30.1681769
            ],
            [
              31.320384,
              30.1687144
            ],
            [
              31.3204083,
              30.168992
            ],
            [
              31.3203892,
              30.1697756
            ],
            [
              31.3203766,
              30.1700367
            ],
            [
              31.3202454,
              30.1705823
            ],
            [
              31.3202355,
              30.1706916
            ],
            [
              31.3202421,
              30.17078
            ],
            [
              31.3202472,
              30.1708223
            ],
            [
              31.3202618,
              30.1708567
            ],
            [
              31.3202886,
              30.1708936
            ],
            [
              31.3203391,
              30.1709171
            ],
            [
              31.3204287,
              30.1709299
            ],
            [
              31.3206676,
              30.1709016
            ],
            [
              31.3210093,
              30.172236
            ]
          ]
        ]
      },
      "id": "way/729875378"
    },
    {
      "type": "Feature",
      "properties": {
        "@id": "way/981259854",
        "building": "train_station",
        "int_name": "Shobra El Kheima",
        "layer": "1",
        "name": "شبرا الخيمة",
        "name:ar": "شبرا الخيمة",
        "name:de": "Shobra Al-Kheima",
        "name:en": "Shobra Al-Kheima",
        "name:fr": "Shobra Al-Kheima"
      },
      "geometry": {
        "type": "Polygon",
        "coordinates": [
          [
            [
              31.243132,
              30.1241661
            ],
            [
              31.2434733,
              30.1237395
            ],
            [
              31.2437779,
              30.1239219
            ],
            [
              31.2434365,
              30.1243484
            ],
            [
              31.243132,
              30.1241661
            ]
          ]
        ]
      },
      "id": "way/981259854"
    },
    {
      "type": "Feature",
      "properties": {
        "@id": "way/986694825",
        "amenity": "hospital",
        "healthcare": "hospital",
        "healthcare:speciality": "general",
        "name": "مستشفى بولاق الدكرور العام",
        "operator": "حكومى",
        "operator:type": "government"
      },
      "geometry": {
        "type": "Polygon",
        "coordinates": [
          [
            [
              31.1979353,
              30.0282767
            ],
            [
              31.1987115,
              30.0270452
            ],
            [
              31.1989851,
              30.0271842
            ],
            [
              31.199145,
              30.0272571
            ],
            [
              31.1991876,
              30.0272025
            ],
            [
              31.1994632,
              30.0272519
            ],
            [
              31.1996822,
              30.0272986
            ],
            [
              31.1998234,
              30.027333
            ],
            [
              31.1995304,
              30.0277252
            ],
            [
              31.1998635,
              30.0278637
            ],
            [
              31.1993029,
              30.0287753
            ],
            [
              31.1992672,
              30.0288045
            ],
            [
              31.1992421,
              30.0288154
            ],
            [
              31.1990877,
              30.0287502
            ],
            [
              31.1979353,
              30.0282767
            ]
          ]
        ]
      },
      "id": "way/986694825"
    },
    {
      "type": "Feature",
      "properties": {
        "@id": "way/986694826",
        "amenity": "post_office",
        "building": "yes",
        "name": "مركز بريد بولاق الدكرور"
      },
      "geometry": {
        "type": "Polygon",
        "coordinates": [
          [
            [
              31.1997946,
              30.0272977
            ],
            [
              31.1993318,
              30.0272113
            ],
            [
              31.1993798,
              30.0270186
            ],
            [
              31.1998425,
              30.027105
            ],
            [
              31.1997946,
              30.0272977
            ]
          ]
        ]
      },
      "id": "way/986694826"
    },
    {
      "type": "Feature",
      "properties": {
        "@id": "way/986694828",
        "amenity": "police",
        "building": "yes",
        "layer": "1",
        "name": "قسم شرطه بولاق الدكرور",
        "name:en": "Boulak Eldakrour police station"
      },
      "geometry": {
        "type": "Polygon",
        "coordinates": [
          [
            [
              31.1998635,
              30.0278637
            ],
            [
              31.1995304,
              30.0277252
            ],
            [
              31.1998791,
              30.0272341
            ],
            [
              31.2001928,
              30.0273265
            ],
            [
              31.1998635,
              30.0278637
            ]
          ]
        ]
      },
      "id": "way/986694828"
    },
    {
      "type": "Feature",
      "properties": {
        "@id": "way/1531391148",
        "amenity": "bus_station",
        "bus": "yes",
        "gtfs_id": "61",
        "informal": "no",
        "name": "موقف الوراق الجديد",
        "name:en": "Warraq Bus Terminal",
        "public_transport": "station"
      },
      "geometry": {
        "type": "Polygon",
        "coordinates": [
          [
            [
              31.209984,
              30.1119714
            ],
            [
              31.2101281,
              30.1113305
            ],
            [
              31.2107014,
              30.111434
            ],
            [
              31.2106093,
              30.1120809
            ],
            [
              31.209984,
              30.1119714
            ]
          ]
        ]
      },
      "id": "way/1531391148"
    },
    {
      "type": "Feature",
      "properties": {
        "@id": "way/1531391167",
        "amenity": "bus_station",
        "bus": "yes",
        "gtfs_id": "88",
        "informal": "no",
        "name": "موقف المطبعة (دار السلام)",
        "name:en": "Al Matbaa (Dar Al Salam) Terminal",
        "parking": "yes",
        "public_transport": "station"
      },
      "geometry": {
        "type": "Polygon",
        "coordinates": [
          [
            [
              31.2464559,
              29.9742312
            ],
            [
              31.2466294,
              29.9736333
            ],
            [
              31.2472427,
              29.9736721
            ],
            [
              31.2471408,
              29.9738177
            ],
            [
              31.2464559,
              29.9742312
            ]
          ]
        ]
      },
      "id": "way/1531391167"
    },
    {
      "type": "Feature",
      "properties": {
        "@id": "way/1536109490",
        "amenity": "bus_station",
        "bus": "yes",
        "gtfs_id": "281",
        "name": "موقف الجيزة و الملك الصالح بدار السلام",
        "public_transport": "station"
      },
      "geometry": {
        "type": "Polygon",
        "coordinates": [
          [
            [
              31.2419581,
              29.9845777
            ],
            [
              31.2428029,
              29.9845325
            ],
            [
              31.2427968,
              29.9846583
            ],
            [
              31.2419663,
              29.9847008
            ],
            [
              31.2419581,
              29.9845777
            ]
          ]
        ]
      },
      "id": "way/1536109490"
    },
    {
      "type": "Feature",
      "properties": {
        "@id": "way/182328074",
        "building": "station",
        "layer": "2",
        "name": "دار السلام",
        "name:ar": "دار السلام",
        "name:en": "Dar Al-Salam",
        "station": "subway",
        "subway": "yes",
        "@relations": [
          {
            "role": "building",
            "rel": 7686299,
            "reltags": {
              "name": "دار السلام",
              "name:ar": "دار السلام",
              "name:de": "Dar Al-Salam",
              "name:en": "Dar Al-Salam",
              "name:fr": "Dar Al-Salam",
              "public_transport": "stop_area",
              "type": "public_transport"
            }
          }
        ]
      },
      "geometry": {
        "type": "Polygon",
        "coordinates": [
          [
            [
              31.2421959,
              29.9822724
            ],
            [
              31.2419518,
              29.9821391
            ],
            [
              31.2421714,
              29.9818374
            ],
            [
              31.2424155,
              29.9819707
            ],
            [
              31.2422939,
              29.9821377
            ],
            [
              31.2421959,
              29.9822724
            ]
          ]
        ]
      },
      "id": "way/182328074"
    },
    {
      "type": "Feature",
      "properties": {
        "@id": "way/1531391153",
        "amenity": "bus_station",
        "bus": "yes",
        "gtfs_id": "68",
        "informal": "yes",
        "name": "Imbaba Police Station",
        "public_transport": "station",
        "@relations": [
          {
            "role": "station",
            "rel": 20986213,
            "reltags": {
              "name": "Imbaba Police Station",
              "public_transport": "stop_area",
              "type": "public_transport"
            }
          }
        ]
      },
      "geometry": {
        "type": "Polygon",
        "coordinates": [
          [
            [
              31.2220466,
              30.0751337
            ],
            [
              31.2221947,
              30.0749198
            ],
            [
              31.2224331,
              30.0750544
            ],
            [
              31.2223026,
              30.0752347
            ],
            [
              31.2220466,
              30.0751337
            ]
          ]
        ]
      },
      "id": "way/1531391153"
    },
    {
      "type": "Feature",
      "properties": {
        "@id": "way/24933849",
        "highway": "residential",
        "name": "شارع ماسبيرو",
        "name:ar": "شارع ماسبيرو",
        "name:en": "Maspiro Street"
      },
      "geometry": {
        "type": "LineString",
        "coordinates": [
          [
            31.3206487,
            30.0951896
          ],
          [
            31.3210672,
            30.0958593
          ]
        ]
      },
      "id": "way/24933849"
    },
    {
      "type": "Feature",
      "properties": {
        "@id": "way/25026364",
        "highway": "residential",
        "name": "شارع السكاكيني",
        "name:ar": "شارع السكاكيني",
        "name:en": "Al Sakakeni Street"
      },
      "geometry": {
        "type": "LineString",
        "coordinates": [
          [
            31.2664607,
            30.0661749
          ],
          [
            31.2667044,
            30.0664779
          ],
          [
            31.266915,
            30.0667565
          ],
          [
            31.2672417,
            30.0671886
          ],
          [
            31.26736,
            30.067345
          ],
          [
            31.2676132,
            30.06768
          ],
          [
            31.267701,
            30.0677935
          ],
          [
            31.2679402,
            30.0681125
          ],
          [
            31.2680806,
            30.0682982
          ],
          [
            31.2681468,
            30.0683857
          ],
          [
            31.2681719,
            30.0684204
          ],
          [
            31.2682948,
            30.0685816
          ],
          [
            31.2688661,
            30.0693379
          ]
        ]
      },
      "id": "way/25026364"
    },
    {
      "type": "Feature",
      "properties": {
        "@id": "way/28583802",
        "highway": "residential",
        "name": "شارع أحمد السمان",
        "name:ar": "شارع أحمد السمان",
        "name:en": "Ahmed El Seman Street"
      },
      "geometry": {
        "type": "LineString",
        "coordinates": [
          [
            31.3474794,
            30.0526319
          ],
          [
            31.3495274,
            30.0528751
          ]
        ]
      },
      "id": "way/28583802"
    },
    {
      "type": "Feature",
      "properties": {
        "@id": "way/28829744",
        "bridge": "yes",
        "electrified": "no",
        "gauge": "1435",
        "layer": "1",
        "name": "كوبري إمبابة",
        "name:ar": "كوبري إمبابة",
        "name:en": "Imbaba bridge",
        "passenger_lines": "2",
        "railway": "rail",
        "usage": "main",
        "wikidata": "Q17063565"
      },
      "geometry": {
        "type": "LineString",
        "coordinates": [
          [
            31.2231379,
            30.0759542
          ],
          [
            31.2237891,
            30.0757341
          ],
          [
            31.2244674,
            30.0754837
          ],
          [
            31.2278781,
            30.0740968
          ]
        ]
      },
      "id": "way/28829744"
    },
    {
      "type": "Feature",
      "properties": {
        "@id": "way/28848164",
        "highway": "residential",
        "name": "شارع السكاكيني",
        "name:ar": "شارع السكاكيني",
        "name:en": "Al Sakakeni Street"
      },
      "geometry": {
        "type": "LineString",
        "coordinates": [
          [
            31.265932,
            30.065538
          ],
          [
            31.2655101,
            30.0649406
          ],
          [
            31.2649934,
            30.0642376
          ],
          [
            31.264157,
            30.0630535
          ]
        ]
      },
      "id": "way/28848164"
    },
    {
      "type": "Feature",
      "properties": {
        "@id": "way/28970910",
        "foot": "no",
        "highway": "secondary",
        "name": "كوبرى بولاق الدكرور",
        "name:ar": "كوبرى بولاق الدكرور",
        "name:en": "Boulak Al Dakrour Bridge",
        "oneway": "yes"
      },
      "geometry": {
        "type": "LineString",
        "coordinates": [
          [
            31.1956354,
            30.0469082
          ],
          [
            31.1956087,
            30.0468219
          ],
          [
            31.1955874,
            30.0467702
          ],
          [
            31.1955515,
            30.0467097
          ],
          [
            31.1955039,
            30.0466432
          ],
          [
            31.1954638,
            30.0465869
          ],
          [
            31.1947862,
            30.0457763
          ]
        ]
      },
      "id": "way/28970910"
    },
    {
      "type": "Feature",
      "properties": {
        "@id": "way/28970911",
        "bridge": "yes",
        "foot": "no",
        "highway": "secondary",
        "layer": "1",
        "name": "كوبرى بولاق الدكرور",
        "name:ar": "كوبرى بولاق الدكرور",
        "name:en": "Boulak Al Dakrour Bridge",
        "oneway": "yes"
      },
      "geometry": {
        "type": "LineString",
        "coordinates": [
          [
            31.1947862,
            30.0457763
          ],
          [
            31.1941356,
            30.0450299
          ],
          [
            31.1937129,
            30.0445744
          ],
          [
            31.1936382,
            30.0445119
          ],
          [
            31.1935839,
            30.0444683
          ],
          [
            31.1935296,
            30.0444365
          ],
          [
            31.1934759,
            30.0444149
          ],
          [
            31.1932437,
            30.0443491
          ],
          [
            31.1929629,
            30.0442889
          ],
          [
            31.1928282,
            30.0442174
          ],
          [
            31.1927431,
            30.0441592
          ],
          [
            31.1926858,
            30.0441028
          ],
          [
            31.1926186,
            30.0440134
          ],
          [
            31.1925844,
            30.0439286
          ],
          [
            31.19256,
            30.0438094
          ],
          [
            31.1925581,
            30.0437606
          ],
          [
            31.1925644,
            30.0437113
          ],
          [
            31.1925723,
            30.0436437
          ],
          [
            31.1926907,
            30.04293
          ]
        ]
      },
      "id": "way/28970911"
    },
    {
      "type": "Feature",
      "properties": {
        "@id": "way/30031474",
        "highway": "residential",
        "name": "شارع دار السلام",
        "name:ar": "شارع دار السلام",
        "name:en": "Dar Al Salam Street"
      },
      "geometry": {
        "type": "LineString",
        "coordinates": [
          [
            31.2956154,
            30.0872402
          ],
          [
            31.2966327,
            30.0881722
          ],
          [
            31.2981118,
            30.089551
          ],
          [
            31.2983353,
            30.0897658
          ],
          [
            31.2984461,
            30.0898723
          ],
          [
            31.2989435,
            30.0903293
          ],
          [
            31.2990263,
            30.0904077
          ],
          [
            31.2993469,
            30.0906912
          ]
        ]
      },
      "id": "way/30031474"
    },
    {
      "type": "Feature",
      "properties": {
        "@id": "way/34887627",
        "highway": "residential",
        "name": "شارع وجيه الدكروري",
        "name:ar": "شارع وجيه الدكروري",
        "name:en": "Wagih Al Dakroury Street"
      },
      "geometry": {
        "type": "LineString",
        "coordinates": [
          [
            31.2045998,
            30.0065236
          ],
          [
            31.205374,
            30.0065146
          ],
          [
            31.2060601,
            30.0065066
          ],
          [
            31.2067531,
            30.0064985
          ],
          [
            31.2071195,
            30.0064974
          ],
          [
            31.2072449,
            30.0065065
          ],
          [
            31.2073683,
            30.0065432
          ],
          [
            31.2073993,
            30.0065524
          ],
          [
            31.2078535,
            30.0067661
          ]
        ]
      },
      "id": "way/34887627"
    },
    {
      "type": "Feature",
      "properties": {
        "@id": "way/37195072",
        "highway": "secondary",
        "lanes": "2",
        "lit": "yes",
        "maxspeed": "60",
        "name": "شارع دار السلام",
        "name:ar": "شارع دار السلام",
        "name:en": "Dar Al Salam Street",
        "surface": "asphalt"
      },
      "geometry": {
        "type": "LineString",
        "coordinates": [
          [
            31.244759,
            29.9776494
          ],
          [
            31.2445505,
            29.9779685
          ],
          [
            31.2445415,
            29.9779824
          ],
          [
            31.2443015,
            29.9783312
          ],
          [
            31.2441156,
            29.9785619
          ],
          [
            31.2436838,
            29.9790828
          ],
          [
            31.2434568,
            29.9793567
          ],
          [
            31.2434296,
            29.9793895
          ],
          [
            31.2432452,
            29.979612
          ],
          [
            31.2430927,
            29.9797959
          ],
          [
            31.2427116,
            29.9802045
          ],
          [
            31.2426139,
            29.9803003
          ],
          [
            31.2424912,
            29.9804268
          ],
          [
            31.2424785,
            29.9804398
          ],
          [
            31.2423492,
            29.9805729
          ],
          [
            31.2422824,
            29.9806416
          ],
          [
            31.2421278,
            29.9808008
          ],
          [
            31.2421188,
            29.9808101
          ],
          [
            31.2419902,
            29.9809384
          ],
          [
            31.2418609,
            29.9810674
          ],
          [
            31.2418062,
            29.981122
          ],
          [
            31.2416241,
            29.9813037
          ],
          [
            31.2414183,
            29.9815021
          ],
          [
            31.2414047,
            29.9815152
          ],
          [
            31.2411591,
            29.9817521
          ],
          [
            31.2410894,
            29.9818192
          ],
          [
            31.2409029,
            29.981999
          ],
          [
            31.2408613,
            29.9820391
          ],
          [
            31.2407446,
            29.9821477
          ],
          [
            31.2404462,
            29.9824252
          ],
          [
            31.2402735,
            29.9825858
          ],
          [
            31.2401241,
            29.9827247
          ],
          [
            31.2399629,
            29.9828583
          ],
          [
            31.2397783,
            29.9830114
          ],
          [
            31.2395313,
            29.9831867
          ],
          [
            31.2392831,
            29.9833528
          ],
          [
            31.2390648,
            29.9834833
          ],
          [
            31.2388843,
            29.9835795
          ],
          [
            31.2387996,
            29.9836247
          ],
          [
            31.2386277,
            29.9837163
          ],
          [
            31.2383231,
            29.9839142
          ],
          [
            31.2382282,
            29.9839809
          ]
        ]
      },
      "id": "way/37195072"
    },
    {
      "type": "Feature",
      "properties": {
        "@id": "way/37195077",
        "bridge": "yes",
        "foot": "no",
        "highway": "tertiary",
        "layer": "1",
        "lit": "yes",
        "name": "كوبري دار السلام",
        "name:ar": "كوبري دار السلام",
        "name:en": "Dar Al Salam Bridge",
        "oneway": "yes"
      },
      "geometry": {
        "type": "LineString",
        "coordinates": [
          [
            31.240961,
            29.9847034
          ],
          [
            31.24056,
            29.9847041
          ],
          [
            31.24034,
            29.9846871
          ],
          [
            31.2401227,
            29.9846524
          ],
          [
            31.2399102,
            29.9846003
          ],
          [
            31.2397041,
            29.9845313
          ],
          [
            31.2387813,
            29.9841968
          ]
        ]
      },
      "id": "way/37195077"
    },
    {
      "type": "Feature",
      "properties": {
        "@id": "way/37195079",
        "bridge": "yes",
        "foot": "no",
        "highway": "tertiary",
        "layer": "1",
        "lit": "yes",
        "name": "كوبري دار السلام",
        "name:ar": "كوبري دار السلام",
        "name:en": "Dar Al Salam Bridge",
        "oneway": "yes"
      },
      "geometry": {
        "type": "LineString",
        "coordinates": [
          [
            31.2388085,
            29.9841291
          ],
          [
            31.2397308,
            29.9844734
          ],
          [
            31.2399312,
            29.9845439
          ],
          [
            31.2401392,
            29.9845953
          ],
          [
            31.2403524,
            29.9846271
          ],
          [
            31.2405682,
            29.9846388
          ],
          [
            31.2409613,
            29.9846379
          ]
        ]
      },
      "id": "way/37195079"
    },
    {
      "type": "Feature",
      "properties": {
        "@id": "way/46970152",
        "highway": "residential",
        "name": "شارع الدكروري",
        "name:ar": "شارع الدكروري",
        "name:en": "Al Dakroury Street"
      },
      "geometry": {
        "type": "LineString",
        "coordinates": [
          [
            31.2172648,
            30.0465576
          ],
          [
            31.2174297,
            30.0460906
          ],
          [
            31.2175508,
            30.0457314
          ],
          [
            31.2176252,
            30.0455381
          ]
        ]
      },
      "id": "way/46970152"
    },
    {
      "type": "Feature",
      "properties": {
        "@id": "way/48678100",
        "highway": "residential",
        "name": "شارع نزله السمان القبلى",
        "name:ar": "شارع نزله السمان القبلى",
        "name:en": "Nazla Al Seman Al Qebly Street",
        "source": "Yahoo"
      },
      "geometry": {
        "type": "LineString",
        "coordinates": [
          [
            31.1427859,
            29.9774379
          ],
          [
            31.1427601,
            29.9774626
          ],
          [
            31.1427387,
            29.97748
          ],
          [
            31.1427169,
            29.9774977
          ],
          [
            31.1426776,
            29.9775167
          ],
          [
            31.142637,
            29.977528
          ],
          [
            31.1425855,
            29.977537
          ],
          [
            31.1422296,
            29.9780521
          ],
          [
            31.1421495,
            29.9781782
          ],
          [
            31.142101,
            29.9782446
          ],
          [
            31.142047,
            29.9783077
          ],
          [
            31.1419876,
            29.9783671
          ],
          [
            31.1419231,
            29.9784224
          ],
          [
            31.1418639,
            29.9784644
          ],
          [
            31.1418107,
            29.978512
          ],
          [
            31.1417642,
            29.9785646
          ],
          [
            31.1417251,
            29.9786216
          ],
          [
            31.1416456,
            29.9787618
          ],
          [
            31.1415614,
            29.978944
          ],
          [
            31.1415389,
            29.9789995
          ],
          [
            31.1415207,
            29.9790562
          ],
          [
            31.1415069,
            29.9791138
          ],
          [
            31.1414982,
            29.9791615
          ],
          [
            31.1414685,
            29.9793286
          ],
          [
            31.1414456,
            29.979537
          ],
          [
            31.1414445,
            29.9796684
          ],
          [
            31.1414466,
            29.9801645
          ],
          [
            31.1414509,
            29.9801817
          ],
          [
            31.1414608,
            29.9801971
          ],
          [
            31.1414754,
            29.9802093
          ],
          [
            31.1415263,
            29.9802341
          ],
          [
            31.1415732,
            29.980262
          ],
          [
            31.1415946,
            29.9802968
          ],
          [
            31.1415985,
            29.9803579
          ],
          [
            31.1415683,
            29.9805301
          ],
          [
            31.1414681,
            29.9809181
          ],
          [
            31.1413479,
            29.9812885
          ]
        ]
      },
      "id": "way/48678100"
    },
    {
      "type": "Feature",
      "properties": {
        "@id": "way/52497348",
        "foot": "yes",
        "highway": "residential",
        "name": "شارع احمد الدكروري",
        "name:ar": "شارع احمد الدكروري",
        "name:en": "Ahmed Al Dakroury Street"
      },
      "geometry": {
        "type": "LineString",
        "coordinates": [
          [
            31.2468732,
            30.0689013
          ],
          [
            31.2470228,
            30.0688495
          ],
          [
            31.2473125,
            30.0687492
          ],
          [
            31.2474842,
            30.0686897
          ]
        ]
      },
      "id": "way/52497348"
    },
    {
      "type": "Feature",
      "properties": {
        "@id": "way/55356697",
        "bridge": "yes",
        "destination": "المقطم; الأوتوستراد",
        "destination:lang:en": "Mokattam; Autostrad",
        "foot": "no",
        "highway": "primary",
        "lanes": "2",
        "layer": "1",
        "lit": "yes",
        "name": "كوبري مدخل منشية ناصر و المقطم",
        "name:ar": "كوبري مدخل منشية ناصر و المقطم",
        "name:en": "Manshiet Naser W Al Mokattam Entrance Bridge",
        "old_ref": "06",
        "oneway": "yes",
        "surface": "asphalt"
      },
      "geometry": {
        "type": "LineString",
        "coordinates": [
          [
            31.2667093,
            30.0299689
          ],
          [
            31.2667671,
            30.0300071
          ],
          [
            31.2668346,
            30.0300297
          ],
          [
            31.2669065,
            30.0300361
          ],
          [
            31.2669649,
            30.0300267
          ],
          [
            31.2670377,
            30.030005
          ],
          [
            31.2670966,
            30.0299794
          ],
          [
            31.2681619,
            30.0295089
          ]
        ]
      },
      "id": "way/55356697"
    },
    {
      "type": "Feature",
      "properties": {
        "@id": "way/80678427",
        "bridge": "yes",
        "foot": "no",
        "highway": "secondary",
        "layer": "1",
        "name": "كوبرى بولاق الدكرور",
        "name:ar": "كوبرى بولاق الدكرور",
        "name:en": "Boulak Al Dakrour Bridge",
        "oneway": "yes"
      },
      "geometry": {
        "type": "LineString",
        "coordinates": [
          [
            31.1929941,
            30.0426938
          ],
          [
            31.1928838,
            30.0433283
          ],
          [
            31.1928075,
            30.0437372
          ],
          [
            31.19279,
            30.0438472
          ],
          [
            31.1927881,
            30.0439295
          ],
          [
            31.1928075,
            30.0440123
          ],
          [
            31.1928552,
            30.0440927
          ],
          [
            31.1929102,
            30.0441515
          ],
          [
            31.192977,
            30.0441975
          ],
          [
            31.1930609,
            30.0442321
          ],
          [
            31.193424,
            30.044327
          ],
          [
            31.1935209,
            30.0443523
          ],
          [
            31.1935926,
            30.0443836
          ],
          [
            31.1936456,
            30.0444172
          ],
          [
            31.1936997,
            30.0444577
          ],
          [
            31.1937689,
            30.0445249
          ],
          [
            31.1941899,
            30.0450044
          ],
          [
            31.1948338,
            30.0457414
          ]
        ]
      },
      "id": "way/80678427"
    },
    {
      "type": "Feature",
      "properties": {
        "@id": "way/100650276",
        "highway": "residential",
        "name": "ميدان مولد السمان",
        "name:ar": "ميدان مولد السمان",
        "name:en": "Mouled Al Seman Square",
        "source": "Yahoo"
      },
      "geometry": {
        "type": "LineString",
        "coordinates": [
          [
            31.1415614,
            29.978944
          ],
          [
            31.1414882,
            29.9789663
          ],
          [
            31.1414574,
            29.9789752
          ],
          [
            31.1414253,
            29.9789798
          ],
          [
            31.1413929,
            29.97898
          ],
          [
            31.140792,
            29.9789282
          ]
        ]
      },
      "id": "way/100650276"
    },
    {
      "type": "Feature",
      "properties": {
        "@id": "way/100650432",
        "highway": "residential",
        "name": "شارع مشتل سيدى حمد السمان",
        "name:ar": "شارع مشتل سيدى حمد السمان",
        "name:en": "Mshtal Sidi Hamd Al Seman Street",
        "source": "Yahoo"
      },
      "geometry": {
        "type": "LineString",
        "coordinates": [
          [
            31.140792,
            29.9789282
          ],
          [
            31.1408883,
            29.9783781
          ],
          [
            31.1409274,
            29.9783757
          ],
          [
            31.140971,
            29.9783754
          ],
          [
            31.1414624,
            29.9783915
          ],
          [
            31.1419231,
            29.9784224
          ]
        ]
      },
      "id": "way/100650432"
    },
    {
      "type": "Feature",
      "properties": {
        "@id": "way/151201715",
        "foot": "no",
        "highway": "secondary",
        "name": "كوبرى بولاق الدكرور",
        "name:ar": "كوبرى بولاق الدكرور",
        "name:en": "Boulak Al Dakrour Bridge",
        "oneway": "yes"
      },
      "geometry": {
        "type": "LineString",
        "coordinates": [
          [
            31.1948338,
            30.0457414
          ],
          [
            31.195532,
            30.0464909
          ],
          [
            31.1955581,
            30.0465136
          ],
          [
            31.1955892,
            30.0465311
          ],
          [
            31.1956239,
            30.0465424
          ],
          [
            31.1956579,
            30.0465448
          ]
        ]
      },
      "id": "way/151201715"
    },
    {
      "type": "Feature",
      "properties": {
        "@id": "way/156973384",
        "highway": "secondary",
        "lit": "yes",
        "name": "شارع دار السلام",
        "name:ar": "شارع دار السلام",
        "name:en": "Dar Al Salam Street",
        "oneway": "yes"
      },
      "geometry": {
        "type": "LineString",
        "coordinates": [
          [
            31.2286179,
            29.9976401
          ],
          [
            31.2286744,
            29.9976522
          ],
          [
            31.2287322,
            29.9976584
          ],
          [
            31.2287904,
            29.9976586
          ],
          [
            31.2288482,
            29.9976529
          ],
          [
            31.2289076,
            29.9976405
          ],
          [
            31.2289647,
            29.9976218
          ],
          [
            31.2290187,
            29.997597
          ],
          [
            31.2290687,
            29.9975667
          ],
          [
            31.2291139,
            29.9975311
          ],
          [
            31.2291403,
            29.9975107
          ],
          [
            31.2291618,
            29.9974723
          ],
          [
            31.2292168,
            29.9973741
          ],
          [
            31.2292518,
            29.9973172
          ],
          [
            31.2293686,
            29.9971418
          ],
          [
            31.2296202,
            29.9968215
          ],
          [
            31.2297562,
            29.9966529
          ],
          [
            31.2300109,
            29.9962966
          ],
          [
            31.2303218,
            29.9958332
          ],
          [
            31.2306581,
            29.9953319
          ],
          [
            31.2307605,
            29.9952045
          ],
          [
            31.2308667,
            29.9950794
          ],
          [
            31.2310026,
            29.9949286
          ],
          [
            31.2310979,
            29.9948295
          ],
          [
            31.2311441,
            29.9947815
          ],
          [
            31.2312909,
            29.9946385
          ],
          [
            31.2314899,
            29.9944252
          ],
          [
            31.2315435,
            29.9943649
          ],
          [
            31.231683,
            29.9942079
          ],
          [
            31.2318701,
            29.9939867
          ],
          [
            31.2320687,
            29.9937392
          ],
          [
            31.2322598,
            29.9934872
          ],
          [
            31.2324433,
            29.993231
          ],
          [
            31.232619,
            29.9929707
          ],
          [
            31.2327247,
            29.9927998
          ],
          [
            31.2328243,
            29.9926262
          ],
          [
            31.2329178,
            29.9924499
          ],
          [
            31.2330128,
            29.9922544
          ],
          [
            31.2331001,
            29.9920563
          ],
          [
            31.2331797,
            29.9918557
          ],
          [
            31.2337013,
            29.9905341
          ],
          [
            31.2337226,
            29.9904371
          ],
          [
            31.2337279,
            29.990378
          ],
          [
            31.2337257,
            29.9903188
          ],
          [
            31.2337154,
            29.9902574
          ],
          [
            31.2336971,
            29.9901974
          ],
          [
            31.233671,
            29.9901396
          ],
          [
            31.2336375,
            29.9900848
          ],
          [
            31.2335969,
            29.9900336
          ],
          [
            31.2335499,
            29.9899868
          ],
          [
            31.233497,
            29.989945
          ],
          [
            31.233449,
            29.9899127
          ],
          [
            31.2334069,
            29.9898748
          ],
          [
            31.2333716,
            29.989832
          ],
          [
            31.2333439,
            29.9897852
          ],
          [
            31.2333242,
            29.9897356
          ],
          [
            31.233313,
            29.9896841
          ],
          [
            31.2333252,
            29.9896317
          ],
          [
            31.2333911,
            29.9895619
          ],
          [
            31.233804,
            29.9892342
          ],
          [
            31.2343803,
            29.9888452
          ],
          [
            31.2344759,
            29.9887785
          ],
          [
            31.2346972,
            29.9886486
          ]
        ]
      },
      "id": "way/156973384"
    },
    {
      "type": "Feature",
      "properties": {
        "@id": "way/174694760",
        "highway": "secondary",
        "lit": "yes",
        "name": "شارع دار السلام",
        "name:ar": "شارع دار السلام",
        "name:en": "Dar Al Salam Street",
        "oneway": "yes"
      },
      "geometry": {
        "type": "LineString",
        "coordinates": [
          [
            31.234889,
            29.9888152
          ],
          [
            31.2347797,
            29.9890719
          ],
          [
            31.2341663,
            29.9902907
          ],
          [
            31.2339541,
            29.9906591
          ],
          [
            31.2334232,
            29.9918109
          ],
          [
            31.2333196,
            29.9920449
          ],
          [
            31.2332087,
            29.9922763
          ],
          [
            31.2330908,
            29.9925051
          ],
          [
            31.2329657,
            29.9927311
          ],
          [
            31.232846,
            29.992934
          ],
          [
            31.2327206,
            29.9931343
          ],
          [
            31.2325895,
            29.9933319
          ],
          [
            31.232453,
            29.9935267
          ],
          [
            31.2320426,
            29.9940932
          ],
          [
            31.2319792,
            29.9941713
          ],
          [
            31.2318377,
            29.9943322
          ],
          [
            31.2316979,
            29.9944794
          ],
          [
            31.2316893,
            29.9944884
          ],
          [
            31.2315908,
            29.9945746
          ],
          [
            31.2314969,
            29.9946648
          ],
          [
            31.231408,
            29.9947585
          ],
          [
            31.2313241,
            29.9948558
          ],
          [
            31.2312663,
            29.99493
          ],
          [
            31.2312389,
            29.9949652
          ],
          [
            31.2311601,
            29.9950782
          ],
          [
            31.2311253,
            29.9951369
          ],
          [
            31.231088,
            29.9951944
          ],
          [
            31.231068,
            29.9952217
          ],
          [
            31.2310131,
            29.9952966
          ],
          [
            31.2309302,
            29.995394
          ],
          [
            31.2308396,
            29.9954862
          ],
          [
            31.2307345,
            29.9955887
          ],
          [
            31.2306221,
            29.9957283
          ],
          [
            31.2305608,
            29.995805
          ],
          [
            31.2304715,
            29.9959336
          ],
          [
            31.2303653,
            29.996109
          ],
          [
            31.2302344,
            29.9962929
          ],
          [
            31.2299989,
            29.9966006
          ],
          [
            31.2297669,
            29.9969421
          ],
          [
            31.2296408,
            29.9971151
          ],
          [
            31.2295282,
            29.9972963
          ],
          [
            31.2294397,
            29.9974415
          ],
          [
            31.229315,
            29.9976529
          ],
          [
            31.2291067,
            29.9980261
          ],
          [
            31.2287167,
            29.9988962
          ]
        ]
      },
      "id": "way/174694760"
    },
    {
      "type": "Feature",
      "properties": {
        "@id": "way/217290865",
        "bridge": "yes",
        "highway": "footway",
        "layer": "1",
        "name": "كوبرى مشاة أرض اللواء (سلم الاليزيه)",
        "name:ar": "كوبرى مشاة أرض اللواء (سلم الاليزيه)",
        "name:en": "Ard Al-Lewa Pedestrian Bridge"
      },
      "geometry": {
        "type": "LineString",
        "coordinates": [
          [
            31.1916498,
            30.0480316
          ],
          [
            31.1920845,
            30.0481025
          ]
        ]
      },
      "id": "way/217290865"
    },
    {
      "type": "Feature",
      "properties": {
        "@id": "way/226835742",
        "highway": "residential",
        "name": "شارع خير الله",
        "name:ar": "شارع خير الله",
        "name:en": "Kheir Allah Street"
      },
      "geometry": {
        "type": "LineString",
        "coordinates": [
          [
            31.2502796,
            29.9870603
          ],
          [
            31.2495896,
            29.9871009
          ],
          [
            31.2485852,
            29.9871602
          ]
        ]
      },
      "id": "way/226835742"
    },
    {
      "type": "Feature",
      "properties": {
        "@id": "way/226835759",
        "highway": "residential",
        "name": "شارع متفرع من شارع خير الله",
        "name:ar": "شارع متفرع من شارع خير الله",
        "name:en": "Street From Kheir Allah Street"
      },
      "geometry": {
        "type": "LineString",
        "coordinates": [
          [
            31.24954,
            29.9866447
          ],
          [
            31.2495896,
            29.9871009
          ]
        ]
      },
      "id": "way/226835759"
    },
    {
      "type": "Feature",
      "properties": {
        "@id": "way/233125848",
        "highway": "residential",
        "name": "شارع الخصوصى",
        "name:ar": "شارع الخصوصى",
        "name:en": "Al Khosousi Street"
      },
      "geometry": {
        "type": "LineString",
        "coordinates": [
          [
            31.2342597,
            30.0602792
          ],
          [
            31.2342475,
            30.0604712
          ],
          [
            31.2342453,
            30.0605019
          ],
          [
            31.2342371,
            30.0606123
          ],
          [
            31.2342204,
            30.0607846
          ],
          [
            31.2342079,
            30.0608595
          ],
          [
            31.2341796,
            30.0610648
          ],
          [
            31.2341636,
            30.0611808
          ],
          [
            31.2341522,
            30.0612455
          ],
          [
            31.2341317,
            30.0614325
          ],
          [
            31.2341334,
            30.0614807
          ],
          [
            31.2341316,
            30.0615962
          ],
          [
            31.2341309,
            30.0616761
          ],
          [
            31.2341308,
            30.0616912
          ],
          [
            31.2341305,
            30.0617255
          ],
          [
            31.234129,
            30.0618187
          ],
          [
            31.2341347,
            30.0618767
          ],
          [
            31.2341379,
            30.0619103
          ],
          [
            31.2341449,
            30.0619527
          ],
          [
            31.2341523,
            30.061985
          ],
          [
            31.2341615,
            30.0620169
          ],
          [
            31.2341725,
            30.0620484
          ],
          [
            31.2343048,
            30.0623565
          ],
          [
            31.2343301,
            30.0624134
          ],
          [
            31.2343615,
            30.0625038
          ],
          [
            31.2344387,
            30.0627004
          ],
          [
            31.2344869,
            30.0628081
          ],
          [
            31.2345292,
            30.0629107
          ],
          [
            31.2346947,
            30.0632125
          ]
        ]
      },
      "id": "way/233125848"
    },
    {
      "type": "Feature",
      "properties": {
        "@id": "way/305883844",
        "highway": "residential",
        "name": "شارع سيدى احمد السمان",
        "name:ar": "شارع سيدى احمد السمان",
        "name:en": "Sidi Ahmed Al Seman Street"
      },
      "geometry": {
        "type": "LineString",
        "coordinates": [
          [
            31.140967,
            29.9811641
          ],
          [
            31.1408977,
            29.9814072
          ],
          [
            31.1408358,
            29.9816264
          ],
          [
            31.1408216,
            29.9816786
          ],
          [
            31.1407673,
            29.9818755
          ],
          [
            31.1407058,
            29.9820987
          ],
          [
            31.1406625,
            29.9822557
          ],
          [
            31.1406412,
            29.9823206
          ],
          [
            31.1405898,
            29.9825005
          ],
          [
            31.1405691,
            29.9825684
          ],
          [
            31.1405195,
            29.9827306
          ],
          [
            31.140447,
            29.982968
          ],
          [
            31.1404199,
            29.9830648
          ],
          [
            31.1403857,
            29.9831869
          ],
          [
            31.1403777,
            29.9832117
          ],
          [
            31.1403666,
            29.9832356
          ],
          [
            31.140348,
            29.9832644
          ],
          [
            31.1402092,
            29.9834515
          ],
          [
            31.1398337,
            29.9838071
          ],
          [
            31.139322,
            29.9843196
          ],
          [
            31.1387122,
            29.9849303
          ],
          [
            31.1386106,
            29.985033
          ],
          [
            31.1385073,
            29.9851344
          ],
          [
            31.1384022,
            29.9852344
          ]
        ]
      },
      "id": "way/305883844"
    },
    {
      "type": "Feature",
      "properties": {
        "@id": "way/389112229",
        "highway": "residential",
        "name": "شارع مصرف الوراق",
        "name:ar": "شارع مصرف الوراق",
        "name:en": "Masraf Al Warak Street"
      },
      "geometry": {
        "type": "LineString",
        "coordinates": [
          [
            31.1981973,
            30.1121866
          ],
          [
            31.1980901,
            30.1125129
          ],
          [
            31.1980493,
            30.1126373
          ],
          [
            31.1979525,
            30.112932
          ],
          [
            31.197862,
            30.1132075
          ],
          [
            31.1976059,
            30.1141994
          ],
          [
            31.1975483,
            30.1144
          ],
          [
            31.1975264,
            30.1144873
          ],
          [
            31.1974846,
            30.1146575
          ],
          [
            31.1974262,
            30.1149302
          ],
          [
            31.19739,
            30.1151309
          ],
          [
            31.1973551,
            30.1152898
          ],
          [
            31.1973154,
            30.1154139
          ],
          [
            31.1972869,
            30.1155337
          ],
          [
            31.1972713,
            30.115599
          ],
          [
            31.1972699,
            30.1156303
          ],
          [
            31.1972766,
            30.1156471
          ],
          [
            31.1973041,
            30.1156605
          ],
          [
            31.197463,
            30.115686
          ],
          [
            31.1976012,
            30.1157127
          ],
          [
            31.1976193,
            30.1157214
          ],
          [
            31.1976273,
            30.1157272
          ],
          [
            31.197633,
            30.1157402
          ],
          [
            31.1976327,
            30.115757
          ],
          [
            31.1975985,
            30.1158577
          ],
          [
            31.1975659,
            30.115978
          ],
          [
            31.1975522,
            30.1160346
          ],
          [
            31.1975031,
            30.1162244
          ],
          [
            31.1972371,
            30.1172364
          ]
        ]
      },
      "id": "way/389112229"
    },
    {
      "type": "Feature",
      "properties": {
        "@id": "way/389112312",
        "highway": "residential",
        "name": "شارع ابراهيم خير الله",
        "name:ar": "شارع ابراهيم خير الله",
        "name:en": "Ibrahim Kheir Allah Street"
      },
      "geometry": {
        "type": "LineString",
        "coordinates": [
          [
            31.1926928,
            30.112794
          ],
          [
            31.1953966,
            30.113616
          ]
        ]
      },
      "id": "way/389112312"
    },
    {
      "type": "Feature",
      "properties": {
        "@id": "way/433728123",
        "highway": "residential",
        "name": "حارة فتحي الخصوص",
        "name:ar": "حارة فتحي الخصوص",
        "name:en": "Fathy Al Khesous Alley",
        "source": "digitalglobe"
      },
      "geometry": {
        "type": "LineString",
        "coordinates": [
          [
            31.3095022,
            30.2985858
          ],
          [
            31.30947,
            30.2985869
          ],
          [
            31.3093748,
            30.2986112
          ],
          [
            31.3087624,
            30.2987612
          ]
        ]
      },
      "id": "way/433728123"
    },
    {
      "type": "Feature",
      "properties": {
        "@id": "way/527548399",
        "highway": "secondary",
        "name": "شارع الخصوص",
        "name:ar": "شارع الخصوص",
        "name:en": "Al Khesous Street"
      },
      "geometry": {
        "type": "LineString",
        "coordinates": [
          [
            31.3051597,
            30.1652909
          ],
          [
            31.3053381,
            30.1657443
          ],
          [
            31.3055527,
            30.1662896
          ],
          [
            31.3056724,
            30.1665572
          ],
          [
            31.3060026,
            30.1672954
          ],
          [
            31.306118,
            30.1675535
          ],
          [
            31.3064367,
            30.16824
          ],
          [
            31.3065583,
            30.1685018
          ],
          [
            31.3066669,
            30.1687357
          ],
          [
            31.3067531,
            30.1689213
          ],
          [
            31.306945,
            30.1693346
          ],
          [
            31.3075262,
            30.1703853
          ],
          [
            31.3077935,
            30.1708686
          ],
          [
            31.3082844,
            30.171964
          ],
          [
            31.3084871,
            30.172384
          ],
          [
            31.3087368,
            30.1729078
          ],
          [
            31.3090622,
            30.1735905
          ],
          [
            31.3092386,
            30.1739604
          ],
          [
            31.3093051,
            30.1740999
          ],
          [
            31.3094044,
            30.1743613
          ],
          [
            31.3095434,
            30.1746663
          ],
          [
            31.3096565,
            30.1749163
          ],
          [
            31.3097762,
            30.175178
          ],
          [
            31.3098967,
            30.1754413
          ],
          [
            31.3100204,
            30.1757117
          ],
          [
            31.3102,
            30.1761496
          ],
          [
            31.3105231,
            30.1769372
          ],
          [
            31.3114828,
            30.1789557
          ],
          [
            31.3120973,
            30.1801749
          ],
          [
            31.3127014,
            30.1814501
          ],
          [
            31.3130254,
            30.1821341
          ],
          [
            31.3137737,
            30.1837108
          ],
          [
            31.3143021,
            30.1848816
          ],
          [
            31.3144067,
            30.1851019
          ],
          [
            31.3145167,
            30.1853059
          ],
          [
            31.3146669,
            30.1855656
          ],
          [
            31.3148171,
            30.1858276
          ],
          [
            31.314986,
            30.1861267
          ],
          [
            31.3153342,
            30.1868739
          ],
          [
            31.3153857,
            30.1869845
          ],
          [
            31.3154171,
            30.187048
          ],
          [
            31.3155853,
            30.1873881
          ],
          [
            31.3156579,
            30.1875374
          ],
          [
            31.31567,
            30.187571
          ],
          [
            31.3157591,
            30.1877607
          ],
          [
            31.3158444,
            30.1879444
          ],
          [
            31.3159932,
            30.1882701
          ],
          [
            31.3160455,
            30.1884023
          ],
          [
            31.3160698,
            30.1884771
          ],
          [
            31.3160979,
            30.1885622
          ],
          [
            31.3161207,
            30.1886796
          ],
          [
            31.3161435,
            30.1888126
          ],
          [
            31.316157,
            30.1889399
          ],
          [
            31.3161716,
            30.1891406
          ],
          [
            31.3161877,
            30.1892809
          ],
          [
            31.3162132,
            30.1893992
          ],
          [
            31.3162601,
            30.1895023
          ],
          [
            31.3164251,
            30.1898118
          ],
          [
            31.3166249,
            30.1901318
          ],
          [
            31.3169535,
            30.1907113
          ],
          [
            31.3171658,
            30.1911101
          ],
          [
            31.3172387,
            30.1912543
          ],
          [
            31.3173324,
            30.1914399
          ],
          [
            31.3181219,
            30.193134
          ],
          [
            31.3191619,
            30.1955356
          ],
          [
            31.3192208,
            30.1956396
          ]
        ]
      },
      "id": "way/527548399"
    },
    {
      "type": "Feature",
      "properties": {
        "@id": "way/669864487",
        "highway": "residential",
        "name": "شارع السمان",
        "name:ar": "شارع السمان",
        "name:en": "Al Seman Street"
      },
      "geometry": {
        "type": "LineString",
        "coordinates": [
          [
            31.3902652,
            30.1507829
          ],
          [
            31.3898575,
            30.1504582
          ],
          [
            31.389537,
            30.150203
          ]
        ]
      },
      "id": "way/669864487"
    },
    {
      "type": "Feature",
      "properties": {
        "@id": "way/670066679",
        "highway": "unclassified",
        "name": "شارع مصرف الخصوص",
        "name:ar": "شارع مصرف الخصوص",
        "name:en": "Masraf Al Khesous Street"
      },
      "geometry": {
        "type": "LineString",
        "coordinates": [
          [
            31.3397898,
            30.181558
          ],
          [
            31.3394415,
            30.1812195
          ],
          [
            31.3392396,
            30.1810232
          ],
          [
            31.33905,
            30.1808389
          ],
          [
            31.3389882,
            30.180778
          ],
          [
            31.3389296,
            30.1807148
          ],
          [
            31.3388743,
            30.1806493
          ],
          [
            31.3388036,
            30.1805559
          ],
          [
            31.3387396,
            30.180459
          ],
          [
            31.3386292,
            30.1802558
          ],
          [
            31.338591,
            30.1801695
          ],
          [
            31.3385594,
            30.1800718
          ],
          [
            31.338536,
            30.1799723
          ],
          [
            31.3385209,
            30.1798717
          ],
          [
            31.3385023,
            30.1797773
          ],
          [
            31.3384467,
            30.1795472
          ],
          [
            31.3383943,
            30.1793304
          ],
          [
            31.3382045,
            30.1785451
          ],
          [
            31.3381522,
            30.178327
          ],
          [
            31.3380894,
            30.1780648
          ],
          [
            31.338034,
            30.1778336
          ],
          [
            31.3379622,
            30.1775343
          ],
          [
            31.3378664,
            30.1771345
          ],
          [
            31.3377738,
            30.1767471
          ],
          [
            31.3377143,
            30.1765295
          ],
          [
            31.337662,
            30.1763627
          ],
          [
            31.3376042,
            30.1761972
          ],
          [
            31.3375411,
            30.1760333
          ],
          [
            31.3374717,
            30.1758656
          ],
          [
            31.3373023,
            30.1754272
          ],
          [
            31.3372932,
            30.175402
          ],
          [
            31.3372779,
            30.1753598
          ],
          [
            31.3370294,
            30.1747862
          ],
          [
            31.3368823,
            30.1744466
          ],
          [
            31.3365838,
            30.173793
          ],
          [
            31.3364788,
            30.173561
          ],
          [
            31.3363606,
            30.1732883
          ],
          [
            31.3363002,
            30.1731492
          ],
          [
            31.3362497,
            30.1730196
          ],
          [
            31.3361927,
            30.1728731
          ],
          [
            31.3361126,
            30.1726672
          ],
          [
            31.3360432,
            30.1724702
          ],
          [
            31.335979,
            30.1722878
          ],
          [
            31.335899,
            30.1720706
          ],
          [
            31.3356837,
            30.1714875
          ]
        ]
      },
      "id": "way/670066679"
    },
    {
      "type": "Feature",
      "properties": {
        "@id": "way/671503610",
        "highway": "tertiary",
        "name": "شارع الخصوص العمومى",
        "name:ar": "شارع الخصوص العمومى",
        "name:en": "Al Khesous Al Aamoumy Street",
        "oneway": "yes"
      },
      "geometry": {
        "type": "LineString",
        "coordinates": [
          [
            31.3083284,
            30.1575788
          ],
          [
            31.3083099,
            30.1575893
          ],
          [
            31.3082904,
            30.1575985
          ],
          [
            31.3082702,
            30.1576064
          ],
          [
            31.3082493,
            30.1576128
          ],
          [
            31.308228,
            30.1576179
          ],
          [
            31.3066897,
            30.1578114
          ],
          [
            31.3062351,
            30.1578715
          ],
          [
            31.3057216,
            30.157941
          ],
          [
            31.3051078,
            30.1580243
          ],
          [
            31.3047316,
            30.1580744
          ],
          [
            31.3043104,
            30.1581244
          ],
          [
            31.3037613,
            30.1581908
          ],
          [
            31.3036386,
            30.1582057
          ],
          [
            31.3029514,
            30.1583173
          ],
          [
            31.3024055,
            30.158406
          ],
          [
            31.3022397,
            30.1584406
          ],
          [
            31.3021992,
            30.1584526
          ],
          [
            31.3021628,
            30.1584722
          ],
          [
            31.3021292,
            30.1584988
          ]
        ]
      },
      "id": "way/671503610"
    },
    {
      "type": "Feature",
      "properties": {
        "@id": "way/677558006",
        "highway": "residential",
        "name": "شارع الخصوص",
        "name:ar": "شارع الخصوص",
        "name:en": "Al Khesous Street"
      },
      "geometry": {
        "type": "LineString",
        "coordinates": [
          [
            31.3244475,
            30.1773948
          ],
          [
            31.324585,
            30.1773574
          ],
          [
            31.3246614,
            30.1773326
          ],
          [
            31.32473,
            30.1773065
          ],
          [
            31.3247957,
            30.1772752
          ],
          [
            31.3248625,
            30.1772401
          ],
          [
            31.3251229,
            30.1771041
          ],
          [
            31.3253723,
            30.1769898
          ],
          [
            31.3254704,
            30.1769555
          ],
          [
            31.3255591,
            30.1769327
          ],
          [
            31.3256553,
            30.1769103
          ],
          [
            31.3257537,
            30.1768973
          ],
          [
            31.3258426,
            30.1768868
          ],
          [
            31.3259513,
            30.1768863
          ],
          [
            31.3275536,
            30.1768453
          ],
          [
            31.3280545,
            30.1768315
          ],
          [
            31.3283703,
            30.1768304
          ],
          [
            31.3285002,
            30.1768228
          ],
          [
            31.3286299,
            30.1768119
          ],
          [
            31.3287912,
            30.1767939
          ],
          [
            31.3289516,
            30.1767709
          ],
          [
            31.329109,
            30.1767433
          ],
          [
            31.3296035,
            30.176651
          ],
          [
            31.3298619,
            30.176606
          ],
          [
            31.3301203,
            30.1765609
          ],
          [
            31.3317158,
            30.1763039
          ],
          [
            31.3320509,
            30.1762552
          ],
          [
            31.3328898,
            30.1761195
          ],
          [
            31.3335883,
            30.1760101
          ],
          [
            31.3337017,
            30.1759955
          ],
          [
            31.3338051,
            30.1759883
          ],
          [
            31.3339082,
            30.1759983
          ],
          [
            31.3340055,
            30.1760247
          ],
          [
            31.3341265,
            30.1760849
          ],
          [
            31.3341909,
            30.1761348
          ],
          [
            31.3342452,
            30.176193
          ],
          [
            31.3342882,
            30.1762578
          ],
          [
            31.3343225,
            30.176326
          ],
          [
            31.3344321,
            30.1766714
          ],
          [
            31.3348042,
            30.1777298
          ],
          [
            31.3349082,
            30.1780928
          ],
          [
            31.3350892,
            30.1785982
          ],
          [
            31.3353668,
            30.1794121
          ],
          [
            31.3354821,
            30.1797228
          ],
          [
            31.335739,
            30.1804561
          ],
          [
            31.3357529,
            30.1805058
          ],
          [
            31.3357619,
            30.1805546
          ],
          [
            31.3357756,
            30.1806026
          ],
          [
            31.3357938,
            30.1806495
          ],
          [
            31.3359589,
            30.1811104
          ],
          [
            31.3366295,
            30.1831282
          ],
          [
            31.3369267,
            30.1839711
          ],
          [
            31.3369286,
            30.1840128
          ],
          [
            31.3369225,
            30.1840541
          ],
          [
            31.3369084,
            30.184094
          ],
          [
            31.3368868,
            30.1841312
          ],
          [
            31.3368583,
            30.1841648
          ]
        ]
      },
      "id": "way/677558006"
    },
    {
      "type": "Feature",
      "properties": {
        "@id": "way/677558161",
        "highway": "unclassified",
        "name": "شارع الخصوص",
        "name:ar": "شارع الخصوص",
        "name:en": "Al Khosous Street"
      },
      "geometry": {
        "type": "LineString",
        "coordinates": [
          [
            31.3362742,
            30.1737776
          ],
          [
            31.3365322,
            30.174399
          ],
          [
            31.336976,
            30.175449
          ],
          [
            31.3369902,
            30.1754825
          ],
          [
            31.3372457,
            30.1760871
          ],
          [
            31.3374576,
            30.1766181
          ],
          [
            31.3374961,
            30.1766998
          ],
          [
            31.337534,
            30.1767941
          ],
          [
            31.3375577,
            30.1768919
          ],
          [
            31.3375669,
            30.1769914
          ],
          [
            31.3376722,
            30.1777519
          ],
          [
            31.338035,
            30.1792573
          ],
          [
            31.3380952,
            30.1796051
          ],
          [
            31.3381194,
            30.1797512
          ],
          [
            31.3381442,
            30.1798659
          ],
          [
            31.3381778,
            30.1800056
          ],
          [
            31.338218,
            30.1801378
          ],
          [
            31.3382542,
            30.1802219
          ],
          [
            31.3382737,
            30.180281
          ],
          [
            31.3382884,
            30.1803297
          ],
          [
            31.3383038,
            30.1803755
          ],
          [
            31.3383374,
            30.1804531
          ],
          [
            31.3384011,
            30.1805853
          ],
          [
            31.3384158,
            30.1806137
          ],
          [
            31.3384219,
            30.1806299
          ],
          [
            31.3384319,
            30.1806485
          ],
          [
            31.3385319,
            30.1808226
          ],
          [
            31.3385516,
            30.1808884
          ],
          [
            31.3385571,
            30.1809563
          ],
          [
            31.3385484,
            30.1810239
          ],
          [
            31.3385257,
            30.181089
          ],
          [
            31.3384802,
            30.1811615
          ],
          [
            31.3384239,
            30.1812281
          ],
          [
            31.3381751,
            30.1815209
          ],
          [
            31.3379927,
            30.1817087
          ],
          [
            31.3376051,
            30.182042
          ],
          [
            31.3374918,
            30.1821533
          ],
          [
            31.3374603,
            30.1822014
          ],
          [
            31.3374361,
            30.1822414
          ],
          [
            31.3373979,
            30.1822901
          ],
          [
            31.3373617,
            30.1823295
          ],
          [
            31.3370539,
            30.1825909
          ],
          [
            31.3369922,
            30.1826836
          ],
          [
            31.3369513,
            30.1827683
          ],
          [
            31.3369245,
            30.1828442
          ],
          [
            31.3368957,
            30.1829317
          ],
          [
            31.3368782,
            30.1829723
          ],
          [
            31.3368427,
            30.1830187
          ],
          [
            31.3367991,
            30.1830465
          ],
          [
            31.3366295,
            30.1831282
          ]
        ]
      },
      "id": "way/677558161"
    },
    {
      "type": "Feature",
      "properties": {
        "@id": "way/678083033",
        "highway": "residential",
        "name": "شارع متولي دكرورى",
        "name:ar": "شارع متولي دكرورى",
        "name:en": "Metwali Dakrouri Street"
      },
      "geometry": {
        "type": "LineString",
        "coordinates": [
          [
            31.3439143,
            30.1721566
          ],
          [
            31.3435801,
            30.172211
          ],
          [
            31.3435087,
            30.172224
          ],
          [
            31.3434282,
            30.1722391
          ],
          [
            31.3431586,
            30.1723086
          ]
        ]
      },
      "id": "way/678083033"
    },
    {
      "type": "Feature",
      "properties": {
        "@id": "way/679727611",
        "highway": "residential",
        "name": "شارع محمد الخصوص",
        "name:ar": "شارع محمد الخصوص",
        "name:en": "Mohamed Al Khesous Street"
      },
      "geometry": {
        "type": "LineString",
        "coordinates": [
          [
            31.2761786,
            30.1591806
          ],
          [
            31.2717815,
            30.1602462
          ]
        ]
      },
      "id": "way/679727611"
    },
    {
      "type": "Feature",
      "properties": {
        "@id": "way/681162947",
        "highway": "residential",
        "name": "شارع الوراقى",
        "name:ar": "شارع الوراقى",
        "name:en": "Al Waraki Street"
      },
      "geometry": {
        "type": "LineString",
        "coordinates": [
          [
            31.1083354,
            30.025971
          ],
          [
            31.1083319,
            30.026131
          ],
          [
            31.1083346,
            30.026142
          ],
          [
            31.1083386,
            30.0261478
          ],
          [
            31.1083487,
            30.0261504
          ],
          [
            31.108527,
            30.0261602
          ],
          [
            31.108814,
            30.0261692
          ],
          [
            31.1090946,
            30.0261751
          ],
          [
            31.1092674,
            30.0261788
          ]
        ]
      },
      "id": "way/681162947"
    },
    {
      "type": "Feature",
      "properties": {
        "@id": "way/681345751",
        "highway": "residential",
        "name": "شارع الوراقى",
        "name:ar": "شارع الوراقى",
        "name:en": "Al Waraki Street",
        "note": "متفرع من شارع السوق الجديد",
        "note:en": "From Al Souq Al Gadid Street"
      },
      "geometry": {
        "type": "LineString",
        "coordinates": [
          [
            31.1144856,
            30.0302914
          ],
          [
            31.1142244,
            30.0305473
          ],
          [
            31.1140497,
            30.0307117
          ],
          [
            31.114047,
            30.0307234
          ],
          [
            31.1140537,
            30.0307419
          ],
          [
            31.114098,
            30.0308186
          ],
          [
            31.1141489,
            30.0309161
          ],
          [
            31.114212,
            30.0310466
          ]
        ]
      },
      "id": "way/681345751"
    },
    {
      "type": "Feature",
      "properties": {
        "@id": "way/681410564",
        "highway": "residential",
        "name": "شارع السمان الوسطانى",
        "name:ar": "شارع السمان الوسطانى",
        "name:en": "Al Seman Al Wastany Street"
      },
      "geometry": {
        "type": "LineString",
        "coordinates": [
          [
            31.140967,
            29.9811641
          ],
          [
            31.1408758,
            29.9811299
          ],
          [
            31.1406802,
            29.9810573
          ],
          [
            31.1405995,
            29.9810271
          ],
          [
            31.1403244,
            29.9809245
          ],
          [
            31.1403063,
            29.980918
          ],
          [
            31.1400826,
            29.9808349
          ],
          [
            31.1398879,
            29.9807631
          ],
          [
            31.1396133,
            29.9806614
          ],
          [
            31.1389523,
            29.9804255
          ],
          [
            31.138928,
            29.9804201
          ],
          [
            31.1389028,
            29.9804196
          ],
          [
            31.1388782,
            29.9804239
          ],
          [
            31.1388552,
            29.9804329
          ]
        ]
      },
      "id": "way/681410564"
    },
    {
      "type": "Feature",
      "properties": {
        "@id": "way/681790901",
        "highway": "residential",
        "name": "زقاق احمد السمان",
        "name:ar": "زقاق احمد السمان",
        "name:en": "Zuqaq Ahmed Al Seman"
      },
      "geometry": {
        "type": "LineString",
        "coordinates": [
          [
            31.1398337,
            29.9838071
          ],
          [
            31.1399894,
            29.9838683
          ],
          [
            31.1404373,
            29.9840443
          ]
        ]
      },
      "id": "way/681790901"
    },
    {
      "type": "Feature",
      "properties": {
        "@id": "way/681876788",
        "highway": "residential",
        "name": "شارع محمد دكرورى",
        "name:ar": "شارع محمد دكرورى",
        "name:en": "Mohamed Dakrouri Street"
      },
      "geometry": {
        "type": "LineString",
        "coordinates": [
          [
            31.1731421,
            29.9873076
          ],
          [
            31.1765768,
            29.9883603
          ]
        ]
      },
      "id": "way/681876788"
    },
    {
      "type": "Feature",
      "properties": {
        "@id": "way/682834419",
        "alt_name": "شارع مصطفى كامل",
        "alt_name:en": "Moustafa Kamel Street",
        "highway": "residential",
        "name": "درب العقاربه",
        "name:ar": "درب العقاربه",
        "name:en": "Darb Al Aqarbah"
      },
      "geometry": {
        "type": "LineString",
        "coordinates": [
          [
            31.2567401,
            29.9113252
          ],
          [
            31.2567588,
            29.9113247
          ],
          [
            31.256784,
            29.9113262
          ],
          [
            31.2568706,
            29.9113435
          ],
          [
            31.2569337,
            29.9113597
          ],
          [
            31.2569846,
            29.9113772
          ],
          [
            31.2570772,
            29.9114016
          ],
          [
            31.2571468,
            29.9114126
          ],
          [
            31.2571724,
            29.9114167
          ],
          [
            31.2577705,
            29.9114574
          ],
          [
            31.2579141,
            29.9114783
          ],
          [
            31.2581479,
            29.9115039
          ],
          [
            31.2584344,
            29.9115353
          ],
          [
            31.2585282,
            29.9115457
          ],
          [
            31.2585832,
            29.9115399
          ],
          [
            31.2586064,
            29.9115306
          ],
          [
            31.2586154,
            29.911512
          ],
          [
            31.2586127,
            29.9114957
          ]
        ]
      },
      "id": "way/682834419"
    },
    {
      "type": "Feature",
      "properties": {
        "@id": "way/686581993",
        "highway": "residential",
        "name": "طريق الخصوص",
        "name:ar": "طريق الخصوص",
        "name:en": "Al Khesous Road"
      },
      "geometry": {
        "type": "LineString",
        "coordinates": [
          [
            31.3132955,
            30.173637
          ],
          [
            31.3133848,
            30.1737637
          ],
          [
            31.3134977,
            30.1740718
          ],
          [
            31.3135575,
            30.1742527
          ],
          [
            31.3136154,
            30.1744292
          ],
          [
            31.3136294,
            30.174465
          ],
          [
            31.3137106,
            30.1746733
          ],
          [
            31.3137683,
            30.1748767
          ],
          [
            31.313771,
            30.1749973
          ],
          [
            31.3137748,
            30.175108
          ],
          [
            31.3137764,
            30.1751549
          ],
          [
            31.3137882,
            30.1752998
          ],
          [
            31.3137898,
            30.1753196
          ],
          [
            31.3138005,
            30.1753868
          ],
          [
            31.3138438,
            30.1755403
          ],
          [
            31.3138917,
            30.1757126
          ],
          [
            31.3139212,
            30.1757909
          ],
          [
            31.3140486,
            30.1760395
          ],
          [
            31.3141864,
            30.176275
          ],
          [
            31.3142243,
            30.1763398
          ],
          [
            31.3143234,
            30.1764932
          ],
          [
            31.3145287,
            30.1768105
          ],
          [
            31.3146685,
            30.1770514
          ],
          [
            31.3148653,
            30.1773392
          ],
          [
            31.3149441,
            30.1774502
          ],
          [
            31.3151014,
            30.1775896
          ],
          [
            31.3153669,
            30.177782
          ],
          [
            31.3156512,
            30.1779838
          ],
          [
            31.3157934,
            30.1781113
          ],
          [
            31.3159114,
            30.178262
          ],
          [
            31.3160616,
            30.1784985
          ],
          [
            31.3161605,
            30.1786494
          ],
          [
            31.3162333,
            30.1787605
          ],
          [
            31.3164881,
            30.1791315
          ],
          [
            31.3167053,
            30.1794306
          ],
          [
            31.3168415,
            30.1795793
          ],
          [
            31.3168582,
            30.1795976
          ],
          [
            31.316932,
            30.1797471
          ],
          [
            31.316944,
            30.1797737
          ],
          [
            31.3170111,
            30.1799036
          ],
          [
            31.3170557,
            30.1799814
          ],
          [
            31.3170782,
            30.1800207
          ],
          [
            31.3172592,
            30.1802491
          ],
          [
            31.3173424,
            30.1803407
          ],
          [
            31.3173974,
            30.1804172
          ],
          [
            31.3174566,
            30.1805242
          ],
          [
            31.3174698,
            30.1805482
          ],
          [
            31.3175341,
            30.1806837
          ],
          [
            31.3175452,
            30.1807071
          ],
          [
            31.3175556,
            30.1807291
          ],
          [
            31.317628,
            30.1808867
          ],
          [
            31.3176583,
            30.1809666
          ],
          [
            31.3176964,
            30.1810676
          ],
          [
            31.3177385,
            30.1811873
          ],
          [
            31.3177742,
            30.181289
          ],
          [
            31.3178158,
            30.1814594
          ],
          [
            31.3178399,
            30.1816403
          ],
          [
            31.317848,
            30.1818744
          ],
          [
            31.3178548,
            30.1819962
          ],
          [
            31.3179418,
            30.1821364
          ],
          [
            31.3183013,
            30.1823764
          ],
          [
            31.3185453,
            30.1825109
          ],
          [
            31.3186043,
            30.1825434
          ],
          [
            31.3186714,
            30.182628
          ],
          [
            31.3190348,
            30.1833722
          ],
          [
            31.3191877,
            30.1838913
          ],
          [
            31.3192994,
            30.1842702
          ]
        ]
      },
      "id": "way/686581993"
    },
    {
      "type": "Feature",
      "properties": {
        "@id": "way/686921692",
        "highway": "residential",
        "name": "حارة محسن السمان",
        "name:ar": "حارة محسن السمان",
        "name:en": "Mohsen Al Seman Alley"
      },
      "geometry": {
        "type": "LineString",
        "coordinates": [
          [
            31.3066713,
            29.9066287
          ],
          [
            31.3061991,
            29.9064447
          ],
          [
            31.30614,
            29.9064268
          ],
          [
            31.3059968,
            29.9063888
          ],
          [
            31.3058199,
            29.906344
          ],
          [
            31.30571,
            29.9063214
          ],
          [
            31.3056478,
            29.9063093
          ],
          [
            31.3055816,
            29.9062963
          ],
          [
            31.3054897,
            29.9062784
          ],
          [
            31.305397,
            29.9062636
          ],
          [
            31.3052217,
            29.9062409
          ],
          [
            31.3051691,
            29.906236
          ],
          [
            31.3050833,
            29.9062279
          ]
        ]
      },
      "id": "way/686921692"
    },
    {
      "type": "Feature",
      "properties": {
        "@id": "way/686937843",
        "highway": "residential",
        "name": "شارع الحاج عبد الحي السمان",
        "name:ar": "شارع الحاج عبد الحي السمان",
        "name:en": "Al Hag Abd Al Hai Al Seman Street"
      },
      "geometry": {
        "type": "LineString",
        "coordinates": [
          [
            31.1728179,
            30.0506163
          ],
          [
            31.1729846,
            30.0526388
          ],
          [
            31.1729987,
            30.052851
          ],
          [
            31.1730191,
            30.053149
          ],
          [
            31.1730329,
            30.0533513
          ],
          [
            31.173049,
            30.0535873
          ],
          [
            31.1730607,
            30.0538178
          ],
          [
            31.1730677,
            30.0543626
          ]
        ]
      },
      "id": "way/686937843"
    },
    {
      "type": "Feature",
      "properties": {
        "@id": "way/686937870",
        "highway": "residential",
        "name": "شارع شحات السمان",
        "name:ar": "شارع شحات السمان",
        "name:en": "Shahat Al Seman Street"
      },
      "geometry": {
        "type": "LineString",
        "coordinates": [
          [
            31.1699892,
            30.0537418
          ],
          [
            31.1725127,
            30.0537177
          ]
        ]
      },
      "id": "way/686937870"
    },
    {
      "type": "Feature",
      "properties": {
        "@id": "way/687267260",
        "highway": "residential",
        "name": "شارع الخصوص",
        "name:ar": "شارع الخصوص",
        "name:en": "Al Khesous Street"
      },
      "geometry": {
        "type": "LineString",
        "coordinates": [
          [
            31.317716,
            30.1584114
          ],
          [
            31.3179852,
            30.1583795
          ],
          [
            31.3180374,
            30.1583732
          ],
          [
            31.3182501,
            30.1583454
          ],
          [
            31.3183851,
            30.1583282
          ],
          [
            31.3185248,
            30.1583103
          ],
          [
            31.3186758,
            30.1582899
          ],
          [
            31.3187803,
            30.1582757
          ],
          [
            31.3190372,
            30.1582419
          ],
          [
            31.3191484,
            30.1582273
          ],
          [
            31.3192737,
            30.1582109
          ],
          [
            31.3195794,
            30.1581707
          ],
          [
            31.3199082,
            30.1581275
          ],
          [
            31.3202609,
            30.1580812
          ],
          [
            31.3203813,
            30.158067
          ],
          [
            31.3207566,
            30.1580228
          ],
          [
            31.3210589,
            30.1579856
          ],
          [
            31.3212496,
            30.1579621
          ],
          [
            31.3213139,
            30.1579542
          ],
          [
            31.3215733,
            30.1579192
          ],
          [
            31.3217077,
            30.1579011
          ],
          [
            31.3218907,
            30.1578715
          ],
          [
            31.3221397,
            30.1578312
          ],
          [
            31.3222955,
            30.157805
          ],
          [
            31.3224376,
            30.1577802
          ],
          [
            31.3227012,
            30.1577343
          ],
          [
            31.3228425,
            30.1577097
          ],
          [
            31.3229815,
            30.157685
          ],
          [
            31.3231643,
            30.1576484
          ],
          [
            31.3232844,
            30.157622
          ],
          [
            31.3234664,
            30.157582
          ],
          [
            31.3235698,
            30.1575592
          ],
          [
            31.323779,
            30.1575132
          ],
          [
            31.3242421,
            30.1573534
          ],
          [
            31.3245255,
            30.1572556
          ],
          [
            31.3247856,
            30.1571665
          ],
          [
            31.3250469,
            30.1570844
          ],
          [
            31.3252942,
            30.1570087
          ],
          [
            31.3253531,
            30.1569938
          ],
          [
            31.3255371,
            30.1569476
          ],
          [
            31.3258116,
            30.1568797
          ],
          [
            31.3258699,
            30.156868
          ],
          [
            31.3263732,
            30.1567834
          ],
          [
            31.3263928,
            30.1567803
          ],
          [
            31.3268015,
            30.156721
          ],
          [
            31.3269178,
            30.1567062
          ],
          [
            31.327121,
            30.156681
          ],
          [
            31.3272837,
            30.1566607
          ],
          [
            31.3274221,
            30.1566435
          ],
          [
            31.3274978,
            30.156634
          ],
          [
            31.3275744,
            30.1566354
          ],
          [
            31.3276496,
            30.1566477
          ],
          [
            31.3277253,
            30.1566744
          ],
          [
            31.3277768,
            30.156695
          ],
          [
            31.3278313,
            30.156709
          ],
          [
            31.3278894,
            30.1567164
          ],
          [
            31.3279447,
            30.1567158
          ],
          [
            31.3280141,
            30.1567056
          ],
          [
            31.3280359,
            30.1567008
          ],
          [
            31.3281852,
            30.1566774
          ],
          [
            31.3283471,
            30.1566318
          ],
          [
            31.3284599,
            30.1565927
          ],
          [
            31.3285703,
            30.1565503
          ],
          [
            31.3286735,
            30.1565158
          ],
          [
            31.3287789,
            30.15649
          ],
          [
            31.3289774,
            30.1564417
          ]
        ]
      },
      "id": "way/687267260"
    },
    {
      "type": "Feature",
      "properties": {
        "@id": "way/687333559",
        "highway": "residential",
        "name": "شارع حامد السمان",
        "name:ar": "شارع حامد السمان",
        "name:en": "Hamed Al Seman Street"
      },
      "geometry": {
        "type": "LineString",
        "coordinates": [
          [
            31.173016,
            30.0506
          ],
          [
            31.1732768,
            30.0543612
          ]
        ]
      },
      "id": "way/687333559"
    },
    {
      "type": "Feature",
      "properties": {
        "@id": "way/687405398",
        "highway": "residential",
        "name": "شارع السمان",
        "name:ar": "شارع السمان",
        "name:en": "Al Seman Street"
      },
      "geometry": {
        "type": "LineString",
        "coordinates": [
          [
            31.2508894,
            29.9742592
          ],
          [
            31.2510018,
            29.973888
          ],
          [
            31.2511106,
            29.9735288
          ]
        ]
      },
      "id": "way/687405398"
    },
    {
      "type": "Feature",
      "properties": {
        "@id": "way/687485114",
        "highway": "residential",
        "name": "شارع مركز شباب جزيره الوراق",
        "name:ar": "شارع مركز شباب جزيره الوراق",
        "name:en": "Markaz Shabab Gezira Al Warak Street"
      },
      "geometry": {
        "type": "LineString",
        "coordinates": [
          [
            31.2336531,
            30.1188301
          ],
          [
            31.2337697,
            30.11887
          ],
          [
            31.2339216,
            30.118922
          ],
          [
            31.2340182,
            30.1189498
          ],
          [
            31.2343186,
            30.1190368
          ],
          [
            31.2345895,
            30.1191343
          ],
          [
            31.2350348,
            30.119299
          ],
          [
            31.2353003,
            30.1194173
          ]
        ]
      },
      "id": "way/687485114"
    },
    {
      "type": "Feature",
      "properties": {
        "@id": "way/687591921",
        "highway": "residential",
        "name": "شارع السكاكيني",
        "name:ar": "شارع السكاكيني",
        "name:en": "Al Sakakeni Street"
      },
      "geometry": {
        "type": "LineString",
        "coordinates": [
          [
            31.2217112,
            29.9575915
          ],
          [
            31.222253,
            29.9600187
          ],
          [
            31.2222544,
            29.9600465
          ],
          [
            31.2222489,
            29.9600576
          ],
          [
            31.2222396,
            29.9600666
          ],
          [
            31.2222275,
            29.9600726
          ],
          [
            31.2222138,
            29.9600749
          ],
          [
            31.2222064,
            29.9600774
          ],
          [
            31.2222003,
            29.9600818
          ],
          [
            31.222196,
            29.9600876
          ],
          [
            31.2221941,
            29.9600942
          ],
          [
            31.2221947,
            29.9601011
          ],
          [
            31.2223023,
            29.9605095
          ]
        ]
      },
      "id": "way/687591921"
    },
    {
      "type": "Feature",
      "properties": {
        "@id": "way/688417008",
        "highway": "residential",
        "name": "شارع مؤمن الدكرورى",
        "name:ar": "شارع مؤمن الدكرورى",
        "name:en": "Moumen Al Dakroury Street"
      },
      "geometry": {
        "type": "LineString",
        "coordinates": [
          [
            31.1715271,
            30.0354473
          ],
          [
            31.1717293,
            30.0354371
          ],
          [
            31.1719556,
            30.0354257
          ],
          [
            31.1721903,
            30.0354139
          ],
          [
            31.1724198,
            30.0354024
          ],
          [
            31.1728482,
            30.0353852
          ]
        ]
      },
      "id": "way/688417008"
    },
    {
      "type": "Feature",
      "properties": {
        "@id": "way/688596148",
        "highway": "residential",
        "name": "شارع الوراق",
        "name:ar": "شارع الوراق",
        "name:en": "Al Warak Street"
      },
      "geometry": {
        "type": "LineString",
        "coordinates": [
          [
            31.2614693,
            30.0135917
          ],
          [
            31.2614893,
            30.0133033
          ],
          [
            31.2615024,
            30.0131156
          ],
          [
            31.2615209,
            30.0128695
          ]
        ]
      },
      "id": "way/688596148"
    },
    {
      "type": "Feature",
      "properties": {
        "@id": "way/688643246",
        "highway": "residential",
        "name": "حارة الوراق",
        "name:ar": "حارة الوراق",
        "name:en": "Al Warak Alley"
      },
      "geometry": {
        "type": "LineString",
        "coordinates": [
          [
            31.2614893,
            30.0133033
          ],
          [
            31.2620312,
            30.0133683
          ]
        ]
      },
      "id": "way/688643246"
    },
    {
      "type": "Feature",
      "properties": {
        "@id": "way/688819585",
        "highway": "residential",
        "name": "شارع الوراقى",
        "name:ar": "شارع الوراقى",
        "name:en": "Al Waraki Street"
      },
      "geometry": {
        "type": "LineString",
        "coordinates": [
          [
            31.2637349,
            30.1365293
          ],
          [
            31.2637037,
            30.1363903
          ],
          [
            31.2636573,
            30.1361834
          ],
          [
            31.2635584,
            30.1357424
          ]
        ]
      },
      "id": "way/688819585"
    },
    {
      "type": "Feature",
      "properties": {
        "@id": "way/688841145",
        "highway": "residential",
        "name": "شارع عبد المعطي السمان",
        "name:ar": "شارع عبد المعطي السمان",
        "name:en": "Abd Al Moaati Al Seman Street"
      },
      "geometry": {
        "type": "LineString",
        "coordinates": [
          [
            31.3279234,
            30.1678785
          ],
          [
            31.3287779,
            30.1676698
          ],
          [
            31.3293761,
            30.1675236
          ]
        ]
      },
      "id": "way/688841145"
    },
    {
      "type": "Feature",
      "properties": {
        "@id": "way/688901262",
        "highway": "residential",
        "name": "حارة دار السلام",
        "name:ar": "حارة دار السلام",
        "name:en": "Dar Al Salam Alley"
      },
      "geometry": {
        "type": "LineString",
        "coordinates": [
          [
            31.236787,
            29.9844586
          ],
          [
            31.2363181,
            29.9844194
          ],
          [
            31.2359407,
            29.9844156
          ],
          [
            31.2356969,
            29.9844278
          ]
        ]
      },
      "id": "way/688901262"
    },
    {
      "type": "Feature",
      "properties": {
        "@id": "way/688964699",
        "highway": "residential",
        "name": "شارع علوى الوراق",
        "name:ar": "شارع علوى الوراق",
        "name:en": "Alwi Al Warak Street"
      },
      "geometry": {
        "type": "LineString",
        "coordinates": [
          [
            31.2004635,
            29.9872047
          ],
          [
            31.2004044,
            29.9875221
          ],
          [
            31.2003564,
            29.9877844
          ],
          [
            31.2003085,
            29.9880438
          ],
          [
            31.200261,
            29.9883008
          ],
          [
            31.200209,
            29.9885821
          ]
        ]
      },
      "id": "way/688964699"
    },
    {
      "type": "Feature",
      "properties": {
        "@id": "way/689044641",
        "highway": "residential",
        "name": "شارع السمان",
        "name:ar": "شارع السمان",
        "name:en": "Al Seman Street"
      },
      "geometry": {
        "type": "LineString",
        "coordinates": [
          [
            31.3479678,
            30.1583076
          ],
          [
            31.3475911,
            30.1594479
          ]
        ]
      },
      "id": "way/689044641"
    },
    {
      "type": "Feature",
      "properties": {
        "@id": "way/689048160",
        "highway": "residential",
        "name": "شارع جمال الدكروري",
        "name:ar": "شارع جمال الدكروري",
        "name:en": "Gamal Al Dakroury Street"
      },
      "geometry": {
        "type": "LineString",
        "coordinates": [
          [
            31.3401247,
            30.1441632
          ],
          [
            31.3402162,
            30.1444754
          ],
          [
            31.3402323,
            30.1445543
          ],
          [
            31.3402497,
            30.1446856
          ],
          [
            31.3402881,
            30.1448875
          ],
          [
            31.3403139,
            30.1450229
          ],
          [
            31.3403475,
            30.1451997
          ],
          [
            31.3403621,
            30.1452762
          ],
          [
            31.3403834,
            30.1453883
          ],
          [
            31.3403977,
            30.1454637
          ],
          [
            31.3404315,
            30.1456415
          ],
          [
            31.3405274,
            30.1461454
          ]
        ]
      },
      "id": "way/689048160"
    },
    {
      "type": "Feature",
      "properties": {
        "@id": "way/689055216",
        "highway": "residential",
        "name": "شارع ابراهيم السمان",
        "name:ar": "شارع ابراهيم السمان",
        "name:en": "Ibrahim Al Seman Street"
      },
      "geometry": {
        "type": "LineString",
        "coordinates": [
          [
            31.3620821,
            30.1312542
          ],
          [
            31.3625703,
            30.1306191
          ]
        ]
      },
      "id": "way/689055216"
    },
    {
      "type": "Feature",
      "properties": {
        "@id": "way/689085775",
        "highway": "residential",
        "name": "شارع حمداوي السمان",
        "name:ar": "شارع حمداوي السمان",
        "name:en": "Hamdawi Al Saman Street"
      },
      "geometry": {
        "type": "LineString",
        "coordinates": [
          [
            31.3130427,
            30.1344979
          ],
          [
            31.3127933,
            30.1339155
          ],
          [
            31.312792,
            30.1338992
          ],
          [
            31.3127987,
            30.1338795
          ]
        ]
      },
      "id": "way/689085775"
    },
    {
      "type": "Feature",
      "properties": {
        "@id": "way/689566091",
        "highway": "tertiary",
        "name": "شارع الخصوص العمومى",
        "name:ar": "شارع الخصوص العمومى",
        "name:en": "Al Khesous Al Aamoumy Street",
        "oneway": "yes"
      },
      "geometry": {
        "type": "LineString",
        "coordinates": [
          [
            31.3020555,
            30.1583085
          ],
          [
            31.3021017,
            30.1583383
          ],
          [
            31.3021551,
            30.1583569
          ],
          [
            31.3022123,
            30.1583631
          ],
          [
            31.3022694,
            30.1583565
          ],
          [
            31.3029597,
            30.1582399
          ],
          [
            31.3036532,
            30.1581374
          ],
          [
            31.3042721,
            30.1580658
          ],
          [
            31.3075113,
            30.1576325
          ],
          [
            31.308219,
            30.1575439
          ],
          [
            31.3082423,
            30.157547
          ],
          [
            31.3082651,
            30.157552
          ],
          [
            31.3082872,
            30.1575591
          ],
          [
            31.3083084,
            30.157568
          ],
          [
            31.3083284,
            30.1575788
          ]
        ]
      },
      "id": "way/689566091"
    },
    {
      "type": "Feature",
      "properties": {
        "@id": "way/689566092",
        "highway": "tertiary",
        "name": "شارع الخصوص العمومى",
        "name:ar": "شارع الخصوص العمومى",
        "name:en": "Al Khesous Al Aamoumy Street"
      },
      "geometry": {
        "type": "LineString",
        "coordinates": [
          [
            31.3083284,
            30.1575788
          ],
          [
            31.3083974,
            30.1575708
          ],
          [
            31.3086719,
            30.1575458
          ],
          [
            31.3088282,
            30.1575315
          ],
          [
            31.3089272,
            30.1575224
          ],
          [
            31.3090963,
            30.157507
          ],
          [
            31.3092012,
            30.1574974
          ],
          [
            31.3094141,
            30.1574751
          ],
          [
            31.3094489,
            30.1574709
          ],
          [
            31.3096965,
            30.1574511
          ],
          [
            31.309723,
            30.157448
          ],
          [
            31.3099505,
            30.1574275
          ],
          [
            31.3102179,
            30.1574021
          ],
          [
            31.3106288,
            30.1573602
          ],
          [
            31.3110026,
            30.1573268
          ],
          [
            31.3113663,
            30.1572906
          ],
          [
            31.3117254,
            30.157258
          ],
          [
            31.3119306,
            30.1572394
          ],
          [
            31.3119639,
            30.1572352
          ],
          [
            31.3122671,
            30.1571946
          ],
          [
            31.3126478,
            30.1571437
          ],
          [
            31.312757,
            30.1571285
          ],
          [
            31.3128318,
            30.1571192
          ],
          [
            31.312907,
            30.1571119
          ],
          [
            31.3130927,
            30.1570847
          ]
        ]
      },
      "id": "way/689566092"
    },
    {
      "type": "Feature",
      "properties": {
        "@id": "way/689638755",
        "highway": "residential",
        "name": "حارة الوراقي",
        "name:ar": "حارة الوراقي",
        "name:en": "Al Waraki Alley"
      },
      "geometry": {
        "type": "LineString",
        "coordinates": [
          [
            31.2364603,
            30.0752068
          ],
          [
            31.2365488,
            30.0755517
          ],
          [
            31.2366241,
            30.0758508
          ]
        ]
      },
      "id": "way/689638755"
    },
    {
      "type": "Feature",
      "properties": {
        "@id": "way/689698267",
        "foot": "no",
        "highway": "primary",
        "lit": "yes",
        "name": "كوبري مدخل منشية ناصر و المقطم",
        "name:ar": "كوبري مدخل منشية ناصر و المقطم",
        "name:en": "Manshiet Naser W Al Mokattam Entrance Bridge",
        "old_ref": "06",
        "oneway": "yes",
        "surface": "asphalt"
      },
      "geometry": {
        "type": "LineString",
        "coordinates": [
          [
            31.2670365,
            30.0302294
          ],
          [
            31.2670142,
            30.030285
          ],
          [
            31.267001,
            30.0303428
          ],
          [
            31.2669973,
            30.0304016
          ],
          [
            31.2670025,
            30.0304603
          ],
          [
            31.2670042,
            30.0305176
          ],
          [
            31.2669959,
            30.0305746
          ],
          [
            31.2669778,
            30.0306298
          ],
          [
            31.2669503,
            30.030682
          ]
        ]
      },
      "id": "way/689698267"
    },
    {
      "type": "Feature",
      "properties": {
        "@id": "way/689803761",
        "highway": "residential",
        "name": "حارة الدكروري",
        "name:ar": "حارة الدكروري",
        "name:en": "Al Dakroury Alley"
      },
      "geometry": {
        "type": "LineString",
        "coordinates": [
          [
            31.3519216,
            30.1299278
          ],
          [
            31.3524666,
            30.1296813
          ]
        ]
      },
      "id": "way/689803761"
    },
    {
      "type": "Feature",
      "properties": {
        "@id": "way/690091884",
        "highway": "residential",
        "name": "شارع عدوى الخصوص",
        "name:ar": "شارع عدوى الخصوص",
        "name:en": "Adawi Al Khesous Street"
      },
      "geometry": {
        "type": "LineString",
        "coordinates": [
          [
            31.3151738,
            30.1546648
          ],
          [
            31.3151975,
            30.1551142
          ]
        ]
      },
      "id": "way/690091884"
    },
    {
      "type": "Feature",
      "properties": {
        "@id": "way/690117442",
        "highway": "residential",
        "name": "شارع خير الله",
        "name:ar": "شارع خير الله",
        "name:en": "Kheir Allah Street"
      },
      "geometry": {
        "type": "LineString",
        "coordinates": [
          [
            31.364651,
            30.1520156
          ],
          [
            31.364735,
            30.1518748
          ],
          [
            31.3647598,
            30.1518395
          ],
          [
            31.3647853,
            30.1518134
          ],
          [
            31.3648088,
            30.1517971
          ],
          [
            31.364847,
            30.1517861
          ],
          [
            31.3648899,
            30.1517838
          ],
          [
            31.3649476,
            30.151789
          ],
          [
            31.364975,
            30.1517896
          ],
          [
            31.3649932,
            30.1517821
          ],
          [
            31.3650072,
            30.1517699
          ],
          [
            31.3650133,
            30.1517508
          ],
          [
            31.3650186,
            30.1516661
          ]
        ]
      },
      "id": "way/690117442"
    },
    {
      "type": "Feature",
      "properties": {
        "@id": "way/690452180",
        "highway": "residential",
        "name": "شارع دار السلام",
        "name:ar": "شارع دار السلام",
        "name:en": "Dar Al Salam Street"
      },
      "geometry": {
        "type": "LineString",
        "coordinates": [
          [
            31.2321984,
            30.0040814
          ],
          [
            31.2321231,
            30.0031535
          ],
          [
            31.2320676,
            30.0031046
          ],
          [
            31.2320166,
            30.0030849
          ],
          [
            31.231794,
            30.0030187
          ],
          [
            31.2317638,
            30.0030175
          ],
          [
            31.2317464,
            30.0030268
          ],
          [
            31.231733,
            30.0030419
          ],
          [
            31.2317499,
            30.0031827
          ],
          [
            31.2318189,
            30.0040941
          ]
        ]
      },
      "id": "way/690452180"
    },
    {
      "type": "Feature",
      "properties": {
        "@id": "way/693665792",
        "highway": "residential",
        "name": "شارع السمان",
        "name:ar": "شارع السمان",
        "name:en": "Al Seman Street"
      },
      "geometry": {
        "type": "LineString",
        "coordinates": [
          [
            31.2952852,
            30.1183164
          ],
          [
            31.2953924,
            30.1185996
          ],
          [
            31.2954852,
            30.1188449
          ],
          [
            31.2955773,
            30.119088
          ],
          [
            31.2956738,
            30.119343
          ]
        ]
      },
      "id": "way/693665792"
    },
    {
      "type": "Feature",
      "properties": {
        "@id": "way/702642299",
        "highway": "residential",
        "name": "حاره محمد السمان",
        "name:ar": "حاره محمد السمان",
        "name:en": "Mohamed Al Seman Street"
      },
      "geometry": {
        "type": "LineString",
        "coordinates": [
          [
            31.2565209,
            30.0819145
          ],
          [
            31.2566489,
            30.081916
          ],
          [
            31.2567761,
            30.0819326
          ],
          [
            31.2568703,
            30.0819553
          ],
          [
            31.2569667,
            30.0819863
          ]
        ]
      },
      "id": "way/702642299"
    },
    {
      "type": "Feature",
      "properties": {
        "@id": "way/704600245",
        "highway": "residential",
        "name": "حارة السمان",
        "name:ar": "حارة السمان",
        "name:en": "Al Seman Alley"
      },
      "geometry": {
        "type": "LineString",
        "coordinates": [
          [
            31.3519066,
            30.1293032
          ],
          [
            31.3517444,
            30.1290103
          ]
        ]
      },
      "id": "way/704600245"
    },
    {
      "type": "Feature",
      "properties": {
        "@id": "way/705096919",
        "highway": "residential",
        "name": "حارة سيد خير الله",
        "name:ar": "حارة سيد خير الله",
        "name:en": "Sayed Kheir Allah Alley"
      },
      "geometry": {
        "type": "LineString",
        "coordinates": [
          [
            31.3473356,
            30.1294908
          ],
          [
            31.3467587,
            30.1297563
          ],
          [
            31.3467064,
            30.1297803
          ]
        ]
      },
      "id": "way/705096919"
    },
    {
      "type": "Feature",
      "properties": {
        "@id": "way/705098460",
        "highway": "residential",
        "name": "شارع خليل الوراقي",
        "name:ar": "شارع خليل الوراقي",
        "name:en": "Khalil Al Waraki Street"
      },
      "geometry": {
        "type": "LineString",
        "coordinates": [
          [
            31.2850693,
            30.0814381
          ],
          [
            31.2851813,
            30.0813505
          ],
          [
            31.2853161,
            30.0812269
          ],
          [
            31.2854303,
            30.0811149
          ]
        ]
      },
      "id": "way/705098460"
    },
    {
      "type": "Feature",
      "properties": {
        "@id": "way/705240655",
        "highway": "residential",
        "name": "حارة عيد السمان",
        "name:ar": "حارة عيد السمان",
        "name:en": "Eid Al Seman Alley"
      },
      "geometry": {
        "type": "LineString",
        "coordinates": [
          [
            31.3118136,
            30.12826
          ],
          [
            31.3122835,
            30.1281013
          ]
        ]
      },
      "id": "way/705240655"
    },
    {
      "type": "Feature",
      "properties": {
        "@id": "way/705240657",
        "highway": "residential",
        "name": "شارع حسين خير الله",
        "name:ar": "شارع حسين خير الله",
        "name:en": "Hussain Kheir Allah Street"
      },
      "geometry": {
        "type": "LineString",
        "coordinates": [
          [
            31.3124111,
            30.1276566
          ],
          [
            31.3123357,
            30.1273477
          ]
        ]
      },
      "id": "way/705240657"
    },
    {
      "type": "Feature",
      "properties": {
        "@id": "way/705240658",
        "highway": "residential",
        "name": "حارة جابر السمان",
        "name:ar": "حارة جابر السمان",
        "name:en": "Gaber Al Seman Alley"
      },
      "geometry": {
        "type": "LineString",
        "coordinates": [
          [
            31.3126391,
            30.1276114
          ],
          [
            31.3125795,
            30.1273094
          ]
        ]
      },
      "id": "way/705240658"
    },
    {
      "type": "Feature",
      "properties": {
        "@id": "way/705494792",
        "highway": "residential",
        "name": "شارع يحيى السمان",
        "name:ar": "شارع يحيى السمان",
        "name:en": "Yehya Al Seman Street"
      },
      "geometry": {
        "type": "LineString",
        "coordinates": [
          [
            31.2902346,
            30.1251987
          ],
          [
            31.2903115,
            30.1254248
          ],
          [
            31.2903821,
            30.1256325
          ]
        ]
      },
      "id": "way/705494792"
    },
    {
      "type": "Feature",
      "properties": {
        "@id": "way/706439463",
        "highway": "residential",
        "name": "شارع دار السلام",
        "name:ar": "شارع دار السلام",
        "name:en": "Dar Al Salam Street"
      },
      "geometry": {
        "type": "LineString",
        "coordinates": [
          [
            31.2394951,
            30.0910286
          ],
          [
            31.2404885,
            30.0908038
          ]
        ]
      },
      "id": "way/706439463"
    },
    {
      "type": "Feature",
      "properties": {
        "@id": "way/709280496",
        "highway": "residential",
        "name": "حارة خير الله",
        "name:ar": "حارة خير الله",
        "name:en": "Kheir Allah Alley"
      },
      "geometry": {
        "type": "LineString",
        "coordinates": [
          [
            31.367045,
            30.1527382
          ],
          [
            31.3666121,
            30.1524989
          ]
        ]
      },
      "id": "way/709280496"
    },
    {
      "type": "Feature",
      "properties": {
        "@id": "way/712051486",
        "highway": "residential",
        "name": "حارة الوراق",
        "name:ar": "حارة الوراق",
        "name:en": "Al Warak Alley"
      },
      "geometry": {
        "type": "LineString",
        "coordinates": [
          [
            31.262265,
            30.0537532
          ],
          [
            31.2623369,
            30.0539077
          ],
          [
            31.2624161,
            30.0540779
          ]
        ]
      },
      "id": "way/712051486"
    },
    {
      "type": "Feature",
      "properties": {
        "@id": "way/712051487",
        "highway": "residential",
        "name": "درب الوراق",
        "name:ar": "درب الوراق",
        "name:en": "Darb Al Warak"
      },
      "geometry": {
        "type": "LineString",
        "coordinates": [
          [
            31.2624928,
            30.0536793
          ],
          [
            31.262265,
            30.0537532
          ],
          [
            31.2621143,
            30.0538016
          ]
        ]
      },
      "id": "way/712051487"
    },
    {
      "type": "Feature",
      "properties": {
        "@id": "way/715047147",
        "highway": "residential",
        "name": "زقاق الخصوص",
        "name:ar": "زقاق الخصوص",
        "name:en": "Zuqaq Al Khosous"
      },
      "geometry": {
        "type": "LineString",
        "coordinates": [
          [
            31.2340477,
            30.0607865
          ],
          [
            31.2340348,
            30.0609765
          ]
        ]
      },
      "id": "way/715047147"
    },
    {
      "type": "Feature",
      "properties": {
        "@id": "way/715051630",
        "highway": "residential",
        "name": "حارة السمان",
        "name:ar": "حارة السمان",
        "name:en": "Al Seman Alley"
      },
      "geometry": {
        "type": "LineString",
        "coordinates": [
          [
            31.2438874,
            30.0386752
          ],
          [
            31.2445727,
            30.038659
          ]
        ]
      },
      "id": "way/715051630"
    },
    {
      "type": "Feature",
      "properties": {
        "@id": "way/716820711",
        "highway": "residential",
        "name": "شارع محمد السمان",
        "name:ar": "شارع محمد السمان",
        "name:en": "Mohamed Al Seman Street"
      },
      "geometry": {
        "type": "LineString",
        "coordinates": [
          [
            31.1496752,
            29.9722407
          ],
          [
            31.1497673,
            29.9719349
          ]
        ]
      },
      "id": "way/716820711"
    },
    {
      "type": "Feature",
      "properties": {
        "@id": "way/718321394",
        "highway": "residential",
        "name": "شارع احمد خير الله",
        "name:ar": "شارع احمد خير الله",
        "name:en": "Ahmed Kheir Allah Street"
      },
      "geometry": {
        "type": "LineString",
        "coordinates": [
          [
            31.1177795,
            30.1772361
          ],
          [
            31.1177047,
            30.1769862
          ],
          [
            31.1175705,
            30.1765351
          ],
          [
            31.1175429,
            30.1764424
          ],
          [
            31.117541,
            30.1764377
          ],
          [
            31.1175389,
            30.1764331
          ],
          [
            31.1175351,
            30.1764294
          ],
          [
            31.1175301,
            30.1764269
          ],
          [
            31.1175245,
            30.1764259
          ],
          [
            31.1172949,
            30.1764688
          ]
        ]
      },
      "id": "way/718321394"
    },
    {
      "type": "Feature",
      "properties": {
        "@id": "way/720928823",
        "highway": "residential",
        "name": "حارة دكرورى",
        "name:ar": "حارة دكرورى",
        "name:en": "Dakrouri Alley",
        "note": "متفرعه من شارع غرب السكه الحديد",
        "note:en": "From West Al Seka Al Hadid Street"
      },
      "geometry": {
        "type": "LineString",
        "coordinates": [
          [
            31.2146561,
            29.9769528
          ],
          [
            31.2151882,
            29.9773183
          ]
        ]
      },
      "id": "way/720928823"
    },
    {
      "type": "Feature",
      "properties": {
        "@id": "way/721220906",
        "highway": "residential",
        "name": "شارع خير الله",
        "name:ar": "شارع خير الله",
        "name:en": "Kheir Allah Street"
      },
      "geometry": {
        "type": "LineString",
        "coordinates": [
          [
            31.1107864,
            30.0272087
          ],
          [
            31.1109004,
            30.0272381
          ],
          [
            31.1110177,
            30.0272553
          ],
          [
            31.1111365,
            30.0272599
          ],
          [
            31.1112083,
            30.0272566
          ],
          [
            31.1112797,
            30.0272486
          ]
        ]
      },
      "id": "way/721220906"
    },
    {
      "type": "Feature",
      "properties": {
        "@id": "way/721586010",
        "highway": "residential",
        "name": "حارة دكرورى",
        "name:ar": "حارة دكرورى",
        "name:en": "Dakrouri Alley"
      },
      "geometry": {
        "type": "LineString",
        "coordinates": [
          [
            31.2158102,
            29.9764127
          ],
          [
            31.2157459,
            29.9764457
          ],
          [
            31.2156712,
            29.9764517
          ],
          [
            31.215638,
            29.9764486
          ],
          [
            31.2156142,
            29.976429
          ],
          [
            31.21559,
            29.9764151
          ],
          [
            31.2155579,
            29.976411
          ],
          [
            31.2155097,
            29.9764042
          ],
          [
            31.2154683,
            29.9763819
          ],
          [
            31.2153769,
            29.9762234
          ]
        ]
      },
      "id": "way/721586010"
    },
    {
      "type": "Feature",
      "properties": {
        "@id": "way/721641636",
        "highway": "residential",
        "name": "حارة احمد السمان",
        "name:ar": "حارة احمد السمان",
        "name:en": "Ahmed Al Seman Alley"
      },
      "geometry": {
        "type": "LineString",
        "coordinates": [
          [
            31.1906941,
            29.9826312
          ],
          [
            31.1906616,
            29.982892
          ]
        ]
      },
      "id": "way/721641636"
    },
    {
      "type": "Feature",
      "properties": {
        "@id": "way/721969735",
        "highway": "residential",
        "name": "شارع متفرع من شارع خميس الوراقى",
        "name:ar": "شارع متفرع من شارع خميس الوراقى",
        "name:en": "Street From Khamis Al Waraqi Street"
      },
      "geometry": {
        "type": "LineString",
        "coordinates": [
          [
            31.1234426,
            30.0035004
          ],
          [
            31.1233268,
            30.0036568
          ]
        ]
      },
      "id": "way/721969735"
    },
    {
      "type": "Feature",
      "properties": {
        "@id": "way/721969736",
        "highway": "residential",
        "name": "شارع خميس الوراقى",
        "name:ar": "شارع خميس الوراقى",
        "name:en": "Khamis Al Waraki Street"
      },
      "geometry": {
        "type": "LineString",
        "coordinates": [
          [
            31.1233355,
            30.0034147
          ],
          [
            31.1233905,
            30.0034501
          ],
          [
            31.123418,
            30.0034739
          ],
          [
            31.1234426,
            30.0035004
          ],
          [
            31.1234629,
            30.0035233
          ],
          [
            31.1234837,
            30.00355
          ],
          [
            31.1235072,
            30.0035744
          ],
          [
            31.1237057,
            30.0037109
          ]
        ]
      },
      "id": "way/721969736"
    },
    {
      "type": "Feature",
      "properties": {
        "@id": "way/722262878",
        "highway": "residential",
        "name": "شارع الوراقى",
        "name:ar": "شارع الوراقى",
        "name:en": "Al Waraki Street",
        "note": "متفرع من شارع السوق الجديد",
        "note:en": "From Al Souq Al Gadid Street"
      },
      "geometry": {
        "type": "LineString",
        "coordinates": [
          [
            31.1143339,
            30.0306815
          ],
          [
            31.1144587,
            30.0306038
          ]
        ]
      },
      "id": "way/722262878"
    },
    {
      "type": "Feature",
      "properties": {
        "@id": "way/722262879",
        "highway": "residential",
        "name": "شارع الوراقى",
        "name:ar": "شارع الوراقى",
        "name:en": "Al Waraki Street",
        "note": "متفرع من شارع السوق الجديد",
        "note:en": "From Al Souq Al Gadid Street"
      },
      "geometry": {
        "type": "LineString",
        "coordinates": [
          [
            31.1143769,
            30.0307361
          ],
          [
            31.1143339,
            30.0306815
          ],
          [
            31.1142244,
            30.0305473
          ]
        ]
      },
      "id": "way/722262879"
    },
    {
      "type": "Feature",
      "properties": {
        "@id": "way/722262880",
        "highway": "residential",
        "name": "شارع الوراقى",
        "name:ar": "شارع الوراقى",
        "name:en": "Al Waraki Street",
        "note": "متفرع من شارع السوق الجديد",
        "note:en": "From Al Souq Al Gadid Street"
      },
      "geometry": {
        "type": "LineString",
        "coordinates": [
          [
            31.1144936,
            30.0306978
          ],
          [
            31.1143769,
            30.0307361
          ],
          [
            31.1142884,
            30.0307803
          ]
        ]
      },
      "id": "way/722262880"
    },
    {
      "type": "Feature",
      "properties": {
        "@id": "way/722274688",
        "highway": "residential",
        "name": "شارع الوراقى",
        "name:ar": "شارع الوراقى",
        "name:en": "Al Waraki Street"
      },
      "geometry": {
        "type": "LineString",
        "coordinates": [
          [
            31.1365457,
            30.12377
          ],
          [
            31.1363173,
            30.1237711
          ],
          [
            31.1362904,
            30.1237714
          ],
          [
            31.1362701,
            30.123756
          ],
          [
            31.1362668,
            30.1237329
          ],
          [
            31.136264,
            30.1236351
          ],
          [
            31.1362566,
            30.1236157
          ],
          [
            31.1362388,
            30.1236024
          ],
          [
            31.1362034,
            30.1235931
          ],
          [
            31.1359474,
            30.1235427
          ],
          [
            31.1357544,
            30.1235047
          ]
        ]
      },
      "id": "way/722274688"
    },
    {
      "type": "Feature",
      "properties": {
        "@id": "way/722274691",
        "highway": "residential",
        "name": "شارع متفرع من شارع الوراقى",
        "name:ar": "شارع متفرع من شارع الوراقى",
        "name:en": "Street From Al Waraqi Street"
      },
      "geometry": {
        "type": "LineString",
        "coordinates": [
          [
            31.1359474,
            30.1235427
          ],
          [
            31.1360062,
            30.1233773
          ]
        ]
      },
      "id": "way/722274691"
    },
    {
      "type": "Feature",
      "properties": {
        "@id": "way/722873304",
        "highway": "residential",
        "name": "شارع على السمان",
        "name:ar": "شارع على السمان",
        "name:en": "Ali Al Seman Street"
      },
      "geometry": {
        "type": "LineString",
        "coordinates": [
          [
            31.1693359,
            30.0478176
          ],
          [
            31.1693756,
            30.0481344
          ]
        ]
      },
      "id": "way/722873304"
    },
    {
      "type": "Feature",
      "properties": {
        "@id": "way/722873305",
        "highway": "residential",
        "name": "شارع على السمان",
        "name:ar": "شارع على السمان",
        "name:en": "Ali Al Seman Street"
      },
      "geometry": {
        "type": "LineString",
        "coordinates": [
          [
            31.1695838,
            30.0477875
          ],
          [
            31.1696063,
            30.0480683
          ]
        ]
      },
      "id": "way/722873305"
    },
    {
      "type": "Feature",
      "properties": {
        "@id": "way/723835727",
        "highway": "residential",
        "name": "شارع السمان الوسطانى",
        "name:ar": "شارع السمان الوسطانى",
        "name:en": "Al Seman Al Wastany Street"
      },
      "geometry": {
        "type": "LineString",
        "coordinates": [
          [
            31.1429793,
            29.9814775
          ],
          [
            31.1425897,
            29.9814934
          ],
          [
            31.142485,
            29.9814932
          ],
          [
            31.142347,
            29.9814829
          ],
          [
            31.1422021,
            29.9814669
          ],
          [
            31.1420479,
            29.9814445
          ],
          [
            31.1419631,
            29.9814247
          ],
          [
            31.1416235,
            29.9813548
          ],
          [
            31.1413479,
            29.9812885
          ],
          [
            31.141242,
            29.9812575
          ],
          [
            31.140967,
            29.9811641
          ]
        ]
      },
      "id": "way/723835727"
    },
    {
      "type": "Feature",
      "properties": {
        "@id": "way/724079235",
        "highway": "residential",
        "name": "شارع مشتل سيدى حمد السمان",
        "name:ar": "شارع مشتل سيدى حمد السمان",
        "name:en": "Mshtal Sidi Hamd Al Seman Street",
        "source": "Yahoo"
      },
      "geometry": {
        "type": "LineString",
        "coordinates": [
          [
            31.1407432,
            29.9789238
          ],
          [
            31.1406726,
            29.9791243
          ],
          [
            31.1406492,
            29.9791909
          ]
        ]
      },
      "id": "way/724079235"
    },
    {
      "type": "Feature",
      "properties": {
        "@id": "way/724749315",
        "highway": "residential",
        "name": "حارة الدكرورى",
        "name:ar": "حارة الدكرورى",
        "name:en": "Al Dakroury Alley"
      },
      "geometry": {
        "type": "LineString",
        "coordinates": [
          [
            31.1914134,
            30.0630147
          ],
          [
            31.1909558,
            30.0629921
          ],
          [
            31.190934,
            30.0629871
          ],
          [
            31.1909161,
            30.0629753
          ],
          [
            31.1909048,
            30.0629584
          ],
          [
            31.1909018,
            30.0629391
          ],
          [
            31.1909113,
            30.0628787
          ],
          [
            31.1909444,
            30.0626695
          ]
        ]
      },
      "id": "way/724749315"
    },
    {
      "type": "Feature",
      "properties": {
        "@id": "way/724872032",
        "highway": "unclassified",
        "name": "طريق نكلا, منشية ناصر",
        "name:ar": "طريق نكلا, منشية ناصر",
        "name:en": "Nakla, Mansheya Naser Road"
      },
      "geometry": {
        "type": "LineString",
        "coordinates": [
          [
            31.0816504,
            30.2069609
          ],
          [
            31.0818534,
            30.2069092
          ],
          [
            31.0820466,
            30.2068345
          ],
          [
            31.0822346,
            30.2067427
          ],
          [
            31.0826075,
            30.2065609
          ],
          [
            31.0830166,
            30.20635
          ],
          [
            31.08396,
            30.2058619
          ],
          [
            31.0841504,
            30.2057713
          ],
          [
            31.0846002,
            30.2055573
          ],
          [
            31.085055,
            30.205341
          ],
          [
            31.0859435,
            30.2048832
          ],
          [
            31.0861265,
            30.2047911
          ],
          [
            31.0862969,
            30.2047076
          ],
          [
            31.0864171,
            30.2046386
          ],
          [
            31.0865806,
            30.2045365
          ],
          [
            31.0867609,
            30.2044239
          ],
          [
            31.0869283,
            30.2043194
          ],
          [
            31.087062,
            30.2042417
          ],
          [
            31.0871887,
            30.2041472
          ],
          [
            31.0873779,
            30.2039658
          ],
          [
            31.0875093,
            30.2037955
          ],
          [
            31.0880068,
            30.2030873
          ],
          [
            31.0883879,
            30.2025258
          ],
          [
            31.0884289,
            30.2024701
          ],
          [
            31.088495,
            30.2023687
          ],
          [
            31.0886084,
            30.2022161
          ],
          [
            31.088702,
            30.2021122
          ],
          [
            31.0888163,
            30.2020251
          ],
          [
            31.0889473,
            30.2019579
          ],
          [
            31.0891948,
            30.2018479
          ],
          [
            31.0892978,
            30.2017626
          ],
          [
            31.0893793,
            30.2016614
          ],
          [
            31.0894563,
            30.2014973
          ],
          [
            31.0898414,
            30.2008885
          ],
          [
            31.0899205,
            30.2007603
          ],
          [
            31.0900211,
            30.2005972
          ],
          [
            31.090147,
            30.200393
          ],
          [
            31.0904154,
            30.1999578
          ],
          [
            31.0909876,
            30.1990455
          ],
          [
            31.0910286,
            30.1989279
          ],
          [
            31.0910412,
            30.1988056
          ],
          [
            31.0910251,
            30.1986836
          ],
          [
            31.0909807,
            30.1985669
          ],
          [
            31.0909465,
            30.1984452
          ],
          [
            31.0909222,
            30.1983227
          ],
          [
            31.0909144,
            30.1981985
          ],
          [
            31.0909232,
            30.1980745
          ]
        ]
      },
      "id": "way/724872032"
    },
    {
      "type": "Feature",
      "properties": {
        "@id": "way/731132896",
        "highway": "residential",
        "name": "حارة الدكرورى",
        "name:ar": "حارة الدكرورى",
        "name:en": "Al Dakroury Alley"
      },
      "geometry": {
        "type": "LineString",
        "coordinates": [
          [
            31.1342656,
            30.1940045
          ],
          [
            31.1343567,
            30.1938719
          ],
          [
            31.1343587,
            30.1938516
          ],
          [
            31.134342,
            30.1938342
          ],
          [
            31.1343406,
            30.1938185
          ],
          [
            31.1343594,
            30.1937925
          ]
        ]
      },
      "id": "way/731132896"
    },
    {
      "type": "Feature",
      "properties": {
        "@id": "way/734101452",
        "highway": "residential",
        "name": "شارع الخصوص",
        "name:ar": "شارع الخصوص",
        "name:en": "Al Khesous Street"
      },
      "geometry": {
        "type": "LineString",
        "coordinates": [
          [
            31.3368583,
            30.1841648
          ],
          [
            31.3358322,
            30.1811435
          ],
          [
            31.3356003,
            30.1804504
          ],
          [
            31.3348069,
            30.1781183
          ],
          [
            31.3342453,
            30.176473
          ],
          [
            31.3342179,
            30.1763984
          ],
          [
            31.3341797,
            30.1763293
          ],
          [
            31.3341291,
            30.1762666
          ],
          [
            31.3340674,
            30.1762117
          ],
          [
            31.3339963,
            30.1761662
          ],
          [
            31.3339176,
            30.1761312
          ],
          [
            31.3338334,
            30.1761077
          ],
          [
            31.3337459,
            30.1760964
          ],
          [
            31.3336574,
            30.1760974
          ],
          [
            31.3335702,
            30.1761108
          ],
          [
            31.3333582,
            30.1761538
          ],
          [
            31.3331004,
            30.1762034
          ],
          [
            31.3328407,
            30.1762449
          ],
          [
            31.3325795,
            30.1762784
          ],
          [
            31.332067,
            30.1763566
          ],
          [
            31.3291345,
            30.1768281
          ],
          [
            31.328983,
            30.1768544
          ],
          [
            31.3288308,
            30.1768767
          ],
          [
            31.3286778,
            30.176895
          ],
          [
            31.3285243,
            30.1769093
          ],
          [
            31.3283703,
            30.1769196
          ],
          [
            31.328216,
            30.1769259
          ],
          [
            31.3265209,
            30.1769867
          ],
          [
            31.325948,
            30.1769947
          ],
          [
            31.3258295,
            30.1769923
          ],
          [
            31.3257113,
            30.1770013
          ],
          [
            31.3255951,
            30.1770217
          ],
          [
            31.3254822,
            30.1770532
          ],
          [
            31.3253741,
            30.1770955
          ],
          [
            31.3252043,
            30.177178
          ],
          [
            31.3250681,
            30.1772537
          ],
          [
            31.3249277,
            30.1773236
          ],
          [
            31.3247836,
            30.1773875
          ],
          [
            31.324636,
            30.1774452
          ],
          [
            31.3244808,
            30.1774935
          ],
          [
            31.3244104,
            30.1775139
          ]
        ]
      },
      "id": "way/734101452"
    },
    {
      "type": "Feature",
      "properties": {
        "@id": "way/734419056",
        "highway": "residential",
        "name": "حارة متفرعه من شارع مصرف الخصوص",
        "name:ar": "حارة متفرعه من شارع مصرف الخصوص",
        "name:en": "Alley From Masraf Al Khesous Street"
      },
      "geometry": {
        "type": "LineString",
        "coordinates": [
          [
            31.3381522,
            30.178327
          ],
          [
            31.338442,
            30.1782794
          ]
        ]
      },
      "id": "way/734419056"
    },
    {
      "type": "Feature",
      "properties": {
        "@id": "way/734481472",
        "highway": "residential",
        "name": "شارع عزبة الخصوص",
        "name:ar": "شارع عزبة الخصوص",
        "name:en": "Ezba Al Khesous Street"
      },
      "geometry": {
        "type": "LineString",
        "coordinates": [
          [
            31.2758348,
            30.1472851
          ],
          [
            31.2755581,
            30.1463029
          ]
        ]
      },
      "id": "way/734481472"
    },
    {
      "type": "Feature",
      "properties": {
        "@id": "way/734873369",
        "highway": "residential",
        "name": "شارع متفرع من شارع الوراقى",
        "name:ar": "شارع متفرع من شارع الوراقى",
        "name:en": "Street From Al Waraki Street"
      },
      "geometry": {
        "type": "LineString",
        "coordinates": [
          [
            31.2636573,
            30.1361834
          ],
          [
            31.2637384,
            30.1361667
          ]
        ]
      },
      "id": "way/734873369"
    },
    {
      "type": "Feature",
      "properties": {
        "@id": "way/736261953",
        "highway": "residential",
        "name": "شارع برج السمانى",
        "name:ar": "شارع برج السمانى",
        "name:en": "Borg Al Samany Street"
      },
      "geometry": {
        "type": "LineString",
        "coordinates": [
          [
            31.3084158,
            30.153807
          ],
          [
            31.3085367,
            30.1531514
          ]
        ]
      },
      "id": "way/736261953"
    },
    {
      "type": "Feature",
      "properties": {
        "@id": "way/737320841",
        "highway": "residential",
        "name": "عطفه الخصوص",
        "name:ar": "عطفه الخصوص",
        "name:en": "Atafet Al Khesous"
      },
      "geometry": {
        "type": "LineString",
        "coordinates": [
          [
            31.276318,
            30.1336707
          ],
          [
            31.2765312,
            30.133622
          ],
          [
            31.276554,
            30.133622
          ],
          [
            31.2765715,
            30.1336232
          ],
          [
            31.2765889,
            30.1336313
          ],
          [
            31.2765983,
            30.1336498
          ],
          [
            31.2766737,
            30.1338266
          ]
        ]
      },
      "id": "way/737320841"
    },
    {
      "type": "Feature",
      "properties": {
        "@id": "way/739035498",
        "highway": "residential",
        "name": "شارع الشيخ السمان",
        "name:ar": "شارع الشيخ السمان",
        "name:en": "Al Sheikh Al Seman Street"
      },
      "geometry": {
        "type": "LineString",
        "coordinates": [
          [
            31.2828874,
            30.1417634
          ],
          [
            31.2830989,
            30.142481
          ]
        ]
      },
      "id": "way/739035498"
    },
    {
      "type": "Feature",
      "properties": {
        "@id": "way/739108762",
        "highway": "residential",
        "name": "حارة عطيه الخصوصي",
        "name:ar": "حارة عطيه الخصوصي",
        "name:en": "Ateya Alkhososy Alley"
      },
      "geometry": {
        "type": "LineString",
        "coordinates": [
          [
            31.2770154,
            30.1408187
          ],
          [
            31.2772229,
            30.1406637
          ]
        ]
      },
      "id": "way/739108762"
    },
    {
      "type": "Feature",
      "properties": {
        "@id": "way/754774946",
        "bridge": "yes",
        "foot": "no",
        "highway": "primary",
        "layer": "1",
        "lit": "yes",
        "name": "كوبري مدخل منشية ناصر و المقطم",
        "name:ar": "كوبري مدخل منشية ناصر و المقطم",
        "name:en": "Manshiet Naser W Al Mokattam Entrance Bridge",
        "old_ref": "06",
        "oneway": "yes",
        "surface": "asphalt"
      },
      "geometry": {
        "type": "LineString",
        "coordinates": [
          [
            31.2671712,
            30.0300914
          ],
          [
            31.2671315,
            30.0301188
          ],
          [
            31.2670959,
            30.0301501
          ],
          [
            31.2670649,
            30.0301849
          ],
          [
            31.2670365,
            30.0302294
          ]
        ]
      },
      "id": "way/754774946"
    },
    {
      "type": "Feature",
      "properties": {
        "@id": "way/754774947",
        "destination": "المقطم; الأوتوستراد",
        "destination:lang:en": "Mokattam; Autostrad",
        "foot": "no",
        "highway": "primary",
        "lanes": "2",
        "lit": "yes",
        "name": "كوبري مدخل منشية ناصر و المقطم",
        "name:ar": "كوبري مدخل منشية ناصر و المقطم",
        "name:en": "Manshiet Naser W Al Mokattam Entrance Bridge",
        "old_ref": "06",
        "oneway": "yes",
        "surface": "asphalt"
      },
      "geometry": {
        "type": "LineString",
        "coordinates": [
          [
            31.2664706,
            30.0297793
          ],
          [
            31.2665548,
            30.0298389
          ],
          [
            31.2666339,
            30.029904
          ],
          [
            31.2667093,
            30.0299689
          ]
        ]
      },
      "id": "way/754774947"
    },
    {
      "type": "Feature",
      "properties": {
        "@id": "way/843842560",
        "highway": "secondary",
        "lit": "yes",
        "name": "شارع دار السلام",
        "name:ar": "شارع دار السلام",
        "name:en": "Dar Al Salam Street",
        "oneway": "yes"
      },
      "geometry": {
        "type": "LineString",
        "coordinates": [
          [
            31.2381475,
            29.9840559
          ],
          [
            31.2380948,
            29.9840687
          ],
          [
            31.2380385,
            29.9840876
          ],
          [
            31.2379051,
            29.9841666
          ],
          [
            31.2377257,
            29.9842734
          ],
          [
            31.2373657,
            29.9844846
          ],
          [
            31.2372911,
            29.9845414
          ],
          [
            31.2372225,
            29.9846036
          ],
          [
            31.2371605,
            29.9846708
          ],
          [
            31.2371056,
            29.9847425
          ],
          [
            31.2366901,
            29.9854465
          ],
          [
            31.2366775,
            29.9854676
          ],
          [
            31.2366587,
            29.9854848
          ],
          [
            31.2366351,
            29.9854969
          ],
          [
            31.2366086,
            29.9855028
          ]
        ]
      },
      "id": "way/843842560"
    },
    {
      "type": "Feature",
      "properties": {
        "@id": "way/843842561",
        "highway": "secondary",
        "lit": "yes",
        "name": "شارع دار السلام",
        "name:ar": "شارع دار السلام",
        "name:en": "Dar Al Salam Street",
        "oneway": "yes"
      },
      "geometry": {
        "type": "LineString",
        "coordinates": [
          [
            31.2351628,
            29.9882393
          ],
          [
            31.2350918,
            29.9883629
          ],
          [
            31.2350281,
            29.9884895
          ],
          [
            31.2349718,
            29.9886187
          ],
          [
            31.2349228,
            29.9887501
          ]
        ]
      },
      "id": "way/843842561"
    },
    {
      "type": "Feature",
      "properties": {
        "@id": "way/843842562",
        "highway": "secondary",
        "lit": "yes",
        "name": "شارع دار السلام",
        "name:ar": "شارع دار السلام",
        "name:en": "Dar Al Salam Street",
        "oneway": "yes"
      },
      "geometry": {
        "type": "LineString",
        "coordinates": [
          [
            31.2366086,
            29.9855028
          ],
          [
            31.2366074,
            29.9854823
          ],
          [
            31.2366103,
            29.9854615
          ],
          [
            31.2366172,
            29.9854415
          ],
          [
            31.236628,
            29.9854228
          ],
          [
            31.2368073,
            29.9851325
          ],
          [
            31.2370439,
            29.9847274
          ],
          [
            31.2370788,
            29.9846763
          ],
          [
            31.2371385,
            29.9846036
          ],
          [
            31.2372064,
            29.9845365
          ],
          [
            31.2372818,
            29.9844757
          ],
          [
            31.2373638,
            29.9844218
          ],
          [
            31.2374819,
            29.984352
          ],
          [
            31.2379118,
            29.984098
          ],
          [
            31.2380055,
            29.984048
          ],
          [
            31.2380631,
            29.9840173
          ],
          [
            31.2381023,
            29.9840014
          ],
          [
            31.2381434,
            29.9839897
          ],
          [
            31.2382006,
            29.9839811
          ],
          [
            31.2382282,
            29.9839809
          ]
        ]
      },
      "id": "way/843842562"
    },
    {
      "type": "Feature",
      "properties": {
        "@id": "way/879305833",
        "access": "private",
        "highway": "residential",
        "name": "شارع الخصوص",
        "name:ar": "شارع الخصوص",
        "name:en": "Al Khesous Street"
      },
      "geometry": {
        "type": "LineString",
        "coordinates": [
          [
            31.3166912,
            30.1584084
          ],
          [
            31.3168368,
            30.1584138
          ],
          [
            31.317152,
            30.158422
          ],
          [
            31.3172739,
            30.1584243
          ],
          [
            31.3175233,
            30.1584208
          ],
          [
            31.3176197,
            30.1584169
          ],
          [
            31.317716,
            30.1584114
          ]
        ]
      },
      "id": "way/879305833"
    },
    {
      "type": "Feature",
      "properties": {
        "@id": "way/885057931",
        "highway": "residential",
        "name": "شارع الخصوص",
        "name:ar": "شارع الخصوص",
        "name:en": "Al Khesous Street"
      },
      "geometry": {
        "type": "LineString",
        "coordinates": [
          [
            31.3159671,
            30.1584487
          ],
          [
            31.3160463,
            30.1583776
          ],
          [
            31.3160867,
            30.1583553
          ],
          [
            31.316131,
            30.1583397
          ],
          [
            31.316178,
            30.1583312
          ],
          [
            31.3162259,
            30.1583301
          ],
          [
            31.3162732,
            30.1583365
          ],
          [
            31.3166912,
            30.1584084
          ]
        ]
      },
      "id": "way/885057931"
    },
    {
      "type": "Feature",
      "properties": {
        "@id": "way/888197455",
        "highway": "residential",
        "name": "شارع مدرسه نزله السمان",
        "name:ar": "شارع مدرسه نزله السمان",
        "name:en": "Madrasa Nazla Al Seman Street"
      },
      "geometry": {
        "type": "LineString",
        "coordinates": [
          [
            31.1414456,
            29.979537
          ],
          [
            31.141665,
            29.9795386
          ],
          [
            31.1416809,
            29.9795344
          ],
          [
            31.1416932,
            29.9795248
          ],
          [
            31.1416997,
            29.9795115
          ],
          [
            31.1416975,
            29.9794803
          ],
          [
            31.1416995,
            29.9794725
          ],
          [
            31.1417064,
            29.9794672
          ],
          [
            31.1417157,
            29.9794664
          ],
          [
            31.1423953,
            29.9794779
          ]
        ]
      },
      "id": "way/888197455"
    },
    {
      "type": "Feature",
      "properties": {
        "@id": "way/896591977",
        "highway": "residential",
        "name": "شارع اولاد خير الله",
        "name:ar": "شارع اولاد خير الله",
        "name:en": "Awlad Kheir Allah Street"
      },
      "geometry": {
        "type": "LineString",
        "coordinates": [
          [
            31.2534109,
            29.9899209
          ],
          [
            31.2531316,
            29.9899738
          ],
          [
            31.2525036,
            29.9900929
          ],
          [
            31.2524927,
            29.9900933
          ],
          [
            31.2524824,
            29.9900899
          ],
          [
            31.2524746,
            29.9900833
          ],
          [
            31.2524703,
            29.9900746
          ],
          [
            31.2524554,
            29.9899904
          ]
        ]
      },
      "id": "way/896591977"
    },
    {
      "type": "Feature",
      "properties": {
        "@id": "way/924425061",
        "bridge": "yes",
        "highway": "unclassified",
        "layer": "1",
        "name": "شارع الخصوص",
        "name:ar": "شارع الخصوص",
        "name:en": "Al Khosous Street"
      },
      "geometry": {
        "type": "LineString",
        "coordinates": [
          [
            31.3362366,
            30.1736868
          ],
          [
            31.3362742,
            30.1737776
          ]
        ]
      },
      "id": "way/924425061"
    },
    {
      "type": "Feature",
      "properties": {
        "@id": "way/924425062",
        "highway": "unclassified",
        "name": "شارع الخصوص",
        "name:ar": "شارع الخصوص",
        "name:en": "Al Khosous Street"
      },
      "geometry": {
        "type": "LineString",
        "coordinates": [
          [
            31.3353982,
            30.1715738
          ],
          [
            31.3358979,
            30.1728709
          ],
          [
            31.3362366,
            30.1736868
          ]
        ]
      },
      "id": "way/924425062"
    },
    {
      "type": "Feature",
      "properties": {
        "@id": "way/993474306",
        "highway": "secondary",
        "lit": "yes",
        "name": "شارع دار السلام",
        "name:ar": "شارع دار السلام",
        "name:en": "Dar Al Salam Street",
        "oneway": "yes"
      },
      "geometry": {
        "type": "LineString",
        "coordinates": [
          [
            31.2347445,
            29.9886249
          ],
          [
            31.234812,
            29.9885674
          ],
          [
            31.2349162,
            29.9884834
          ],
          [
            31.2350163,
            29.9883915
          ],
          [
            31.2351091,
            29.988294
          ],
          [
            31.2351628,
            29.9882393
          ]
        ]
      },
      "id": "way/993474306"
    },
    {
      "type": "Feature",
      "properties": {
        "@id": "way/1130863058",
        "highway": "service",
        "maxspeed": "30",
        "name": "الطريق الصحراوي ارض اللواء وبولاق الدكرور",
        "surface": "asphalt"
      },
      "geometry": {
        "type": "LineString",
        "coordinates": [
          [
            31.1894208,
            30.0571281
          ],
          [
            31.1894855,
            30.0569443
          ],
          [
            31.189541,
            30.0567516
          ],
          [
            31.1895881,
            30.0565399
          ]
        ]
      },
      "id": "way/1130863058"
    },
    {
      "type": "Feature",
      "properties": {
        "@id": "way/1231847849",
        "bridge": "yes",
        "foot": "no",
        "highway": "primary",
        "layer": "1",
        "lit": "yes",
        "name": "كوبري مدخل منشية ناصر و المقطم",
        "name:ar": "كوبري مدخل منشية ناصر و المقطم",
        "name:en": "Manshiet Naser W Al Mokattam Entrance Bridge",
        "old_ref": "06",
        "oneway": "yes",
        "surface": "asphalt"
      },
      "geometry": {
        "type": "LineString",
        "coordinates": [
          [
            31.2682245,
            30.0296141
          ],
          [
            31.2673478,
            30.0300173
          ],
          [
            31.2671712,
            30.0300914
          ]
        ]
      },
      "id": "way/1231847849"
    },
    {
      "type": "Feature",
      "properties": {
        "@id": "way/1263186368",
        "highway": "secondary",
        "lit": "yes",
        "name": "شارع دار السلام",
        "name:ar": "شارع دار السلام",
        "name:en": "Dar Al Salam Street"
      },
      "geometry": {
        "type": "LineString",
        "coordinates": [
          [
            31.2366086,
            29.9855028
          ],
          [
            31.2365364,
            29.985619
          ],
          [
            31.2363007,
            29.9859981
          ],
          [
            31.2355406,
            29.9874952
          ],
          [
            31.2351628,
            29.9882393
          ]
        ]
      },
      "id": "way/1263186368"
    },
    {
      "type": "Feature",
      "properties": {
        "@id": "way/1312018373",
        "access": "no",
        "highway": "residential",
        "name": "شارع الدكروري",
        "name:ar": "شارع الدكروري",
        "name:en": "Al Dakroury Street"
      },
      "geometry": {
        "type": "LineString",
        "coordinates": [
          [
            31.2176252,
            30.0455381
          ],
          [
            31.2176359,
            30.0455048
          ]
        ]
      },
      "id": "way/1312018373"
    },
    {
      "type": "Feature",
      "properties": {
        "@id": "way/1385735655",
        "highway": "service",
        "name": "طريق جانبي مخصص لموقف بولاق الدكرور"
      },
      "geometry": {
        "type": "LineString",
        "coordinates": [
          [
            31.1929733,
            30.0426644
          ],
          [
            31.1927911,
            30.0436927
          ],
          [
            31.1927804,
            30.043786
          ],
          [
            31.1927644,
            30.0440016
          ],
          [
            31.1927339,
            30.0442073
          ],
          [
            31.19272,
            30.0442928
          ],
          [
            31.1926908,
            30.0444729
          ],
          [
            31.1926804,
            30.0445075
          ],
          [
            31.192547,
            30.0449531
          ],
          [
            31.1923356,
            30.0457496
          ],
          [
            31.1922892,
            30.04583
          ],
          [
            31.192092,
            30.0461721
          ],
          [
            31.1920776,
            30.046197
          ]
        ]
      },
      "id": "way/1385735655"
    },
    {
      "type": "Feature",
      "properties": {
        "@id": "way/1418604206",
        "highway": "service",
        "maxspeed": "30",
        "name": "الطريق الصحراوي ارض اللواء وبولاق الدكرور",
        "surface": "asphalt"
      },
      "geometry": {
        "type": "LineString",
        "coordinates": [
          [
            31.1893084,
            30.0557534
          ],
          [
            31.1890269,
            30.0564886
          ]
        ]
      },
      "id": "way/1418604206"
    },
    {
      "type": "Feature",
      "properties": {
        "@id": "way/1497889315",
        "highway": "service",
        "motor_vehicle": "customers",
        "name": "طريق موقف بولاق الدكرور",
        "oneway": "yes"
      },
      "geometry": {
        "type": "LineString",
        "coordinates": [
          [
            31.1926804,
            30.0445075
          ],
          [
            31.1925512,
            30.0451572
          ],
          [
            31.192428,
            30.0456971
          ],
          [
            31.1922892,
            30.04583
          ]
        ]
      },
      "id": "way/1497889315"
    },
    {
      "type": "Feature",
      "properties": {
        "@id": "node/270247095",
        "bus": "yes",
        "gtfs:stop_id": "151",
        "name": "Imbaba Police Station",
        "public_transport": "stop_position",
        "@relations": [
          {
            "role": "stop_position",
            "rel": 20986213,
            "reltags": {
              "name": "Imbaba Police Station",
              "public_transport": "stop_area",
              "type": "public_transport"
            }
          }
        ]
      },
      "geometry": {
        "type": "Point",
        "coordinates": [
          31.2222399,
          30.0750056
        ]
      },
      "id": "node/270247095"
    },
    {
      "type": "Feature",
      "properties": {
        "@id": "node/272197931",
        "name": "شبرا الخيمة",
        "name:ar": "شبرا الخيمة",
        "name:en": "Shobra Al-Kheima",
        "operator": "Egytian National Railways (ENR)",
        "public_transport": "station",
        "railway": "station",
        "train": "yes",
        "@relations": [
          {
            "role": "",
            "rel": 20986248,
            "reltags": {
              "name": "Moasasa/Shubra Al Kheima Transit Group",
              "public_transport": "stop_area_group",
              "type": "public_transport"
            }
          }
        ]
      },
      "geometry": {
        "type": "Point",
        "coordinates": [
          31.2446088,
          30.1224837
        ]
      },
      "id": "node/272197931"
    },
    {
      "type": "Feature",
      "properties": {
        "@id": "node/272579405",
        "bus": "yes",
        "gtfs:stop_id": "2210",
        "name": "Al Bohi (Imbaba)",
        "public_transport": "stop_position",
        "@relations": [
          {
            "role": "",
            "rel": 20951419,
            "reltags": {
              "name": "Al Bohi (Imbaba)",
              "public_transport": "stop_area",
              "type": "public_transport"
            }
          }
        ]
      },
      "geometry": {
        "type": "Point",
        "coordinates": [
          31.2125324,
          30.0878945
        ]
      },
      "id": "node/272579405"
    },
    {
      "type": "Feature",
      "properties": {
        "@id": "node/272579503",
        "bus": "yes",
        "gtfs:stop_id": "2211",
        "name": "Al Bohi (Imbaba)",
        "public_transport": "stop_position",
        "@relations": [
          {
            "role": "",
            "rel": 20951419,
            "reltags": {
              "name": "Al Bohi (Imbaba)",
              "public_transport": "stop_area",
              "type": "public_transport"
            }
          }
        ]
      },
      "geometry": {
        "type": "Point",
        "coordinates": [
          31.2123916,
          30.0878274
        ]
      },
      "id": "node/272579503"
    },
    {
      "type": "Feature",
      "properties": {
        "@id": "node/272583564",
        "bus": "yes",
        "gtfs:stop_id": "2392",
        "name": "Imbaba (Dr. Mohamed Moheb Zaki St.)",
        "public_transport": "stop_position",
        "@relations": [
          {
            "role": "stop_position",
            "rel": 20994288,
            "reltags": {
              "name": "East Imbaba",
              "public_transport": "stop_area",
              "type": "public_transport"
            }
          }
        ]
      },
      "geometry": {
        "type": "Point",
        "coordinates": [
          31.221011,
          30.0770581
        ]
      },
      "id": "node/272583564"
    },
    {
      "type": "Feature",
      "properties": {
        "@id": "node/272583797",
        "bus": "yes",
        "gtfs:stop_id": "2385",
        "name": "Imbaba (Nady & Al Amel Al Awal St.)",
        "public_transport": "stop_position",
        "@relations": [
          {
            "role": "stop_position",
            "rel": 20986212,
            "reltags": {
              "name": "Imbaba (Nady & Al Amel Al Awal St.)",
              "public_transport": "stop_area",
              "type": "public_transport"
            }
          }
        ]
      },
      "geometry": {
        "type": "Point",
        "coordinates": [
          31.2145948,
          30.0795713
        ]
      },
      "id": "node/272583797"
    },
    {
      "type": "Feature",
      "properties": {
        "@id": "node/280762311",
        "bus": "yes",
        "gtfs:stop_id": "107",
        "name": "Imbaba Police Station",
        "public_transport": "stop_position",
        "@relations": [
          {
            "role": "stop_position",
            "rel": 20986213,
            "reltags": {
              "name": "Imbaba Police Station",
              "public_transport": "stop_area",
              "type": "public_transport"
            }
          }
        ]
      },
      "geometry": {
        "type": "Point",
        "coordinates": [
          31.2222634,
          30.0751731
        ]
      },
      "id": "node/280762311"
    },
    {
      "type": "Feature",
      "properties": {
        "@id": "node/280762519",
        "bus": "yes",
        "gtfs:stop_id": "2388",
        "name": "Kabdet Al Prince (Imbaba)",
        "public_transport": "stop_position",
        "@relations": [
          {
            "role": "",
            "rel": 20959483,
            "reltags": {
              "name": "Kabdet Al Prince (Imbaba)",
              "public_transport": "stop_area",
              "type": "public_transport"
            }
          }
        ]
      },
      "geometry": {
        "type": "Point",
        "coordinates": [
          31.2192687,
          30.080652
        ]
      },
      "id": "node/280762519"
    },
    {
      "type": "Feature",
      "properties": {
        "@id": "node/280769706",
        "bus": "yes",
        "gtfs:stop_id": "2205",
        "name": "Warraq Al Arab",
        "public_transport": "stop_position",
        "@relations": [
          {
            "role": "",
            "rel": 20986182,
            "reltags": {
              "name": "Warraq Al Arab",
              "public_transport": "stop_area",
              "type": "public_transport"
            }
          }
        ]
      },
      "geometry": {
        "type": "Point",
        "coordinates": [
          31.2149062,
          30.0955876
        ]
      },
      "id": "node/280769706"
    },
    {
      "type": "Feature",
      "properties": {
        "@id": "node/316388053",
        "fixme": "Probably part of the metro line",
        "gtfs:stop_id": "73",
        "name": "دار السلام",
        "name:ar": "دار السلام",
        "name:de": "Dar Al-Salam",
        "name:en": "Dar Al-Salam",
        "name:fr": "Dar Al-Salam",
        "public_transport": "stop_position",
        "railway": "stop",
        "subway": "yes",
        "@relations": [
          {
            "role": "stop",
            "rel": 7686299,
            "reltags": {
              "name": "دار السلام",
              "name:ar": "دار السلام",
              "name:de": "Dar Al-Salam",
              "name:en": "Dar Al-Salam",
              "name:fr": "Dar Al-Salam",
              "public_transport": "stop_area",
              "type": "public_transport"
            }
          }
        ]
      },
      "geometry": {
        "type": "Point",
        "coordinates": [
          31.2421744,
          29.9819862
        ]
      },
      "id": "node/316388053"
    },
    {
      "type": "Feature",
      "properties": {
        "@id": "node/316631596",
        "@relations": [
          {
            "role": "stop",
            "rel": 7927231,
            "reltags": {
              "colour": "#FF7000",
              "from": "شبرا الخيمة",
              "name": "الخط الثاني : شبرا الخيمة‎ ← المنيب",
              "name:ar": "الخط الثاني : شبرا الخيمة‎ ← المنيب",
              "name:de": "Linie 2: Shubra El-Kheima → El Mounib",
              "name:en": "Line 2: Shubra El-Kheima → El Mounib",
              "name:fr": "Ligne 2 : Shubra El-Kheima → El Mounib",
              "network": "الشركة المصرية لإدارة وتشغيل المترو",
              "public_transport:version": "2",
              "ref": "2",
              "route": "subway",
              "to": "المنيب",
              "type": "route",
              "wikidata": "Q5017773",
              "wikipedia": "en:Cairo Metro Line 2"
            }
          }
        ]
      },
      "geometry": {
        "type": "Point",
        "coordinates": [
          31.2040068,
          30.0172901
        ]
      },
      "id": "node/316631596"
    },
    {
      "type": "Feature",
      "properties": {
        "@id": "node/316631600",
        "@relations": [
          {
            "role": "stop",
            "rel": 7927231,
            "reltags": {
              "colour": "#FF7000",
              "from": "شبرا الخيمة",
              "name": "الخط الثاني : شبرا الخيمة‎ ← المنيب",
              "name:ar": "الخط الثاني : شبرا الخيمة‎ ← المنيب",
              "name:de": "Linie 2: Shubra El-Kheima → El Mounib",
              "name:en": "Line 2: Shubra El-Kheima → El Mounib",
              "name:fr": "Ligne 2 : Shubra El-Kheima → El Mounib",
              "network": "الشركة المصرية لإدارة وتشغيل المترو",
              "public_transport:version": "2",
              "ref": "2",
              "route": "subway",
              "to": "المنيب",
              "type": "route",
              "wikidata": "Q5017773",
              "wikipedia": "en:Cairo Metro Line 2"
            }
          }
        ]
      },
      "geometry": {
        "type": "Point",
        "coordinates": [
          31.2071014,
          30.0105673
        ]
      },
      "id": "node/316631600"
    },
    {
      "type": "Feature",
      "properties": {
        "@id": "node/316632489",
        "@relations": [
          {
            "role": "stop",
            "rel": 7927231,
            "reltags": {
              "colour": "#FF7000",
              "from": "شبرا الخيمة",
              "name": "الخط الثاني : شبرا الخيمة‎ ← المنيب",
              "name:ar": "الخط الثاني : شبرا الخيمة‎ ← المنيب",
              "name:de": "Linie 2: Shubra El-Kheima → El Mounib",
              "name:en": "Line 2: Shubra El-Kheima → El Mounib",
              "name:fr": "Ligne 2 : Shubra El-Kheima → El Mounib",
              "network": "الشركة المصرية لإدارة وتشغيل المترو",
              "public_transport:version": "2",
              "ref": "2",
              "route": "subway",
              "to": "المنيب",
              "type": "route",
              "wikidata": "Q5017773",
              "wikipedia": "en:Cairo Metro Line 2"
            }
          }
        ]
      },
      "geometry": {
        "type": "Point",
        "coordinates": [
          31.2011889,
          30.0259912
        ]
      },
      "id": "node/316632489"
    },
    {
      "type": "Feature",
      "properties": {
        "@id": "node/316634827",
        "@relations": [
          {
            "role": "stop",
            "rel": 421706,
            "reltags": {
              "colour": "#FF7000",
              "from": "المنيب",
              "name": "الخط الثاني : المنيب‎ ← شبرا الخيمة‎",
              "name:ar": "الخط الثاني : المنيب‎ ← شبرا الخيمة‎",
              "name:de": "Linie 2: El Mounib → Shubra El-Kheima",
              "name:en": "Line 2: El Mounib → Shubra El-Kheima",
              "name:fr": "Ligne 2 : El Mounib → Shubra El-Kheima",
              "network": "الشركة المصرية لإدارة وتشغيل المترو",
              "public_transport:version": "2",
              "ref": "2",
              "route": "subway",
              "to": "شبرا الخيمة",
              "type": "route",
              "wikidata": "Q5017773",
              "wikipedia": "en:Cairo Metro Line 2"
            }
          }
        ]
      },
      "geometry": {
        "type": "Point",
        "coordinates": [
          31.2454766,
          30.0977857
        ]
      },
      "id": "node/316634827"
    },
    {
      "type": "Feature",
      "properties": {
        "@id": "node/316643111",
        "alt_name": "محطة عزبة النخل",
        "gtfs:stop_id": "32",
        "int_name": "Ezbet El-Nakhl",
        "name": "محطة عزبة النخل",
        "name:ar": "محطة عزبة النخل",
        "name:de": "Ezbet en Nakhl",
        "name:en": "Ezbet en Nakhl",
        "name:fr": "Ezbet en Nakhl",
        "public_transport": "stop_position",
        "railway": "stop",
        "subway": "yes",
        "@relations": [
          {
            "role": "stop",
            "rel": 7916132,
            "reltags": {
              "name": "محطة عزبة النخل",
              "name:ar": "محطة عزبة النخل",
              "name:en": "Ezbet en Nakhl",
              "public_transport": "stop_area",
              "type": "public_transport"
            }
          }
        ]
      },
      "geometry": {
        "type": "Point",
        "coordinates": [
          31.3245258,
          30.1392468
        ]
      },
      "id": "node/316643111"
    },
    {
      "type": "Feature",
      "properties": {
        "@id": "node/316666943",
        "bus": "yes",
        "gtfs:stop_id": "2126",
        "name": "Nile Club (Shubra Al Kheima)",
        "public_transport": "stop_position",
        "@relations": [
          {
            "role": "",
            "rel": 20956599,
            "reltags": {
              "name": "Nile Club (Shubra Al Kheima)",
              "public_transport": "stop_area",
              "type": "public_transport"
            }
          }
        ]
      },
      "geometry": {
        "type": "Point",
        "coordinates": [
          31.2435748,
          30.1106594
        ]
      },
      "id": "node/316666943"
    },
    {
      "type": "Feature",
      "properties": {
        "@id": "node/317162431",
        "bus": "yes",
        "gtfs:stop_id": "54",
        "name": "Masaken Othman (Ezbet El Nakhl)",
        "public_transport": "stop_position"
      },
      "geometry": {
        "type": "Point",
        "coordinates": [
          31.3273266,
          30.1405242
        ]
      },
      "id": "node/317162431"
    },
    {
      "type": "Feature",
      "properties": {
        "@id": "node/317755256",
        "@relations": [
          {
            "role": "stop",
            "rel": 421706,
            "reltags": {
              "colour": "#FF7000",
              "from": "المنيب",
              "name": "الخط الثاني : المنيب‎ ← شبرا الخيمة‎",
              "name:ar": "الخط الثاني : المنيب‎ ← شبرا الخيمة‎",
              "name:de": "Linie 2: El Mounib → Shubra El-Kheima",
              "name:en": "Line 2: El Mounib → Shubra El-Kheima",
              "name:fr": "Ligne 2 : El Mounib → Shubra El-Kheima",
              "network": "الشركة المصرية لإدارة وتشغيل المترو",
              "public_transport:version": "2",
              "ref": "2",
              "route": "subway",
              "to": "شبرا الخيمة",
              "type": "route",
              "wikidata": "Q5017773",
              "wikipedia": "en:Cairo Metro Line 2"
            }
          }
        ]
      },
      "geometry": {
        "type": "Point",
        "coordinates": [
          31.2469369,
          30.052408
        ]
      },
      "id": "node/317755256"
    },
    {
      "type": "Feature",
      "properties": {
        "@id": "node/320938075",
        "bus": "yes",
        "gtfs:stop_id": "247",
        "name": "Maspero Exit (15th of May Bridge)",
        "public_transport": "stop_position"
      },
      "geometry": {
        "type": "Point",
        "coordinates": [
          31.2291299,
          30.0552027
        ]
      },
      "id": "node/320938075"
    },
    {
      "type": "Feature",
      "properties": {
        "@id": "node/320939344",
        "bus": "yes",
        "gtfs:stop_id": "1743",
        "name": "Nour Al Islam Mosque (Shubra Al Kheima)",
        "public_transport": "stop_position",
        "@relations": [
          {
            "role": "",
            "rel": 20954722,
            "reltags": {
              "name": "Nour Al Islam Mosque (Shubra Al Kheima)",
              "public_transport": "stop_area",
              "type": "public_transport"
            }
          }
        ]
      },
      "geometry": {
        "type": "Point",
        "coordinates": [
          31.2842293,
          30.1159734
        ]
      },
      "id": "node/320939344"
    },
    {
      "type": "Feature",
      "properties": {
        "@id": "node/324279484",
        "name": "إمبابة",
        "name:ar": "إمبابة",
        "name:en": "Imbaba",
        "place": "suburb"
      },
      "geometry": {
        "type": "Point",
        "coordinates": [
          31.215927,
          30.088512
        ]
      },
      "id": "node/324279484"
    },
    {
      "type": "Feature",
      "properties": {
        "@id": "node/324282233",
        "name": "منشية ناصر",
        "name:ar": "منشية ناصر",
        "name:en": "Manshiet Naser",
        "place": "suburb"
      },
      "geometry": {
        "type": "Point",
        "coordinates": [
          31.2763286,
          30.0363319
        ]
      },
      "id": "node/324282233"
    },
    {
      "type": "Feature",
      "properties": {
        "@id": "node/324283142",
        "name": "بولاق الدكرور",
        "name:ar": "بولاق الدكرور",
        "name:en": "Bulaq Al-Dakrour",
        "place": "suburb"
      },
      "geometry": {
        "type": "Point",
        "coordinates": [
          31.1910129,
          30.0338799
        ]
      },
      "id": "node/324283142"
    },
    {
      "type": "Feature",
      "properties": {
        "@id": "node/342114874",
        "bus": "yes",
        "gtfs:stop_id": "2368",
        "name": "Al Warraq Water Station",
        "public_transport": "stop_position",
        "@relations": [
          {
            "role": "",
            "rel": 20981387,
            "reltags": {
              "name": "Al Warraq Water Station",
              "public_transport": "stop_area",
              "type": "public_transport"
            }
          }
        ]
      },
      "geometry": {
        "type": "Point",
        "coordinates": [
          31.2096651,
          30.1143757
        ]
      },
      "id": "node/342114874"
    },
    {
      "type": "Feature",
      "properties": {
        "@id": "node/366083434",
        "bus": "yes",
        "gtfs:stop_id": "2384",
        "name": "Imbaba Station",
        "public_transport": "stop_position"
      },
      "geometry": {
        "type": "Point",
        "coordinates": [
          31.218411,
          30.0782764
        ]
      },
      "id": "node/366083434"
    },
    {
      "type": "Feature",
      "properties": {
        "@id": "node/384265543",
        "alt_name": "ميت عقبة",
        "name": "ميت عقبة",
        "name:ar": "ميت عقبة",
        "name:en": "Meet Oqba",
        "place": "suburb"
      },
      "geometry": {
        "type": "Point",
        "coordinates": [
          31.1939999,
          30.060336
        ]
      },
      "id": "node/384265543"
    },
    {
      "type": "Feature",
      "properties": {
        "@id": "node/432875457",
        "alt_name": "دار السلام أول",
        "amenity": "police",
        "name": "دار السلام أول",
        "name:ar": "دار السلام أول",
        "name:en": "Dar El Salaam",
        "note": "correct arabic tag"
      },
      "geometry": {
        "type": "Point",
        "coordinates": [
          31.2374345,
          29.9840727
        ]
      },
      "id": "node/432875457"
    },
    {
      "type": "Feature",
      "properties": {
        "@id": "node/432875458",
        "amenity": "school",
        "name": "الفنية المعمارية بدار السلام",
        "name:ar": "الفنية المعمارية بدار السلام",
        "name:en": "Dar El Salaam Technical Architcture School",
        "note": "correct arabic tag"
      },
      "geometry": {
        "type": "Point",
        "coordinates": [
          31.2380509,
          29.9845042
        ]
      },
      "id": "node/432875458"
    },
    {
      "type": "Feature",
      "properties": {
        "@id": "node/543372477",
        "bus": "yes",
        "gtfs:stop_id": "2389",
        "name": "North Imbaba",
        "public_transport": "stop_position",
        "@relations": [
          {
            "role": "",
            "rel": 20959484,
            "reltags": {
              "name": "North Imbaba",
              "public_transport": "stop_area",
              "type": "public_transport"
            }
          }
        ]
      },
      "geometry": {
        "type": "Point",
        "coordinates": [
          31.216537,
          30.0813883
        ]
      },
      "id": "node/543372477"
    },
    {
      "type": "Feature",
      "properties": {
        "@id": "node/613745716",
        "bus": "yes",
        "gtfs:stop_id": "1328",
        "name": "Al Safwa Hospital (Shubra)",
        "public_transport": "stop_position"
      },
      "geometry": {
        "type": "Point",
        "coordinates": [
          31.2452116,
          30.0930652
        ]
      },
      "id": "node/613745716"
    },
    {
      "type": "Feature",
      "properties": {
        "@id": "node/663261801",
        "bus": "yes",
        "gtfs:stop_id": "2121",
        "name": "Al Mazallaat (Saad Selim St. & Shubra St.)",
        "public_transport": "stop_position"
      },
      "geometry": {
        "type": "Point",
        "coordinates": [
          31.2452626,
          30.1023548
        ]
      },
      "id": "node/663261801"
    },
    {
      "type": "Feature",
      "properties": {
        "@id": "node/675181365",
        "bus": "yes",
        "gtfs:stop_id": "2395",
        "name": "Hearing and Speech Institute (Imbaba)",
        "public_transport": "stop_position",
        "@relations": [
          {
            "role": "",
            "rel": 20959485,
            "reltags": {
              "name": "Hearing and Speech Institute (Imbaba)",
              "public_transport": "stop_area",
              "type": "public_transport"
            }
          }
        ]
      },
      "geometry": {
        "type": "Point",
        "coordinates": [
          31.2259546,
          30.0826468
        ]
      },
      "id": "node/675181365"
    },
    {
      "type": "Feature",
      "properties": {
        "@id": "node/725568291",
        "alt_name": "إمبابة",
        "amenity": "police",
        "name": "قسم شرطة إمبابة",
        "name:ar": "إمبابة",
        "name:en": "Imbaba Police Station"
      },
      "geometry": {
        "type": "Point",
        "coordinates": [
          31.2216795,
          30.0751231
        ]
      },
      "id": "node/725568291"
    },
    {
      "type": "Feature",
      "properties": {
        "@id": "node/768553351",
        "alt_name": "الخصوص",
        "int_name": "Al Khuşūş, Al Khusus",
        "name": "الخصوص",
        "name:ar": "الخصوص",
        "name:ar1": "الخصوص",
        "name:de": "Al Khusus",
        "name:en": "Al Khusus",
        "name:fr": "Al Khusus",
        "place": "village"
      },
      "geometry": {
        "type": "Point",
        "coordinates": [
          31.314222,
          30.1597348
        ]
      },
      "id": "node/768553351"
    },
    {
      "type": "Feature",
      "properties": {
        "@id": "node/768590257",
        "int_name": "El Sakâkîni, Al Sakakini",
        "name": "السكاكيني",
        "name:ar": "السكاكيني",
        "name:de": "El Sakakini",
        "name:en": "El Sakakini",
        "name:fr": "El Sakakini",
        "place": "hamlet"
      },
      "geometry": {
        "type": "Point",
        "coordinates": [
          31.2665717,
          30.0672856
        ]
      },
      "id": "node/768590257"
    },
    {
      "type": "Feature",
      "properties": {
        "@id": "node/768591727",
        "alt_name": "السكاكيني",
        "fixme": "overlapping",
        "int_name": "El Sakâkîni, Al Sakakini",
        "name": "السكاكيني",
        "name:ar": "السكاكيني",
        "name:ar1": "السكاكيني",
        "name:de": "Al Sakakini",
        "name:en": "Al Sakakini",
        "name:fr": "Al Sakakini",
        "place": "hamlet"
      },
      "geometry": {
        "type": "Point",
        "coordinates": [
          31.2665717,
          30.0672856
        ]
      },
      "id": "node/768591727"
    },
    {
      "type": "Feature",
      "properties": {
        "@id": "node/768591737",
        "alt_name": "شبرا الخيمة",
        "int_name": "Shubra al-Khayma, Shubra al Khayma",
        "name": "شبرا الخيمة",
        "name:ar": "شبرا الخيمة",
        "name:ar1": "شبرا الخيمة",
        "name:de": "Shubra al Khayma",
        "name:en": "Shubra al Khayma",
        "name:et": "Shubrā al-Khaymah",
        "name:fa": "شبرا الخیمه",
        "name:fr": "Shubra al Khayma",
        "name:hr": "Šubra al Hajma",
        "name:ko": "슈브라엘케이마",
        "name:ml": "ഷുബ്ര അൽ-ഖൈമ",
        "name:pt": "Shubra El-Kheima",
        "name:ru": "Шубра-эль-Хейма",
        "name:sr": "Шубра ел Кејма",
        "name:sr-Latn": "Šubra el Kejma",
        "name:uk": "Шубра-ель-Хейма",
        "place": "city",
        "population": "1016722",
        "wikidata": "Q269960",
        "wikimedia_commons": "Category:Shubra el-Kheima",
        "wikipedia": "en:Shubra El Kheima"
      },
      "geometry": {
        "type": "Point",
        "coordinates": [
          31.242218,
          30.1285988
        ]
      },
      "id": "node/768591737"
    },
    {
      "type": "Feature",
      "properties": {
        "@id": "node/931967610",
        "bus": "yes",
        "gtfs:stop_id": "2125",
        "name": "Nile Club (Shubra Al Kheima)",
        "public_transport": "stop_position",
        "@relations": [
          {
            "role": "",
            "rel": 20956599,
            "reltags": {
              "name": "Nile Club (Shubra Al Kheima)",
              "public_transport": "stop_area",
              "type": "public_transport"
            }
          }
        ]
      },
      "geometry": {
        "type": "Point",
        "coordinates": [
          31.2434696,
          30.1106589
        ]
      },
      "id": "node/931967610"
    },
    {
      "type": "Feature",
      "properties": {
        "@id": "node/1131555201",
        "@relations": [
          {
            "role": "stop",
            "rel": 7927231,
            "reltags": {
              "colour": "#FF7000",
              "from": "شبرا الخيمة",
              "name": "الخط الثاني : شبرا الخيمة‎ ← المنيب",
              "name:ar": "الخط الثاني : شبرا الخيمة‎ ← المنيب",
              "name:de": "Linie 2: Shubra El-Kheima → El Mounib",
              "name:en": "Line 2: Shubra El-Kheima → El Mounib",
              "name:fr": "Ligne 2 : Shubra El-Kheima → El Mounib",
              "network": "الشركة المصرية لإدارة وتشغيل المترو",
              "public_transport:version": "2",
              "ref": "2",
              "route": "subway",
              "to": "المنيب",
              "type": "route",
              "wikidata": "Q5017773",
              "wikipedia": "en:Cairo Metro Line 2"
            }
          }
        ]
      },
      "geometry": {
        "type": "Point",
        "coordinates": [
          31.2119042,
          29.9811114
        ]
      },
      "id": "node/1131555201"
    },
    {
      "type": "Feature",
      "properties": {
        "@id": "node/1263117124",
        "name": "ميت عقبة",
        "name:ar": "ميت عقبة",
        "name:en": "Meet Okba",
        "place": "suburb"
      },
      "geometry": {
        "type": "Point",
        "coordinates": [
          31.1974505,
          30.0632012
        ]
      },
      "id": "node/1263117124"
    },
    {
      "type": "Feature",
      "properties": {
        "@id": "node/1641694429",
        "@relations": [
          {
            "role": "stop",
            "rel": 421706,
            "reltags": {
              "colour": "#FF7000",
              "from": "المنيب",
              "name": "الخط الثاني : المنيب‎ ← شبرا الخيمة‎",
              "name:ar": "الخط الثاني : المنيب‎ ← شبرا الخيمة‎",
              "name:de": "Linie 2: El Mounib → Shubra El-Kheima",
              "name:en": "Line 2: El Mounib → Shubra El-Kheima",
              "name:fr": "Ligne 2 : El Mounib → Shubra El-Kheima",
              "network": "الشركة المصرية لإدارة وتشغيل المترو",
              "public_transport:version": "2",
              "ref": "2",
              "route": "subway",
              "to": "شبرا الخيمة",
              "type": "route",
              "wikidata": "Q5017773",
              "wikipedia": "en:Cairo Metro Line 2"
            }
          }
        ]
      },
      "geometry": {
        "type": "Point",
        "coordinates": [
          31.2487214,
          30.1137699
        ]
      },
      "id": "node/1641694429"
    },
    {
      "type": "Feature",
      "properties": {
        "@id": "node/1641694433",
        "gtfs:stop_id": "51",
        "int_name": "Shobra El Kheima",
        "name": "شبرا الخيمة",
        "name:ar": "شبرا الخيمة",
        "name:de": "Shobra Al-Kheima",
        "name:en": "Shobra Al-Kheima",
        "name:fr": "Shobra Al-Kheima",
        "public_transport": "stop_position",
        "railway": "stop",
        "subway": "yes",
        "@relations": [
          {
            "role": "stop",
            "rel": 421706,
            "reltags": {
              "colour": "#FF7000",
              "from": "المنيب",
              "name": "الخط الثاني : المنيب‎ ← شبرا الخيمة‎",
              "name:ar": "الخط الثاني : المنيب‎ ← شبرا الخيمة‎",
              "name:de": "Linie 2: El Mounib → Shubra El-Kheima",
              "name:en": "Line 2: El Mounib → Shubra El-Kheima",
              "name:fr": "Ligne 2 : El Mounib → Shubra El-Kheima",
              "network": "الشركة المصرية لإدارة وتشغيل المترو",
              "public_transport:version": "2",
              "ref": "2",
              "route": "subway",
              "to": "شبرا الخيمة",
              "type": "route",
              "wikidata": "Q5017773",
              "wikipedia": "en:Cairo Metro Line 2"
            }
          },
          {
            "role": "stop",
            "rel": 13312927,
            "reltags": {
              "name": "شبرا الخيمة",
              "name:en": "Shobra Al-Kheima",
              "public_transport": "stop_area",
              "type": "public_transport"
            }
          }
        ]
      },
      "geometry": {
        "type": "Point",
        "coordinates": [
          31.2435209,
          30.1241026
        ]
      },
      "id": "node/1641694433"
    },
    {
      "type": "Feature",
      "properties": {
        "@id": "node/1739199117",
        "bus": "yes",
        "gtfs:stop_id": "351",
        "name": "Moasasa/Shubra Al Kheima Metro Bus Stop (Railway Station)",
        "public_transport": "stop_position",
        "@relations": [
          {
            "role": "",
            "rel": 20948684,
            "reltags": {
              "name": "Moasasa/Shubra Al Kheima Metro Bus Stop (Railway Station)",
              "public_transport": "stop_area",
              "type": "public_transport"
            }
          }
        ]
      },
      "geometry": {
        "type": "Point",
        "coordinates": [
          31.2440175,
          30.122134
        ]
      },
      "id": "node/1739199117"
    },
    {
      "type": "Feature",
      "properties": {
        "@id": "node/1739199127",
        "bus": "yes",
        "gtfs:stop_id": "2578",
        "name": "Moasasa/Shubra Al Kheima Metro Bus Stop (Station Pedestrain Bridge)",
        "public_transport": "stop_position",
        "@relations": [
          {
            "role": "",
            "rel": 20986245,
            "reltags": {
              "name": "Moasasa/Shubra Al Kheima Metro Bus Stop (Station Pedestrain Bridge)",
              "public_transport": "stop_area",
              "type": "public_transport"
            }
          }
        ]
      },
      "geometry": {
        "type": "Point",
        "coordinates": [
          31.2427848,
          30.1238727
        ]
      },
      "id": "node/1739199127"
    },
    {
      "type": "Feature",
      "properties": {
        "@id": "node/1739216204",
        "bus": "yes",
        "gtfs:stop_id": "2690",
        "name": "Shubra Al Khaima City Authority",
        "public_transport": "stop_position",
        "@relations": [
          {
            "role": "",
            "rel": 20967132,
            "reltags": {
              "name": "Shubra Al Khaima City Authority",
              "public_transport": "stop_area",
              "type": "public_transport"
            }
          }
        ]
      },
      "geometry": {
        "type": "Point",
        "coordinates": [
          31.2435749,
          30.1208917
        ]
      },
      "id": "node/1739216204"
    },
    {
      "type": "Feature",
      "properties": {
        "@id": "node/1739216208",
        "bus": "yes",
        "gtfs:stop_id": "2804",
        "name": "Moasasa/Shubra Al Kheima Metro Bus Stop (Station Pedestrain Bridge)",
        "public_transport": "stop_position",
        "@relations": [
          {
            "role": "",
            "rel": 20986245,
            "reltags": {
              "name": "Moasasa/Shubra Al Kheima Metro Bus Stop (Station Pedestrain Bridge)",
              "public_transport": "stop_area",
              "type": "public_transport"
            }
          }
        ]
      },
      "geometry": {
        "type": "Point",
        "coordinates": [
          31.2431483,
          30.1237898
        ]
      },
      "id": "node/1739216208"
    },
    {
      "type": "Feature",
      "properties": {
        "@id": "node/1739216302",
        "bus": "yes",
        "gtfs:stop_id": "833",
        "name": "Moasasa/Shubra Al Kheima Metro Bus Stop (15th Mayo St.)",
        "public_transport": "stop_position",
        "@relations": [
          {
            "role": "",
            "rel": 20986246,
            "reltags": {
              "name": "Moasasa/Shubra Al Kheima Metro Bus Stop (15th Mayo St.)",
              "public_transport": "stop_area",
              "type": "public_transport"
            }
          }
        ]
      },
      "geometry": {
        "type": "Point",
        "coordinates": [
          31.2459394,
          30.122912
        ]
      },
      "id": "node/1739216302"
    },
    {
      "type": "Feature",
      "properties": {
        "@id": "node/1779349582",
        "amenity": "police",
        "name": "Imbaba Traffic Police",
        "name:ar": "نقطة مرور إمبابة"
      },
      "geometry": {
        "type": "Point",
        "coordinates": [
          31.2130245,
          30.0664576
        ]
      },
      "id": "node/1779349582"
    },
    {
      "type": "Feature",
      "properties": {
        "@id": "node/1852012841",
        "bus": "yes",
        "gtfs:stop_id": "2345",
        "highway": "motorway_junction",
        "name": "Ring Rd. Exit to Al Warraq Ring Rd. Exit to Saft Al Laban",
        "public_transport": "stop_position"
      },
      "geometry": {
        "type": "Point",
        "coordinates": [
          31.1636167,
          30.0270013
        ]
      },
      "id": "node/1852012841"
    },
    {
      "type": "Feature",
      "properties": {
        "@id": "node/1852217340",
        "bus": "yes",
        "gtfs:stop_id": "147",
        "name": "Sultan Abou Al Ela Mosque (Maspero)",
        "public_transport": "stop_position",
        "@relations": [
          {
            "role": "",
            "rel": 20827319,
            "reltags": {
              "name": "Sultan Abou Al Ela Mosque (Maspero)",
              "public_transport": "stop_area",
              "type": "public_transport"
            }
          }
        ]
      },
      "geometry": {
        "type": "Point",
        "coordinates": [
          31.2306877,
          30.0562814
        ]
      },
      "id": "node/1852217340"
    },
    {
      "type": "Feature",
      "properties": {
        "@id": "node/1852870854",
        "bus": "yes",
        "gtfs:stop_id": "341",
        "highway": "motorway_junction",
        "name": "Al Warraq Exit (Ring Rd.)",
        "public_transport": "stop_position",
        "ref": "6",
        "@relations": [
          {
            "role": "",
            "rel": 20967112,
            "reltags": {
              "name": "Al Warraq Exit (Ring Rd.)",
              "public_transport": "stop_area",
              "type": "public_transport"
            }
          }
        ]
      },
      "geometry": {
        "type": "Point",
        "coordinates": [
          31.2020362,
          30.1195335
        ]
      },
      "id": "node/1852870854"
    },
    {
      "type": "Feature",
      "properties": {
        "@id": "node/1852870881",
        "@relations": [
          {
            "role": "",
            "rel": 20967112,
            "reltags": {
              "name": "Al Warraq Exit (Ring Rd.)",
              "public_transport": "stop_area",
              "type": "public_transport"
            }
          }
        ]
      },
      "geometry": {
        "type": "Point",
        "coordinates": [
          31.2017844,
          30.1197224
        ]
      },
      "id": "node/1852870881"
    },
    {
      "type": "Feature",
      "properties": {
        "@id": "node/1852872794",
        "bus": "yes",
        "gtfs:stop_id": "834",
        "name": "Al Warraq",
        "public_transport": "stop_position"
      },
      "geometry": {
        "type": "Point",
        "coordinates": [
          31.202637,
          30.121276
        ]
      },
      "id": "node/1852872794"
    },
    {
      "type": "Feature",
      "properties": {
        "@id": "node/2265685736",
        "name": "محطة مترو بولاق الدكرور",
        "name:ar": "محطة مترو بولاق الدكرور",
        "name:en": "Bulaq Al-Dakrour",
        "public_transport": "stop_position",
        "railway": "stop",
        "train": "yes"
      },
      "geometry": {
        "type": "Point",
        "coordinates": [
          31.1964582,
          30.0362054
        ]
      },
      "id": "node/2265685736"
    },
    {
      "type": "Feature",
      "properties": {
        "@id": "node/2265685744",
        "amenity": "bus_station",
        "bus": "yes",
        "name": "بولاق الدكرور",
        "name:ar": "بولاق الدكرور",
        "name:en": "Bulaq El Dakrour",
        "public_transport": "station"
      },
      "geometry": {
        "type": "Point",
        "coordinates": [
          31.1943884,
          30.0407685
        ]
      },
      "id": "node/2265685744"
    },
    {
      "type": "Feature",
      "properties": {
        "@id": "node/2523455432",
        "amenity": "fast_food",
        "cuisine": "juice",
        "name": "محل عصير زهرة أرض اللواء",
        "name:ar": "محل عصير زهرة أرض اللواء"
      },
      "geometry": {
        "type": "Point",
        "coordinates": [
          31.1892099,
          30.0545287
        ]
      },
      "id": "node/2523455432"
    },
    {
      "type": "Feature",
      "properties": {
        "@id": "node/2579135457",
        "bus": "yes",
        "gtfs:stop_id": "2323",
        "name": "Traffic Licensing Complex (Shubra)",
        "public_transport": "stop_position",
        "@relations": [
          {
            "role": "",
            "rel": 20989607,
            "reltags": {
              "name": "Traffic Licensing Complex (Shubra)",
              "public_transport": "stop_area",
              "type": "public_transport"
            }
          }
        ]
      },
      "geometry": {
        "type": "Point",
        "coordinates": [
          31.2577203,
          30.1079626
        ]
      },
      "id": "node/2579135457"
    },
    {
      "type": "Feature",
      "properties": {
        "@id": "node/2720643351",
        "bus": "yes",
        "gtfs:stop_id": "68",
        "name": "Imbaba (Trolley Sq.)",
        "public_transport": "stop_position",
        "@relations": [
          {
            "role": "",
            "rel": 20986211,
            "reltags": {
              "name": "Imbaba (Trolley Sq.)",
              "public_transport": "stop_area",
              "type": "public_transport"
            }
          }
        ]
      },
      "geometry": {
        "type": "Point",
        "coordinates": [
          31.2141493,
          30.0766822
        ]
      },
      "id": "node/2720643351"
    },
    {
      "type": "Feature",
      "properties": {
        "@id": "node/2720643353",
        "bus": "yes",
        "gtfs:stop_id": "69",
        "name": "Imbaba (Trolley Sq.)",
        "public_transport": "stop_position",
        "@relations": [
          {
            "role": "",
            "rel": 20986211,
            "reltags": {
              "name": "Imbaba (Trolley Sq.)",
              "public_transport": "stop_area",
              "type": "public_transport"
            }
          }
        ]
      },
      "geometry": {
        "type": "Point",
        "coordinates": [
          31.2139886,
          30.0766819
        ]
      },
      "id": "node/2720643353"
    },
    {
      "type": "Feature",
      "properties": {
        "@id": "node/3104124778",
        "bus": "yes",
        "gtfs:stop_id": "2369",
        "name": "Al Warraq Water Station",
        "public_transport": "stop_position",
        "@relations": [
          {
            "role": "",
            "rel": 20981387,
            "reltags": {
              "name": "Al Warraq Water Station",
              "public_transport": "stop_area",
              "type": "public_transport"
            }
          }
        ]
      },
      "geometry": {
        "type": "Point",
        "coordinates": [
          31.2097566,
          30.1144118
        ]
      },
      "id": "node/3104124778"
    },
    {
      "type": "Feature",
      "properties": {
        "@id": "node/3759917281",
        "@relations": [
          {
            "role": "stop",
            "rel": 421706,
            "reltags": {
              "colour": "#FF7000",
              "from": "المنيب",
              "name": "الخط الثاني : المنيب‎ ← شبرا الخيمة‎",
              "name:ar": "الخط الثاني : المنيب‎ ← شبرا الخيمة‎",
              "name:de": "Linie 2: El Mounib → Shubra El-Kheima",
              "name:en": "Line 2: El Mounib → Shubra El-Kheima",
              "name:fr": "Ligne 2 : El Mounib → Shubra El-Kheima",
              "network": "الشركة المصرية لإدارة وتشغيل المترو",
              "public_transport:version": "2",
              "ref": "2",
              "route": "subway",
              "to": "شبرا الخيمة",
              "type": "route",
              "wikidata": "Q5017773",
              "wikipedia": "en:Cairo Metro Line 2"
            }
          }
        ]
      },
      "geometry": {
        "type": "Point",
        "coordinates": [
          31.2071499,
          30.0105754
        ]
      },
      "id": "node/3759917281"
    },
    {
      "type": "Feature",
      "properties": {
        "@id": "node/4899456522",
        "amenity": "police",
        "name": "شركة كهرباء شبرا الخيمة",
        "name:ar": "شركة كهرباء شبرا الخيمة"
      },
      "geometry": {
        "type": "Point",
        "coordinates": [
          31.2493433,
          30.1177508
        ]
      },
      "id": "node/4899456522"
    },
    {
      "type": "Feature",
      "properties": {
        "@id": "node/4954704164",
        "bus": "yes",
        "gtfs:stop_id": "2122",
        "name": "Al Mazallaat Bus Stop (Shubra)",
        "public_transport": "stop_position"
      },
      "geometry": {
        "type": "Point",
        "coordinates": [
          31.2453707,
          30.1019596
        ]
      },
      "id": "node/4954704164"
    },
    {
      "type": "Feature",
      "properties": {
        "@id": "node/4979331220",
        "alt_name": "محطة عزبة النخل",
        "gtfs:stop_id": "93",
        "int_name": "Ezbet El-Nakhl",
        "name": "محطة عزبة النخل",
        "name:ar": "محطة عزبة النخل",
        "name:de": "Ezbet en Nakhl",
        "name:en": "Ezbet en Nakhl",
        "name:fr": "Ezbet en Nakhl",
        "public_transport": "stop_position",
        "railway": "stop",
        "subway": "yes",
        "@relations": [
          {
            "role": "stop",
            "rel": 7916132,
            "reltags": {
              "name": "محطة عزبة النخل",
              "name:ar": "محطة عزبة النخل",
              "name:en": "Ezbet en Nakhl",
              "public_transport": "stop_area",
              "type": "public_transport"
            }
          }
        ]
      },
      "geometry": {
        "type": "Point",
        "coordinates": [
          31.3244798,
          30.1392981
        ]
      },
      "id": "node/4979331220"
    },
    {
      "type": "Feature",
      "properties": {
        "@id": "node/4990740979",
        "bus": "yes",
        "gtfs:stop_id": "2386",
        "name": "Imbaba (Nady & Al Amel Al Awal St.)",
        "public_transport": "stop_position",
        "@relations": [
          {
            "role": "stop_position",
            "rel": 20986212,
            "reltags": {
              "name": "Imbaba (Nady & Al Amel Al Awal St.)",
              "public_transport": "stop_area",
              "type": "public_transport"
            }
          }
        ]
      },
      "geometry": {
        "type": "Point",
        "coordinates": [
          31.2145339,
          30.07975
        ]
      },
      "id": "node/4990740979"
    },
    {
      "type": "Feature",
      "properties": {
        "@id": "node/5133067141",
        "bus": "yes",
        "gtfs:stop_id": "2124",
        "name": "Nour Al Huda Automotive (Shubra Al Kheima)",
        "public_transport": "stop_position",
        "@relations": [
          {
            "role": "",
            "rel": 20956598,
            "reltags": {
              "name": "Nour Al Huda Automotive (Shubra Al Kheima)",
              "public_transport": "stop_area",
              "type": "public_transport"
            }
          }
        ]
      },
      "geometry": {
        "type": "Point",
        "coordinates": [
          31.2464818,
          30.1082309
        ]
      },
      "id": "node/5133067141"
    },
    {
      "type": "Feature",
      "properties": {
        "@id": "node/5133067144",
        "bus": "yes",
        "gtfs:stop_id": "2123",
        "name": "Nour Al Huda Automotive (Shubra Al Kheima)",
        "public_transport": "stop_position",
        "@relations": [
          {
            "role": "",
            "rel": 20956598,
            "reltags": {
              "name": "Nour Al Huda Automotive (Shubra Al Kheima)",
              "public_transport": "stop_area",
              "type": "public_transport"
            }
          }
        ]
      },
      "geometry": {
        "type": "Point",
        "coordinates": [
          31.2466437,
          30.1081581
        ]
      },
      "id": "node/5133067144"
    },
    {
      "type": "Feature",
      "properties": {
        "@id": "node/5194246947",
        "name": "دار السلام",
        "name:ar": "دار السلام",
        "name:de": "Dar Al-Salam",
        "name:en": "Dar Al-Salam",
        "name:fa": "دار السلام",
        "name:fr": "Dar Al-Salam",
        "name:ml": "ദാർ അൽ-സലാം",
        "public_transport": "station",
        "railway": "station",
        "station": "subway",
        "subway": "yes",
        "@relations": [
          {
            "role": "station",
            "rel": 7686299,
            "reltags": {
              "name": "دار السلام",
              "name:ar": "دار السلام",
              "name:de": "Dar Al-Salam",
              "name:en": "Dar Al-Salam",
              "name:fr": "Dar Al-Salam",
              "public_transport": "stop_area",
              "type": "public_transport"
            }
          }
        ]
      },
      "geometry": {
        "type": "Point",
        "coordinates": [
          31.2422043,
          29.98203
        ]
      },
      "id": "node/5194246947"
    },
    {
      "type": "Feature",
      "properties": {
        "@id": "node/5194246948",
        "gtfs:stop_id": "13",
        "name": "دار السلام",
        "name:ar": "دار السلام",
        "name:de": "Dar Al-Salam",
        "name:en": "Dar Al-Salam",
        "name:fr": "Dar Al-Salam",
        "public_transport": "stop_position",
        "railway": "stop",
        "subway": "yes",
        "@relations": [
          {
            "role": "stop",
            "rel": 7686299,
            "reltags": {
              "name": "دار السلام",
              "name:ar": "دار السلام",
              "name:de": "Dar Al-Salam",
              "name:en": "Dar Al-Salam",
              "name:fr": "Dar Al-Salam",
              "public_transport": "stop_area",
              "type": "public_transport"
            }
          }
        ]
      },
      "geometry": {
        "type": "Point",
        "coordinates": [
          31.2422664,
          29.9820233
        ]
      },
      "id": "node/5194246948"
    },
    {
      "type": "Feature",
      "properties": {
        "@id": "node/5212963586",
        "bus": "yes",
        "gtfs:stop_id": "1349",
        "name": "Civil Registry (Imbaba)",
        "public_transport": "stop_position",
        "@relations": [
          {
            "role": "stop_position",
            "rel": 20954811,
            "reltags": {
              "name": "Civil Registry (Imbaba)",
              "public_transport": "stop_area",
              "type": "public_transport"
            }
          }
        ]
      },
      "geometry": {
        "type": "Point",
        "coordinates": [
          31.2225051,
          30.0798754
        ]
      },
      "id": "node/5212963586"
    },
    {
      "type": "Feature",
      "properties": {
        "@id": "node/5212963590",
        "bus": "yes",
        "gtfs:stop_id": "2390",
        "name": "North Imbaba",
        "public_transport": "stop_position",
        "@relations": [
          {
            "role": "",
            "rel": 20959484,
            "reltags": {
              "name": "North Imbaba",
              "public_transport": "stop_area",
              "type": "public_transport"
            }
          }
        ]
      },
      "geometry": {
        "type": "Point",
        "coordinates": [
          31.2165668,
          30.0814777
        ]
      },
      "id": "node/5212963590"
    },
    {
      "type": "Feature",
      "properties": {
        "@id": "node/5349031067",
        "addr:city": "القاهرة",
        "addr:city:en": "Cairo",
        "addr:country": "EG",
        "addr:province": "القاهرة",
        "addr:province:en": "Cairo",
        "alt_name": "محطة عزبة النخل",
        "int_name": "Ezbet El-Nakhl",
        "name": "محطة عزبة النخل",
        "name:ar": "محطة عزبة النخل",
        "name:de": "Ezbet en Nakhl",
        "name:en": "Ezbet en Nakhl",
        "name:fa": "عزبت النخل",
        "name:fr": "Ezbet en Nakhl",
        "name:ml": "എസ്ബെത്ത്  അൽ-നഖൽ",
        "public_transport": "station",
        "railway": "station",
        "station": "subway",
        "subway": "yes",
        "@relations": [
          {
            "role": "",
            "rel": 7916132,
            "reltags": {
              "name": "محطة عزبة النخل",
              "name:ar": "محطة عزبة النخل",
              "name:en": "Ezbet en Nakhl",
              "public_transport": "stop_area",
              "type": "public_transport"
            }
          }
        ]
      },
      "geometry": {
        "type": "Point",
        "coordinates": [
          31.3244931,
          30.1392826
        ]
      },
      "id": "node/5349031067"
    },
    {
      "type": "Feature",
      "properties": {
        "@id": "node/5642430923",
        "bus": "yes",
        "gtfs:stop_id": "1348",
        "name": "Civil Registry (Imbaba)",
        "public_transport": "stop_position",
        "@relations": [
          {
            "role": "stop_position",
            "rel": 20954811,
            "reltags": {
              "name": "Civil Registry (Imbaba)",
              "public_transport": "stop_area",
              "type": "public_transport"
            }
          }
        ]
      },
      "geometry": {
        "type": "Point",
        "coordinates": [
          31.222396,
          30.0798117
        ]
      },
      "id": "node/5642430923"
    },
    {
      "type": "Feature",
      "properties": {
        "@id": "node/6409695175",
        "bus": "yes",
        "gtfs:stop_id": "2391",
        "name": "Imbaba (Dr. Mohamed Moheb Zaki St.)",
        "public_transport": "stop_position",
        "@relations": [
          {
            "role": "stop_position",
            "rel": 20994288,
            "reltags": {
              "name": "East Imbaba",
              "public_transport": "stop_area",
              "type": "public_transport"
            }
          }
        ]
      },
      "geometry": {
        "type": "Point",
        "coordinates": [
          31.2209559,
          30.0771298
        ]
      },
      "id": "node/6409695175"
    },
    {
      "type": "Feature",
      "properties": {
        "@id": "node/6469459714",
        "bus": "yes",
        "gtfs:stop_id": "2379",
        "name": "Ministry of Irrigation (Warraq)",
        "public_transport": "stop_position",
        "@relations": [
          {
            "role": "stop_position",
            "rel": 20986240,
            "reltags": {
              "name": "Ministry of Irrigation (Warraq)",
              "public_transport": "stop_area",
              "type": "public_transport"
            }
          }
        ]
      },
      "geometry": {
        "type": "Point",
        "coordinates": [
          31.2251338,
          30.0916464
        ]
      },
      "id": "node/6469459714"
    },
    {
      "type": "Feature",
      "properties": {
        "@id": "node/6472694645",
        "bus": "yes",
        "gtfs:stop_id": "2387",
        "name": "Kabdet Al Prince (Imbaba)",
        "public_transport": "stop_position",
        "@relations": [
          {
            "role": "",
            "rel": 20959483,
            "reltags": {
              "name": "Kabdet Al Prince (Imbaba)",
              "public_transport": "stop_area",
              "type": "public_transport"
            }
          }
        ]
      },
      "geometry": {
        "type": "Point",
        "coordinates": [
          31.2194171,
          30.0807099
        ]
      },
      "id": "node/6472694645"
    },
    {
      "type": "Feature",
      "properties": {
        "@id": "node/6472694646",
        "bus": "yes",
        "gtfs:stop_id": "2382",
        "name": "Imbaba (Bus Station)",
        "public_transport": "stop_position"
      },
      "geometry": {
        "type": "Point",
        "coordinates": [
          31.2183114,
          30.0776167
        ]
      },
      "id": "node/6472694646"
    },
    {
      "type": "Feature",
      "properties": {
        "@id": "node/6485931450",
        "bus": "yes",
        "gtfs:stop_id": "2628",
        "name": "Warraq Al Arab",
        "public_transport": "stop_position",
        "@relations": [
          {
            "role": "",
            "rel": 20986182,
            "reltags": {
              "name": "Warraq Al Arab",
              "public_transport": "stop_area",
              "type": "public_transport"
            }
          }
        ]
      },
      "geometry": {
        "type": "Point",
        "coordinates": [
          31.2147425,
          30.0957742
        ]
      },
      "id": "node/6485931450"
    },
    {
      "type": "Feature",
      "properties": {
        "@id": "node/6486192301",
        "bus": "yes",
        "gtfs:stop_id": "2207",
        "name": "Al Warraq Central Hospital",
        "public_transport": "stop_position",
        "@relations": [
          {
            "role": "",
            "rel": 20981384,
            "reltags": {
              "name": "Al Warraq Central Hospital",
              "public_transport": "stop_area",
              "type": "public_transport"
            }
          }
        ]
      },
      "geometry": {
        "type": "Point",
        "coordinates": [
          31.2138141,
          30.0927762
        ]
      },
      "id": "node/6486192301"
    },
    {
      "type": "Feature",
      "properties": {
        "@id": "node/6488228516",
        "bus": "yes",
        "gtfs:stop_id": "2371",
        "name": "Al Warraq Station (Nile Corniche)",
        "public_transport": "stop_position",
        "@relations": [
          {
            "role": "",
            "rel": 20981386,
            "reltags": {
              "name": "Al Warraq Station (Nile Corniche)",
              "public_transport": "stop_area",
              "type": "public_transport"
            }
          }
        ]
      },
      "geometry": {
        "type": "Point",
        "coordinates": [
          31.2129495,
          30.1073522
        ]
      },
      "id": "node/6488228516"
    },
    {
      "type": "Feature",
      "properties": {
        "@id": "node/6536277015",
        "bus": "yes",
        "gtfs:stop_id": "350",
        "name": "Shubra Al Kheima City Council",
        "public_transport": "stop_position"
      },
      "geometry": {
        "type": "Point",
        "coordinates": [
          31.2432538,
          30.1201508
        ]
      },
      "id": "node/6536277015"
    },
    {
      "type": "Feature",
      "properties": {
        "@id": "node/6586989807",
        "bus": "yes",
        "gtfs:stop_id": "2686",
        "name": "Al Safwa Hospital (Shubra)",
        "public_transport": "stop_position"
      },
      "geometry": {
        "type": "Point",
        "coordinates": [
          31.2453103,
          30.0929506
        ]
      },
      "id": "node/6586989807"
    },
    {
      "type": "Feature",
      "properties": {
        "@id": "node/6597061791",
        "junction": "yes",
        "name": "ميدان السكاكيني",
        "name:ar": "ميدان السكاكيني",
        "name:en": "Al Sakakeni Square",
        "place": "square"
      },
      "geometry": {
        "type": "Point",
        "coordinates": [
          31.2662181,
          30.0658451
        ]
      },
      "id": "node/6597061791"
    },
    {
      "type": "Feature",
      "properties": {
        "@id": "node/6612932055",
        "bus": "yes",
        "gtfs:stop_id": "2294",
        "name": "End of Imbaba Bridge",
        "public_transport": "stop_position"
      },
      "geometry": {
        "type": "Point",
        "coordinates": [
          31.2282666,
          30.0727229
        ]
      },
      "id": "node/6612932055"
    },
    {
      "type": "Feature",
      "properties": {
        "@id": "node/6661617783",
        "bus": "yes",
        "gtfs:stop_id": "104",
        "name": "Sultan Abou Al Ela Mosque (Maspero)",
        "public_transport": "stop_position",
        "@relations": [
          {
            "role": "",
            "rel": 20827319,
            "reltags": {
              "name": "Sultan Abou Al Ela Mosque (Maspero)",
              "public_transport": "stop_area",
              "type": "public_transport"
            }
          }
        ]
      },
      "geometry": {
        "type": "Point",
        "coordinates": [
          31.2307868,
          30.0563849
        ]
      },
      "id": "node/6661617783"
    },
    {
      "type": "Feature",
      "properties": {
        "@id": "node/6743818283",
        "bus": "yes",
        "gtfs:stop_id": "2378",
        "name": "Ministry of Irrigation (Warraq)",
        "public_transport": "stop_position",
        "@relations": [
          {
            "role": "stop_position",
            "rel": 20986240,
            "reltags": {
              "name": "Ministry of Irrigation (Warraq)",
              "public_transport": "stop_area",
              "type": "public_transport"
            }
          }
        ]
      },
      "geometry": {
        "type": "Point",
        "coordinates": [
          31.2250277,
          30.0916369
        ]
      },
      "id": "node/6743818283"
    },
    {
      "type": "Feature",
      "properties": {
        "@id": "node/6749596542",
        "bus": "yes",
        "gtfs:stop_id": "2206",
        "name": "Al Warraq Central Hospital",
        "public_transport": "stop_position",
        "@relations": [
          {
            "role": "",
            "rel": 20981384,
            "reltags": {
              "name": "Al Warraq Central Hospital",
              "public_transport": "stop_area",
              "type": "public_transport"
            }
          }
        ]
      },
      "geometry": {
        "type": "Point",
        "coordinates": [
          31.213645,
          30.0928185
        ]
      },
      "id": "node/6749596542"
    },
    {
      "type": "Feature",
      "properties": {
        "@id": "node/6755806728",
        "bus": "yes",
        "gtfs:stop_id": "363",
        "name": "El Wafaa Wal-Amal Cemetery",
        "public_transport": "stop_position"
      },
      "geometry": {
        "type": "Point",
        "coordinates": [
          31.3463001,
          30.0212147
        ]
      },
      "id": "node/6755806728"
    },
    {
      "type": "Feature",
      "properties": {
        "@id": "node/6801720736",
        "bus": "yes",
        "gtfs:stop_id": "2372",
        "name": "Al Warraq Ferry",
        "public_transport": "stop_position",
        "@relations": [
          {
            "role": "stop_position",
            "rel": 20981385,
            "reltags": {
              "name": "Al Warraq Ferry",
              "public_transport": "stop_area",
              "type": "public_transport"
            }
          }
        ]
      },
      "geometry": {
        "type": "Point",
        "coordinates": [
          31.2205053,
          30.1048989
        ]
      },
      "id": "node/6801720736"
    },
    {
      "type": "Feature",
      "properties": {
        "@id": "node/6805895741",
        "bus": "yes",
        "gtfs:stop_id": "2394",
        "name": "Hearing and Speech Institute (Imbaba)",
        "public_transport": "stop_position",
        "@relations": [
          {
            "role": "",
            "rel": 20959485,
            "reltags": {
              "name": "Hearing and Speech Institute (Imbaba)",
              "public_transport": "stop_area",
              "type": "public_transport"
            }
          }
        ]
      },
      "geometry": {
        "type": "Point",
        "coordinates": [
          31.2257749,
          30.0826584
        ]
      },
      "id": "node/6805895741"
    },
    {
      "type": "Feature",
      "properties": {
        "@id": "node/6806028968",
        "bus": "yes",
        "gtfs:stop_id": "2213",
        "name": "Al Wehda (Imbaba)",
        "public_transport": "stop_position"
      },
      "geometry": {
        "type": "Point",
        "coordinates": [
          31.2171271,
          30.0868647
        ]
      },
      "id": "node/6806028968"
    },
    {
      "type": "Feature",
      "properties": {
        "@id": "node/6807473310",
        "bus": "yes",
        "gtfs:stop_id": "2377",
        "name": "Al Tawheed Wal Nour (Warraq)",
        "public_transport": "stop_position",
        "@relations": [
          {
            "role": "stop_position",
            "rel": 20981381,
            "reltags": {
              "name": "Al Tawheed Wal Nour (Warraq)",
              "public_transport": "stop_area",
              "type": "public_transport"
            }
          }
        ]
      },
      "geometry": {
        "type": "Point",
        "coordinates": [
          31.2237131,
          30.0955599
        ]
      },
      "id": "node/6807473310"
    },
    {
      "type": "Feature",
      "properties": {
        "@id": "node/6807473311",
        "bus": "yes",
        "gtfs:stop_id": "2376",
        "name": "Al Tawheed Wal Nour (Warraq)",
        "public_transport": "stop_position",
        "@relations": [
          {
            "role": "stop_position",
            "rel": 20981381,
            "reltags": {
              "name": "Al Tawheed Wal Nour (Warraq)",
              "public_transport": "stop_area",
              "type": "public_transport"
            }
          }
        ]
      },
      "geometry": {
        "type": "Point",
        "coordinates": [
          31.2236414,
          30.0955443
        ]
      },
      "id": "node/6807473311"
    },
    {
      "type": "Feature",
      "properties": {
        "@id": "node/6808209468",
        "bus": "yes",
        "gtfs:stop_id": "1333",
        "name": "Vodafone (Imbaba)",
        "public_transport": "stop_position"
      },
      "geometry": {
        "type": "Point",
        "coordinates": [
          31.2093745,
          30.072131
        ]
      },
      "id": "node/6808209468"
    },
    {
      "type": "Feature",
      "properties": {
        "@id": "node/6884908303",
        "bus": "yes",
        "gtfs:stop_id": "782",
        "name": "Nour Al Islam Mosque (Shubra Al Kheima)",
        "public_transport": "stop_position",
        "@relations": [
          {
            "role": "",
            "rel": 20954722,
            "reltags": {
              "name": "Nour Al Islam Mosque (Shubra Al Kheima)",
              "public_transport": "stop_area",
              "type": "public_transport"
            }
          }
        ]
      },
      "geometry": {
        "type": "Point",
        "coordinates": [
          31.2844016,
          30.1158692
        ]
      },
      "id": "node/6884908303"
    },
    {
      "type": "Feature",
      "properties": {
        "@id": "node/6902114297",
        "bus": "yes",
        "gtfs:stop_id": "2725",
        "name": "Moasasa/Shubra Al Kheima Metro Bus Stop (15th Mayo St.)",
        "public_transport": "stop_position",
        "@relations": [
          {
            "role": "",
            "rel": 20986246,
            "reltags": {
              "name": "Moasasa/Shubra Al Kheima Metro Bus Stop (15th Mayo St.)",
              "public_transport": "stop_area",
              "type": "public_transport"
            }
          }
        ]
      },
      "geometry": {
        "type": "Point",
        "coordinates": [
          31.2459921,
          30.1230869
        ]
      },
      "id": "node/6902114297"
    },
    {
      "type": "Feature",
      "properties": {
        "@id": "node/6902432027",
        "bus": "yes",
        "gtfs:stop_id": "785",
        "name": "Al Shaarawy St. (Shubra Al Kheima)",
        "public_transport": "stop_position",
        "@relations": [
          {
            "role": "",
            "rel": 20967114,
            "reltags": {
              "name": "Al Shaarawy St. (Shubra Al Kheima)",
              "public_transport": "stop_area",
              "type": "public_transport"
            }
          }
        ]
      },
      "geometry": {
        "type": "Point",
        "coordinates": [
          31.2773133,
          30.1336484
        ]
      },
      "id": "node/6902432027"
    },
    {
      "type": "Feature",
      "properties": {
        "@id": "node/6905521722",
        "bus": "yes",
        "gtfs:stop_id": "1300",
        "name": "Social Insurance Bureau (Shubra Al Kheima)",
        "public_transport": "stop_position"
      },
      "geometry": {
        "type": "Point",
        "coordinates": [
          31.2707391,
          30.1363577
        ]
      },
      "id": "node/6905521722"
    },
    {
      "type": "Feature",
      "properties": {
        "@id": "node/6924846842",
        "bus": "yes",
        "gtfs:stop_id": "784",
        "name": "Al Shaarawy St. (Shubra Al Kheima)",
        "public_transport": "stop_position",
        "@relations": [
          {
            "role": "",
            "rel": 20967114,
            "reltags": {
              "name": "Al Shaarawy St. (Shubra Al Kheima)",
              "public_transport": "stop_area",
              "type": "public_transport"
            }
          }
        ]
      },
      "geometry": {
        "type": "Point",
        "coordinates": [
          31.2776047,
          30.1337438
        ]
      },
      "id": "node/6924846842"
    },
    {
      "type": "Feature",
      "properties": {
        "@id": "node/7188219891",
        "bus": "yes",
        "gtfs:stop_id": "2375",
        "name": "Al Gazareen (Warraq)",
        "public_transport": "stop_position",
        "@relations": [
          {
            "role": "stop_position",
            "rel": 20951432,
            "reltags": {
              "name": "Al Gazareen (Warraq)",
              "public_transport": "stop_area",
              "type": "public_transport"
            }
          }
        ]
      },
      "geometry": {
        "type": "Point",
        "coordinates": [
          31.2225689,
          30.1009152
        ]
      },
      "id": "node/7188219891"
    },
    {
      "type": "Feature",
      "properties": {
        "@id": "node/7699792266",
        "bus": "yes",
        "gtfs:stop_id": "1301",
        "highway": "motorway_junction",
        "name": "Shubra Al Kheima East District Authority",
        "public_transport": "stop_position"
      },
      "geometry": {
        "type": "Point",
        "coordinates": [
          31.2738608,
          30.1348024
        ]
      },
      "id": "node/7699792266"
    },
    {
      "type": "Feature",
      "properties": {
        "@id": "node/7864383309",
        "bus": "yes",
        "gtfs:stop_id": "731",
        "name": "Aswan Pedestrian Bridge (Shubra Al Kheima)",
        "public_transport": "stop_position",
        "@relations": [
          {
            "role": "",
            "rel": 20954751,
            "reltags": {
              "name": "Aswan Pedestrian Bridge (Shubra Al Kheima)",
              "public_transport": "stop_area",
              "type": "public_transport"
            }
          }
        ]
      },
      "geometry": {
        "type": "Point",
        "coordinates": [
          31.2733343,
          30.1104227
        ]
      },
      "id": "node/7864383309"
    },
    {
      "type": "Feature",
      "properties": {
        "@id": "node/7864383318",
        "bus": "yes",
        "gtfs:stop_id": "732",
        "name": "Aswan Pedestrian Bridge (Shubra Al Kheima)",
        "public_transport": "stop_position",
        "@relations": [
          {
            "role": "",
            "rel": 20954751,
            "reltags": {
              "name": "Aswan Pedestrian Bridge (Shubra Al Kheima)",
              "public_transport": "stop_area",
              "type": "public_transport"
            }
          }
        ]
      },
      "geometry": {
        "type": "Point",
        "coordinates": [
          31.2730854,
          30.1104756
        ]
      },
      "id": "node/7864383318"
    },
    {
      "type": "Feature",
      "properties": {
        "@id": "node/7937069180",
        "bus": "yes",
        "gtfs:stop_id": "2579",
        "name": "Moasasa/Shubra Al Kheima Metro Bus Stop (Ahmed Helmy St. Pedestrain Crossing))",
        "public_transport": "stop_position",
        "@relations": [
          {
            "role": "",
            "rel": 20986247,
            "reltags": {
              "name": "Moasasa/Shubra Al Kheima Metro Bus Stop (Ahmed Helmy St. Pedestrain Crossing))",
              "public_transport": "stop_area",
              "type": "public_transport"
            }
          }
        ]
      },
      "geometry": {
        "type": "Point",
        "coordinates": [
          31.2457157,
          30.1205571
        ]
      },
      "id": "node/7937069180"
    },
    {
      "type": "Feature",
      "properties": {
        "@id": "node/7937118676",
        "bus": "yes",
        "gtfs:stop_id": "347",
        "name": "Ard Khedr Pedestrian Bridge (Shubra Al Kheima)",
        "public_transport": "stop_position"
      },
      "geometry": {
        "type": "Point",
        "coordinates": [
          31.2381558,
          30.1295002
        ]
      },
      "id": "node/7937118676"
    },
    {
      "type": "Feature",
      "properties": {
        "@id": "node/7937118677",
        "bus": "yes",
        "gtfs:stop_id": "349",
        "name": "Ard Khedr Pedestrian Bridge (Shubra Al Kheima)",
        "public_transport": "stop_position"
      },
      "geometry": {
        "type": "Point",
        "coordinates": [
          31.2382963,
          30.1296181
        ]
      },
      "id": "node/7937118677"
    },
    {
      "type": "Feature",
      "properties": {
        "@id": "node/7937151985",
        "bus": "yes",
        "gtfs:stop_id": "2580",
        "name": "Moasasa/Shubra Al Kheima Metro Bus Stop (Ahmed Helmy St. Pedestrain Crossing))",
        "public_transport": "stop_position",
        "@relations": [
          {
            "role": "",
            "rel": 20986247,
            "reltags": {
              "name": "Moasasa/Shubra Al Kheima Metro Bus Stop (Ahmed Helmy St. Pedestrain Crossing))",
              "public_transport": "stop_area",
              "type": "public_transport"
            }
          }
        ]
      },
      "geometry": {
        "type": "Point",
        "coordinates": [
          31.2455461,
          30.1204806
        ]
      },
      "id": "node/7937151985"
    },
    {
      "type": "Feature",
      "properties": {
        "@id": "node/7963485713",
        "bus": "yes",
        "gtfs:stop_id": "348",
        "name": "Moasasa/Shubra Al Kheima Metro Bus Stop (Railway Station)",
        "public_transport": "stop_position",
        "@relations": [
          {
            "role": "",
            "rel": 20948684,
            "reltags": {
              "name": "Moasasa/Shubra Al Kheima Metro Bus Stop (Railway Station)",
              "public_transport": "stop_area",
              "type": "public_transport"
            }
          }
        ]
      },
      "geometry": {
        "type": "Point",
        "coordinates": [
          31.2442056,
          30.122233
        ]
      },
      "id": "node/7963485713"
    },
    {
      "type": "Feature",
      "properties": {
        "@id": "node/8021123272",
        "bus": "yes",
        "gtfs:stop_id": "2208",
        "name": "Al Noor Al Mohammady (Imbaba)",
        "public_transport": "stop_position",
        "@relations": [
          {
            "role": "",
            "rel": 20981203,
            "reltags": {
              "name": "Al Noor Al Mohammady (Imbaba)",
              "public_transport": "stop_area",
              "type": "public_transport"
            }
          }
        ]
      },
      "geometry": {
        "type": "Point",
        "coordinates": [
          31.2129774,
          30.0912553
        ]
      },
      "id": "node/8021123272"
    },
    {
      "type": "Feature",
      "properties": {
        "@id": "node/8293842812",
        "bus": "yes",
        "gtfs:stop_id": "2212",
        "name": "Al Wehda (Imbaba)",
        "public_transport": "stop_position",
        "@relations": [
          {
            "role": "",
            "rel": 20981388,
            "reltags": {
              "name": "Al Wehda (Imbaba)",
              "public_transport": "stop_area",
              "type": "public_transport"
            }
          }
        ]
      },
      "geometry": {
        "type": "Point",
        "coordinates": [
          31.2172916,
          30.0869346
        ]
      },
      "id": "node/8293842812"
    },
    {
      "type": "Feature",
      "properties": {
        "@id": "node/9032585895",
        "bus": "yes",
        "gtfs:stop_id": "1298",
        "name": "Shubra Al Kheima Power Plant",
        "public_transport": "stop_position",
        "@relations": [
          {
            "role": "",
            "rel": 20954800,
            "reltags": {
              "name": "Shubra Al Kheima Power Plant",
              "public_transport": "stop_area",
              "type": "public_transport"
            }
          }
        ]
      },
      "geometry": {
        "type": "Point",
        "coordinates": [
          31.2421585,
          30.1139881
        ]
      },
      "id": "node/9032585895"
    },
    {
      "type": "Feature",
      "properties": {
        "@id": "node/9076939068",
        "gtfs:stop_id": "112",
        "int_name": "Shobra El Kheima",
        "name": "شبرا الخيمة",
        "name:ar": "شبرا الخيمة",
        "name:de": "Shobra Al-Kheima",
        "name:en": "Shobra Al-Kheima",
        "name:fr": "Shobra Al-Kheima",
        "public_transport": "stop_position",
        "railway": "stop",
        "subway": "yes",
        "@relations": [
          {
            "role": "stop",
            "rel": 7927231,
            "reltags": {
              "colour": "#FF7000",
              "from": "شبرا الخيمة",
              "name": "الخط الثاني : شبرا الخيمة‎ ← المنيب",
              "name:ar": "الخط الثاني : شبرا الخيمة‎ ← المنيب",
              "name:de": "Linie 2: Shubra El-Kheima → El Mounib",
              "name:en": "Line 2: Shubra El-Kheima → El Mounib",
              "name:fr": "Ligne 2 : Shubra El-Kheima → El Mounib",
              "network": "الشركة المصرية لإدارة وتشغيل المترو",
              "public_transport:version": "2",
              "ref": "2",
              "route": "subway",
              "to": "المنيب",
              "type": "route",
              "wikidata": "Q5017773",
              "wikipedia": "en:Cairo Metro Line 2"
            }
          },
          {
            "role": "stop",
            "rel": 13312927,
            "reltags": {
              "name": "شبرا الخيمة",
              "name:en": "Shobra Al-Kheima",
              "public_transport": "stop_area",
              "type": "public_transport"
            }
          }
        ]
      },
      "geometry": {
        "type": "Point",
        "coordinates": [
          31.2434677,
          30.1240791
        ]
      },
      "id": "node/9076939068"
    },
    {
      "type": "Feature",
      "properties": {
        "@id": "node/9077161247",
        "gtfs:stop_id": "278",
        "int_name": "Gamal AbdAlNasser",
        "name": "ماسبيرو",
        "name:ar": "ماسبيرو",
        "name:de": "Masbero",
        "name:en": "Masbero",
        "name:fr": "Masbero",
        "public_transport": "stop_position",
        "railway": "stop",
        "subway": "yes",
        "@relations": [
          {
            "role": "stop",
            "rel": 14694674,
            "reltags": {
              "name": "ماسبيرو",
              "name:en": "Masbero",
              "public_transport": "stop_area",
              "type": "public_transport"
            }
          }
        ]
      },
      "geometry": {
        "type": "Point",
        "coordinates": [
          31.2322399,
          30.0555439
        ]
      },
      "id": "node/9077161247"
    },
    {
      "type": "Feature",
      "properties": {
        "@id": "node/9077189581",
        "gtfs:stop_id": "276",
        "name": "Imbaba",
        "name:en": "Imbaba",
        "public_transport": "stop_position",
        "railway": "stop",
        "subway": "yes",
        "@relations": [
          {
            "role": "stop",
            "rel": 16951337,
            "reltags": {
              "name": "Imbaba",
              "public_transport": "stop_area",
              "type": "public_transport"
            }
          }
        ]
      },
      "geometry": {
        "type": "Point",
        "coordinates": [
          31.2075704,
          30.0759374
        ]
      },
      "id": "node/9077189581"
    },
    {
      "type": "Feature",
      "properties": {
        "@id": "node/9120462958",
        "government": "register_office",
        "name": "الاحوال المدنيه بولاق الدكرور",
        "name:en": "Boulak Eldakrour register office",
        "office": "government"
      },
      "geometry": {
        "type": "Point",
        "coordinates": [
          31.199931,
          30.0276923
        ]
      },
      "id": "node/9120462958"
    },
    {
      "type": "Feature",
      "properties": {
        "@id": "node/9164359293",
        "int_name": "Shobra El Kheima",
        "name": "شبرا الخيمة",
        "name:ar": "شبرا الخيمة",
        "name:de": "Shobra Al-Kheima",
        "name:en": "Shobra Al-Kheima",
        "name:fa": "شبرا الخیمه",
        "name:fr": "Shobra Al-Kheima",
        "name:ml": "ഷുബ്ര അൽ-ഖൈമ",
        "public_transport": "station",
        "railway": "station",
        "station": "subway",
        "subway": "yes",
        "@relations": [
          {
            "role": "",
            "rel": 13312927,
            "reltags": {
              "name": "شبرا الخيمة",
              "name:en": "Shobra Al-Kheima",
              "public_transport": "stop_area",
              "type": "public_transport"
            }
          }
        ]
      },
      "geometry": {
        "type": "Point",
        "coordinates": [
          31.2434932,
          30.1240927
        ]
      },
      "id": "node/9164359293"
    },
    {
      "type": "Feature",
      "properties": {
        "@id": "node/9509648007",
        "amenity": "hospital",
        "healthcare": "hospital",
        "name": "دار السلام للأورام (هرمل)"
      },
      "geometry": {
        "type": "Point",
        "coordinates": [
          31.2289619,
          30.0125466
        ]
      },
      "id": "node/9509648007"
    },
    {
      "type": "Feature",
      "properties": {
        "@id": "node/9844439043",
        "name": "حى بولاق الدكرور",
        "office": "government"
      },
      "geometry": {
        "type": "Point",
        "coordinates": [
          31.1956473,
          30.0139789
        ]
      },
      "id": "node/9844439043"
    },
    {
      "type": "Feature",
      "properties": {
        "@id": "node/10099279471",
        "gtfs:stop_id": "149",
        "name": "ماسبيرو",
        "name:ar": "ماسبيرو",
        "name:de": "Masbero",
        "name:en": "Masbero",
        "name:fr": "Masbero",
        "public_transport": "stop_position",
        "railway": "stop",
        "subway": "yes",
        "@relations": [
          {
            "role": "stop",
            "rel": 14694674,
            "reltags": {
              "name": "ماسبيرو",
              "name:en": "Masbero",
              "public_transport": "stop_area",
              "type": "public_transport"
            }
          }
        ]
      },
      "geometry": {
        "type": "Point",
        "coordinates": [
          31.2322064,
          30.0554716
        ]
      },
      "id": "node/10099279471"
    },
    {
      "type": "Feature",
      "properties": {
        "@id": "node/10099279472",
        "name": "ماسبيرو",
        "name:ar": "ماسبيرو",
        "name:de": "Masbero",
        "name:en": "Masbero",
        "name:fa": "ماسبيرو",
        "name:fr": "Masbero",
        "name:ml": "മാസ്ബെറോ",
        "public_transport": "station",
        "railway": "station",
        "station": "subway",
        "subway": "yes",
        "@relations": [
          {
            "role": "station",
            "rel": 14694674,
            "reltags": {
              "name": "ماسبيرو",
              "name:en": "Masbero",
              "public_transport": "stop_area",
              "type": "public_transport"
            }
          }
        ]
      },
      "geometry": {
        "type": "Point",
        "coordinates": [
          31.2322096,
          30.0554909
        ]
      },
      "id": "node/10099279472"
    },
    {
      "type": "Feature",
      "properties": {
        "@id": "node/11495591853",
        "name": "إمبابة",
        "name:ar": "إمبابة",
        "name:en": "Imbaba",
        "name:fa": "امبابه",
        "name:ml": "ഇംബാബ",
        "public_transport": "station",
        "railway": "station",
        "station": "subway",
        "subway": "yes",
        "@relations": [
          {
            "role": "",
            "rel": 16951337,
            "reltags": {
              "name": "Imbaba",
              "public_transport": "stop_area",
              "type": "public_transport"
            }
          }
        ]
      },
      "geometry": {
        "type": "Point",
        "coordinates": [
          31.2075611,
          30.0759487
        ]
      },
      "id": "node/11495591853"
    },
    {
      "type": "Feature",
      "properties": {
        "@id": "node/11495591856",
        "gtfs:stop_id": "196",
        "name": "Imbaba",
        "name:en": "Imbaba",
        "public_transport": "stop_position",
        "railway": "stop",
        "subway": "yes",
        "@relations": [
          {
            "role": "stop",
            "rel": 16951337,
            "reltags": {
              "name": "Imbaba",
              "public_transport": "stop_area",
              "type": "public_transport"
            }
          }
        ]
      },
      "geometry": {
        "type": "Point",
        "coordinates": [
          31.2075541,
          30.0759629
        ]
      },
      "id": "node/11495591856"
    },
    {
      "type": "Feature",
      "properties": {
        "@id": "node/11923472302",
        "gtfs:stop_id": "257",
        "name": "محطة مترو بولاق الدكرور",
        "name:ar": "محطة مترو بولاق الدكرور",
        "name:en": "Bulaq Al-Dakrour",
        "public_transport": "stop_position",
        "railway": "stop",
        "subway": "yes",
        "@relations": [
          {
            "role": "stop",
            "rel": 17211631,
            "reltags": {
              "name": "بولاق الدكرور",
              "name:en": "Bulaq Al-Dakrour",
              "public_transport": "stop_area",
              "type": "public_transport"
            }
          }
        ]
      },
      "geometry": {
        "type": "Point",
        "coordinates": [
          31.1954864,
          30.0375352
        ]
      },
      "id": "node/11923472302"
    },
    {
      "type": "Feature",
      "properties": {
        "@id": "node/11923472312",
        "gtfs:stop_id": "202",
        "name": "محطة مترو بولاق الدكرور",
        "name:ar": "محطة مترو بولاق الدكرور",
        "name:en": "Bulaq Al-Dakrour",
        "public_transport": "stop_position",
        "railway": "stop",
        "subway": "yes",
        "@relations": [
          {
            "role": "stop",
            "rel": 17211631,
            "reltags": {
              "name": "بولاق الدكرور",
              "name:en": "Bulaq Al-Dakrour",
              "public_transport": "stop_area",
              "type": "public_transport"
            }
          }
        ]
      },
      "geometry": {
        "type": "Point",
        "coordinates": [
          31.1955251,
          30.0375479
        ]
      },
      "id": "node/11923472312"
    },
    {
      "type": "Feature",
      "properties": {
        "@id": "node/11923472313",
        "name": "محطة مترو بولاق الدكرور",
        "name:en": "Bulaq El-Dakroor",
        "name:fa": "بولاق الدكرور",
        "name:ml": "ബുലാഖ് അൽ-ദക്രൂർ",
        "public_transport": "station",
        "railway": "station",
        "station": "subway",
        "subway": "yes",
        "wikidata": "Q106678998",
        "wikimedia_commons": "Category:Boulak El Dakrour station",
        "wikipedia": "en:Boulak El Dakrour station",
        "@relations": [
          {
            "role": "",
            "rel": 17211631,
            "reltags": {
              "name": "بولاق الدكرور",
              "name:en": "Bulaq Al-Dakrour",
              "public_transport": "stop_area",
              "type": "public_transport"
            }
          }
        ]
      },
      "geometry": {
        "type": "Point",
        "coordinates": [
          31.1955031,
          30.0375445
        ]
      },
      "id": "node/11923472313"
    },
    {
      "type": "Feature",
      "properties": {
        "@id": "node/12046126158",
        "bus": "yes",
        "gtfs:stop_id": "2209",
        "name": "Al Noor Al Mohammady (Imbaba)",
        "public_transport": "stop_position",
        "@relations": [
          {
            "role": "",
            "rel": 20981203,
            "reltags": {
              "name": "Al Noor Al Mohammady (Imbaba)",
              "public_transport": "stop_area",
              "type": "public_transport"
            }
          }
        ]
      },
      "geometry": {
        "type": "Point",
        "coordinates": [
          31.2133695,
          30.0912946
        ]
      },
      "id": "node/12046126158"
    },
    {
      "type": "Feature",
      "properties": {
        "@id": "node/12206771493",
        "bus": "yes",
        "gtfs:stop_id": "1265",
        "name": "Wafaa Wal Amal/Gihan Al Sadat Monorail",
        "public_transport": "stop_position"
      },
      "geometry": {
        "type": "Point",
        "coordinates": [
          31.3553847,
          30.0399795
        ]
      },
      "id": "node/12206771493"
    },
    {
      "type": "Feature",
      "properties": {
        "@id": "node/13818112437",
        "bus": "yes",
        "gtfs:stop_id": "2370",
        "name": "Al Warraq Station (Nile Corniche)",
        "public_transport": "stop_position",
        "@relations": [
          {
            "role": "",
            "rel": 20981386,
            "reltags": {
              "name": "Al Warraq Station (Nile Corniche)",
              "public_transport": "stop_area",
              "type": "public_transport"
            }
          }
        ]
      },
      "geometry": {
        "type": "Point",
        "coordinates": [
          31.2127984,
          30.1073528
        ]
      },
      "id": "node/13818112437"
    },
    {
      "type": "Feature",
      "properties": {
        "@id": "node/13920894918",
        "bus": "yes",
        "gtfs:stop_id": "2374",
        "name": "Al Gazareen (Warraq)",
        "public_transport": "stop_position",
        "@relations": [
          {
            "role": "stop_position",
            "rel": 20951432,
            "reltags": {
              "name": "Al Gazareen (Warraq)",
              "public_transport": "stop_area",
              "type": "public_transport"
            }
          }
        ]
      },
      "geometry": {
        "type": "Point",
        "coordinates": [
          31.2224719,
          30.100911
        ]
      },
      "id": "node/13920894918"
    },
    {
      "type": "Feature",
      "properties": {
        "@id": "node/13922646283",
        "bus": "yes",
        "gtfs:stop_id": "2112",
        "name": "Shubra Al Kheima Power Plant",
        "public_transport": "stop_position",
        "@relations": [
          {
            "role": "",
            "rel": 20954800,
            "reltags": {
              "name": "Shubra Al Kheima Power Plant",
              "public_transport": "stop_area",
              "type": "public_transport"
            }
          }
        ]
      },
      "geometry": {
        "type": "Point",
        "coordinates": [
          31.2422555,
          30.1140083
        ]
      },
      "id": "node/13922646283"
    },
    {
      "type": "Feature",
      "properties": {
        "@id": "node/13923124464",
        "bus": "yes",
        "highway": "bus_stop",
        "name": "موقف ارض اللواء الي المترو البحوث و الجيزه و بولاق الدكرور",
        "public_transport": "platform"
      },
      "geometry": {
        "type": "Point",
        "coordinates": [
          31.1908203,
          30.0551098
        ]
      },
      "id": "node/13923124464"
    },
    {
      "type": "Feature",
      "properties": {
        "@id": "node/13929071082",
        "bus": "yes",
        "gtfs:stop_id": "2691",
        "name": "Shubra Al Khaima City Authority",
        "public_transport": "stop_position",
        "@relations": [
          {
            "role": "",
            "rel": 20967132,
            "reltags": {
              "name": "Shubra Al Khaima City Authority",
              "public_transport": "stop_area",
              "type": "public_transport"
            }
          }
        ]
      },
      "geometry": {
        "type": "Point",
        "coordinates": [
          31.2434807,
          30.120959
        ]
      },
      "id": "node/13929071082"
    },
    {
      "type": "Feature",
      "properties": {
        "@id": "node/13941592040",
        "bus": "yes",
        "gtfs:stop_id": "2373",
        "name": "Al Warraq Ferry",
        "public_transport": "stop_position",
        "@relations": [
          {
            "role": "stop_position",
            "rel": 20981385,
            "reltags": {
              "name": "Al Warraq Ferry",
              "public_transport": "stop_area",
              "type": "public_transport"
            }
          }
        ]
      },
      "geometry": {
        "type": "Point",
        "coordinates": [
          31.2206015,
          30.1049223
        ]
      },
      "id": "node/13941592040"
    },
    {
      "type": "Feature",
      "properties": {
        "@id": "node/13945232031",
        "bus": "yes",
        "gtfs:stop_id": "2324",
        "name": "Traffic Licensing Complex (Shubra)",
        "public_transport": "stop_position",
        "@relations": [
          {
            "role": "",
            "rel": 20989607,
            "reltags": {
              "name": "Traffic Licensing Complex (Shubra)",
              "public_transport": "stop_area",
              "type": "public_transport"
            }
          }
        ]
      },
      "geometry": {
        "type": "Point",
        "coordinates": [
          31.2578348,
          30.1079193
        ]
      },
      "id": "node/13945232031"
    },
    {
      "type": "Feature",
      "properties": {
        "@id": "node/5355860835",
        "@relations": [
          {
            "role": "stop",
            "rel": 421706,
            "reltags": {
              "colour": "#FF7000",
              "from": "المنيب",
              "name": "الخط الثاني : المنيب‎ ← شبرا الخيمة‎",
              "name:ar": "الخط الثاني : المنيب‎ ← شبرا الخيمة‎",
              "name:de": "Linie 2: El Mounib → Shubra El-Kheima",
              "name:en": "Line 2: El Mounib → Shubra El-Kheima",
              "name:fr": "Ligne 2 : El Mounib → Shubra El-Kheima",
              "network": "الشركة المصرية لإدارة وتشغيل المترو",
              "public_transport:version": "2",
              "ref": "2",
              "route": "subway",
              "to": "شبرا الخيمة",
              "type": "route",
              "wikidata": "Q5017773",
              "wikipedia": "en:Cairo Metro Line 2"
            }
          }
        ]
      },
      "geometry": {
        "type": "Point",
        "coordinates": [
          31.2120279,
          29.9811614
        ]
      },
      "id": "node/5355860835"
    },
    {
      "type": "Feature",
      "properties": {
        "@id": "node/4979416433",
        "@relations": [
          {
            "role": "stop",
            "rel": 421706,
            "reltags": {
              "colour": "#FF7000",
              "from": "المنيب",
              "name": "الخط الثاني : المنيب‎ ← شبرا الخيمة‎",
              "name:ar": "الخط الثاني : المنيب‎ ← شبرا الخيمة‎",
              "name:de": "Linie 2: El Mounib → Shubra El-Kheima",
              "name:en": "Line 2: El Mounib → Shubra El-Kheima",
              "name:fr": "Ligne 2 : El Mounib → Shubra El-Kheima",
              "network": "الشركة المصرية لإدارة وتشغيل المترو",
              "public_transport:version": "2",
              "ref": "2",
              "route": "subway",
              "to": "شبرا الخيمة",
              "type": "route",
              "wikidata": "Q5017773",
              "wikipedia": "en:Cairo Metro Line 2"
            }
          }
        ]
      },
      "geometry": {
        "type": "Point",
        "coordinates": [
          31.2079888,
          30.0051374
        ]
      },
      "id": "node/4979416433"
    },
    {
      "type": "Feature",
      "properties": {
        "@id": "node/9076904700",
        "@relations": [
          {
            "role": "stop",
            "rel": 7927231,
            "reltags": {
              "colour": "#FF7000",
              "from": "شبرا الخيمة",
              "name": "الخط الثاني : شبرا الخيمة‎ ← المنيب",
              "name:ar": "الخط الثاني : شبرا الخيمة‎ ← المنيب",
              "name:de": "Linie 2: Shubra El-Kheima → El Mounib",
              "name:en": "Line 2: Shubra El-Kheima → El Mounib",
              "name:fr": "Ligne 2 : Shubra El-Kheima → El Mounib",
              "network": "الشركة المصرية لإدارة وتشغيل المترو",
              "public_transport:version": "2",
              "ref": "2",
              "route": "subway",
              "to": "المنيب",
              "type": "route",
              "wikidata": "Q5017773",
              "wikipedia": "en:Cairo Metro Line 2"
            }
          }
        ]
      },
      "geometry": {
        "type": "Point",
        "coordinates": [
          31.2079337,
          30.0051382
        ]
      },
      "id": "node/9076904700"
    },
    {
      "type": "Feature",
      "properties": {
        "@id": "node/9076904698",
        "@relations": [
          {
            "role": "stop",
            "rel": 421706,
            "reltags": {
              "colour": "#FF7000",
              "from": "المنيب",
              "name": "الخط الثاني : المنيب‎ ← شبرا الخيمة‎",
              "name:ar": "الخط الثاني : المنيب‎ ← شبرا الخيمة‎",
              "name:de": "Linie 2: El Mounib → Shubra El-Kheima",
              "name:en": "Line 2: El Mounib → Shubra El-Kheima",
              "name:fr": "Ligne 2 : El Mounib → Shubra El-Kheima",
              "network": "الشركة المصرية لإدارة وتشغيل المترو",
              "public_transport:version": "2",
              "ref": "2",
              "route": "subway",
              "to": "شبرا الخيمة",
              "type": "route",
              "wikidata": "Q5017773",
              "wikipedia": "en:Cairo Metro Line 2"
            }
          }
        ]
      },
      "geometry": {
        "type": "Point",
        "coordinates": [
          31.2086404,
          29.9954876
        ]
      },
      "id": "node/9076904698"
    },
    {
      "type": "Feature",
      "properties": {
        "@id": "node/9076904699",
        "@relations": [
          {
            "role": "stop",
            "rel": 7927231,
            "reltags": {
              "colour": "#FF7000",
              "from": "شبرا الخيمة",
              "name": "الخط الثاني : شبرا الخيمة‎ ← المنيب",
              "name:ar": "الخط الثاني : شبرا الخيمة‎ ← المنيب",
              "name:de": "Linie 2: Shubra El-Kheima → El Mounib",
              "name:en": "Line 2: Shubra El-Kheima → El Mounib",
              "name:fr": "Ligne 2 : Shubra El-Kheima → El Mounib",
              "network": "الشركة المصرية لإدارة وتشغيل المترو",
              "public_transport:version": "2",
              "ref": "2",
              "route": "subway",
              "to": "المنيب",
              "type": "route",
              "wikidata": "Q5017773",
              "wikipedia": "en:Cairo Metro Line 2"
            }
          }
        ]
      },
      "geometry": {
        "type": "Point",
        "coordinates": [
          31.2085886,
          29.9954846
        ]
      },
      "id": "node/9076904699"
    },
    {
      "type": "Feature",
      "properties": {
        "@id": "node/9076904701",
        "@relations": [
          {
            "role": "stop",
            "rel": 421706,
            "reltags": {
              "colour": "#FF7000",
              "from": "المنيب",
              "name": "الخط الثاني : المنيب‎ ← شبرا الخيمة‎",
              "name:ar": "الخط الثاني : المنيب‎ ← شبرا الخيمة‎",
              "name:de": "Linie 2: El Mounib → Shubra El-Kheima",
              "name:en": "Line 2: El Mounib → Shubra El-Kheima",
              "name:fr": "Ligne 2 : El Mounib → Shubra El-Kheima",
              "network": "الشركة المصرية لإدارة وتشغيل المترو",
              "public_transport:version": "2",
              "ref": "2",
              "route": "subway",
              "to": "شبرا الخيمة",
              "type": "route",
              "wikidata": "Q5017773",
              "wikipedia": "en:Cairo Metro Line 2"
            }
          }
        ]
      },
      "geometry": {
        "type": "Point",
        "coordinates": [
          31.2040557,
          30.0172988
        ]
      },
      "id": "node/9076904701"
    },
    {
      "type": "Feature",
      "properties": {
        "@id": "node/9076904702",
        "@relations": [
          {
            "role": "stop",
            "rel": 421706,
            "reltags": {
              "colour": "#FF7000",
              "from": "المنيب",
              "name": "الخط الثاني : المنيب‎ ← شبرا الخيمة‎",
              "name:ar": "الخط الثاني : المنيب‎ ← شبرا الخيمة‎",
              "name:de": "Linie 2: El Mounib → Shubra El-Kheima",
              "name:en": "Line 2: El Mounib → Shubra El-Kheima",
              "name:fr": "Ligne 2 : El Mounib → Shubra El-Kheima",
              "network": "الشركة المصرية لإدارة وتشغيل المترو",
              "public_transport:version": "2",
              "ref": "2",
              "route": "subway",
              "to": "شبرا الخيمة",
              "type": "route",
              "wikidata": "Q5017773",
              "wikipedia": "en:Cairo Metro Line 2"
            }
          }
        ]
      },
      "geometry": {
        "type": "Point",
        "coordinates": [
          31.20122,
          30.0259985
        ]
      },
      "id": "node/9076904702"
    },
    {
      "type": "Feature",
      "properties": {
        "@id": "node/5355866946",
        "@relations": [
          {
            "role": "stop",
            "rel": 7927231,
            "reltags": {
              "colour": "#FF7000",
              "from": "شبرا الخيمة",
              "name": "الخط الثاني : شبرا الخيمة‎ ← المنيب",
              "name:ar": "الخط الثاني : شبرا الخيمة‎ ← المنيب",
              "name:de": "Linie 2: Shubra El-Kheima → El Mounib",
              "name:en": "Line 2: Shubra El-Kheima → El Mounib",
              "name:fr": "Ligne 2 : Shubra El-Kheima → El Mounib",
              "network": "الشركة المصرية لإدارة وتشغيل المترو",
              "public_transport:version": "2",
              "ref": "2",
              "route": "subway",
              "to": "المنيب",
              "type": "route",
              "wikidata": "Q5017773",
              "wikipedia": "en:Cairo Metro Line 2"
            }
          }
        ]
      },
      "geometry": {
        "type": "Point",
        "coordinates": [
          31.200307,
          30.0357856
        ]
      },
      "id": "node/5355866946"
    },
    {
      "type": "Feature",
      "properties": {
        "@id": "node/5355866947",
        "@relations": [
          {
            "role": "stop",
            "rel": 421706,
            "reltags": {
              "colour": "#FF7000",
              "from": "المنيب",
              "name": "الخط الثاني : المنيب‎ ← شبرا الخيمة‎",
              "name:ar": "الخط الثاني : المنيب‎ ← شبرا الخيمة‎",
              "name:de": "Linie 2: El Mounib → Shubra El-Kheima",
              "name:en": "Line 2: El Mounib → Shubra El-Kheima",
              "name:fr": "Ligne 2 : El Mounib → Shubra El-Kheima",
              "network": "الشركة المصرية لإدارة وتشغيل المترو",
              "public_transport:version": "2",
              "ref": "2",
              "route": "subway",
              "to": "شبرا الخيمة",
              "type": "route",
              "wikidata": "Q5017773",
              "wikipedia": "en:Cairo Metro Line 2"
            }
          }
        ]
      },
      "geometry": {
        "type": "Point",
        "coordinates": [
          31.2003246,
          30.0357431
        ]
      },
      "id": "node/5355866947"
    },
    {
      "type": "Feature",
      "properties": {
        "@id": "node/9076904709",
        "@relations": [
          {
            "role": "stop",
            "rel": 421706,
            "reltags": {
              "colour": "#FF7000",
              "from": "المنيب",
              "name": "الخط الثاني : المنيب‎ ← شبرا الخيمة‎",
              "name:ar": "الخط الثاني : المنيب‎ ← شبرا الخيمة‎",
              "name:de": "Linie 2: El Mounib → Shubra El-Kheima",
              "name:en": "Line 2: El Mounib → Shubra El-Kheima",
              "name:fr": "Ligne 2 : El Mounib → Shubra El-Kheima",
              "network": "الشركة المصرية لإدارة وتشغيل المترو",
              "public_transport:version": "2",
              "ref": "2",
              "route": "subway",
              "to": "شبرا الخيمة",
              "type": "route",
              "wikidata": "Q5017773",
              "wikipedia": "en:Cairo Metro Line 2"
            }
          }
        ]
      },
      "geometry": {
        "type": "Point",
        "coordinates": [
          31.2120231,
          30.0381895
        ]
      },
      "id": "node/9076904709"
    },
    {
      "type": "Feature",
      "properties": {
        "@id": "node/9076904710",
        "@relations": [
          {
            "role": "stop",
            "rel": 7927231,
            "reltags": {
              "colour": "#FF7000",
              "from": "شبرا الخيمة",
              "name": "الخط الثاني : شبرا الخيمة‎ ← المنيب",
              "name:ar": "الخط الثاني : شبرا الخيمة‎ ← المنيب",
              "name:de": "Linie 2: Shubra El-Kheima → El Mounib",
              "name:en": "Line 2: Shubra El-Kheima → El Mounib",
              "name:fr": "Ligne 2 : Shubra El-Kheima → El Mounib",
              "network": "الشركة المصرية لإدارة وتشغيل المترو",
              "public_transport:version": "2",
              "ref": "2",
              "route": "subway",
              "to": "المنيب",
              "type": "route",
              "wikidata": "Q5017773",
              "wikipedia": "en:Cairo Metro Line 2"
            }
          }
        ]
      },
      "geometry": {
        "type": "Point",
        "coordinates": [
          31.2120051,
          30.0382381
        ]
      },
      "id": "node/9076904710"
    },
    {
      "type": "Feature",
      "properties": {
        "@id": "node/4979414360",
        "@relations": [
          {
            "role": "stop",
            "rel": 421706,
            "reltags": {
              "colour": "#FF7000",
              "from": "المنيب",
              "name": "الخط الثاني : المنيب‎ ← شبرا الخيمة‎",
              "name:ar": "الخط الثاني : المنيب‎ ← شبرا الخيمة‎",
              "name:de": "Linie 2: El Mounib → Shubra El-Kheima",
              "name:en": "Line 2: El Mounib → Shubra El-Kheima",
              "name:fr": "Ligne 2 : El Mounib → Shubra El-Kheima",
              "network": "الشركة المصرية لإدارة وتشغيل المترو",
              "public_transport:version": "2",
              "ref": "2",
              "route": "subway",
              "to": "شبرا الخيمة",
              "type": "route",
              "wikidata": "Q5017773",
              "wikipedia": "en:Cairo Metro Line 2"
            }
          }
        ]
      },
      "geometry": {
        "type": "Point",
        "coordinates": [
          31.2251976,
          30.0419889
        ]
      },
      "id": "node/4979414360"
    },
    {
      "type": "Feature",
      "properties": {
        "@id": "node/9076904711",
        "@relations": [
          {
            "role": "stop",
            "rel": 7927231,
            "reltags": {
              "colour": "#FF7000",
              "from": "شبرا الخيمة",
              "name": "الخط الثاني : شبرا الخيمة‎ ← المنيب",
              "name:ar": "الخط الثاني : شبرا الخيمة‎ ← المنيب",
              "name:de": "Linie 2: Shubra El-Kheima → El Mounib",
              "name:en": "Line 2: Shubra El-Kheima → El Mounib",
              "name:fr": "Ligne 2 : Shubra El-Kheima → El Mounib",
              "network": "الشركة المصرية لإدارة وتشغيل المترو",
              "public_transport:version": "2",
              "ref": "2",
              "route": "subway",
              "to": "المنيب",
              "type": "route",
              "wikidata": "Q5017773",
              "wikipedia": "en:Cairo Metro Line 2"
            }
          }
        ]
      },
      "geometry": {
        "type": "Point",
        "coordinates": [
          31.2251724,
          30.0420584
        ]
      },
      "id": "node/9076904711"
    },
    {
      "type": "Feature",
      "properties": {
        "@id": "node/5194295705",
        "@relations": [
          {
            "role": "stop",
            "rel": 7927231,
            "reltags": {
              "colour": "#FF7000",
              "from": "شبرا الخيمة",
              "name": "الخط الثاني : شبرا الخيمة‎ ← المنيب",
              "name:ar": "الخط الثاني : شبرا الخيمة‎ ← المنيب",
              "name:de": "Linie 2: Shubra El-Kheima → El Mounib",
              "name:en": "Line 2: Shubra El-Kheima → El Mounib",
              "name:fr": "Ligne 2 : Shubra El-Kheima → El Mounib",
              "network": "الشركة المصرية لإدارة وتشغيل المترو",
              "public_transport:version": "2",
              "ref": "2",
              "route": "subway",
              "to": "المنيب",
              "type": "route",
              "wikidata": "Q5017773",
              "wikipedia": "en:Cairo Metro Line 2"
            }
          }
        ]
      },
      "geometry": {
        "type": "Point",
        "coordinates": [
          31.2346406,
          30.0438602
        ]
      },
      "id": "node/5194295705"
    },
    {
      "type": "Feature",
      "properties": {
        "@id": "node/5349031082",
        "@relations": [
          {
            "role": "stop",
            "rel": 421706,
            "reltags": {
              "colour": "#FF7000",
              "from": "المنيب",
              "name": "الخط الثاني : المنيب‎ ← شبرا الخيمة‎",
              "name:ar": "الخط الثاني : المنيب‎ ← شبرا الخيمة‎",
              "name:de": "Linie 2: El Mounib → Shubra El-Kheima",
              "name:en": "Line 2: El Mounib → Shubra El-Kheima",
              "name:fr": "Ligne 2 : El Mounib → Shubra El-Kheima",
              "network": "الشركة المصرية لإدارة وتشغيل المترو",
              "public_transport:version": "2",
              "ref": "2",
              "route": "subway",
              "to": "شبرا الخيمة",
              "type": "route",
              "wikidata": "Q5017773",
              "wikipedia": "en:Cairo Metro Line 2"
            }
          }
        ]
      },
      "geometry": {
        "type": "Point",
        "coordinates": [
          31.2346365,
          30.043807
        ]
      },
      "id": "node/5349031082"
    },
    {
      "type": "Feature",
      "properties": {
        "@id": "node/13484992366",
        "@relations": [
          {
            "role": "",
            "rel": 14694674,
            "reltags": {
              "name": "ماسبيرو",
              "name:en": "Masbero",
              "public_transport": "stop_area",
              "type": "public_transport"
            }
          }
        ]
      },
      "geometry": {
        "type": "Point",
        "coordinates": [
          31.2318697,
          30.0557749
        ]
      },
      "id": "node/13484992366"
    },
    {
      "type": "Feature",
      "properties": {
        "@id": "node/13484992367",
        "@relations": [
          {
            "role": "",
            "rel": 14694674,
            "reltags": {
              "name": "ماسبيرو",
              "name:en": "Masbero",
              "public_transport": "stop_area",
              "type": "public_transport"
            }
          }
        ]
      },
      "geometry": {
        "type": "Point",
        "coordinates": [
          31.2317511,
          30.0555104
        ]
      },
      "id": "node/13484992367"
    },
    {
      "type": "Feature",
      "properties": {
        "@id": "node/13484992368",
        "@relations": [
          {
            "role": "",
            "rel": 14694674,
            "reltags": {
              "name": "ماسبيرو",
              "name:en": "Masbero",
              "public_transport": "stop_area",
              "type": "public_transport"
            }
          }
        ]
      },
      "geometry": {
        "type": "Point",
        "coordinates": [
          31.2323703,
          30.0556012
        ]
      },
      "id": "node/13484992368"
    },
    {
      "type": "Feature",
      "properties": {
        "@id": "node/13484992369",
        "@relations": [
          {
            "role": "",
            "rel": 14694674,
            "reltags": {
              "name": "ماسبيرو",
              "name:en": "Masbero",
              "public_transport": "stop_area",
              "type": "public_transport"
            }
          }
        ]
      },
      "geometry": {
        "type": "Point",
        "coordinates": [
          31.2322545,
          30.0553395
        ]
      },
      "id": "node/13484992369"
    },
    {
      "type": "Feature",
      "properties": {
        "@id": "node/9076939018",
        "@relations": [
          {
            "role": "stop",
            "rel": 421706,
            "reltags": {
              "colour": "#FF7000",
              "from": "المنيب",
              "name": "الخط الثاني : المنيب‎ ← شبرا الخيمة‎",
              "name:ar": "الخط الثاني : المنيب‎ ← شبرا الخيمة‎",
              "name:de": "Linie 2: El Mounib → Shubra El-Kheima",
              "name:en": "Line 2: El Mounib → Shubra El-Kheima",
              "name:fr": "Ligne 2 : El Mounib → Shubra El-Kheima",
              "network": "الشركة المصرية لإدارة وتشغيل المترو",
              "public_transport:version": "2",
              "ref": "2",
              "route": "subway",
              "to": "شبرا الخيمة",
              "type": "route",
              "wikidata": "Q5017773",
              "wikipedia": "en:Cairo Metro Line 2"
            }
          }
        ]
      },
      "geometry": {
        "type": "Point",
        "coordinates": [
          31.2443167,
          30.0454338
        ]
      },
      "id": "node/9076939018"
    },
    {
      "type": "Feature",
      "properties": {
        "@id": "node/9076939019",
        "@relations": [
          {
            "role": "stop",
            "rel": 7927231,
            "reltags": {
              "colour": "#FF7000",
              "from": "شبرا الخيمة",
              "name": "الخط الثاني : شبرا الخيمة‎ ← المنيب",
              "name:ar": "الخط الثاني : شبرا الخيمة‎ ← المنيب",
              "name:de": "Linie 2: Shubra El-Kheima → El Mounib",
              "name:en": "Line 2: Shubra El-Kheima → El Mounib",
              "name:fr": "Ligne 2 : Shubra El-Kheima → El Mounib",
              "network": "الشركة المصرية لإدارة وتشغيل المترو",
              "public_transport:version": "2",
              "ref": "2",
              "route": "subway",
              "to": "المنيب",
              "type": "route",
              "wikidata": "Q5017773",
              "wikipedia": "en:Cairo Metro Line 2"
            }
          }
        ]
      },
      "geometry": {
        "type": "Point",
        "coordinates": [
          31.2442722,
          30.0454476
        ]
      },
      "id": "node/9076939019"
    },
    {
      "type": "Feature",
      "properties": {
        "@id": "node/4979414356",
        "@relations": [
          {
            "role": "stop",
            "rel": 7927231,
            "reltags": {
              "colour": "#FF7000",
              "from": "شبرا الخيمة",
              "name": "الخط الثاني : شبرا الخيمة‎ ← المنيب",
              "name:ar": "الخط الثاني : شبرا الخيمة‎ ← المنيب",
              "name:de": "Linie 2: Shubra El-Kheima → El Mounib",
              "name:en": "Line 2: Shubra El-Kheima → El Mounib",
              "name:fr": "Ligne 2 : Shubra El-Kheima → El Mounib",
              "network": "الشركة المصرية لإدارة وتشغيل المترو",
              "public_transport:version": "2",
              "ref": "2",
              "route": "subway",
              "to": "المنيب",
              "type": "route",
              "wikidata": "Q5017773",
              "wikipedia": "en:Cairo Metro Line 2"
            }
          }
        ]
      },
      "geometry": {
        "type": "Point",
        "coordinates": [
          31.246864,
          30.0524172
        ]
      },
      "id": "node/4979414356"
    },
    {
      "type": "Feature",
      "properties": {
        "@id": "node/5194295700",
        "@relations": [
          {
            "role": "stop",
            "rel": 7927231,
            "reltags": {
              "colour": "#FF7000",
              "from": "شبرا الخيمة",
              "name": "الخط الثاني : شبرا الخيمة‎ ← المنيب",
              "name:ar": "الخط الثاني : شبرا الخيمة‎ ← المنيب",
              "name:de": "Linie 2: Shubra El-Kheima → El Mounib",
              "name:en": "Line 2: Shubra El-Kheima → El Mounib",
              "name:fr": "Ligne 2 : Shubra El-Kheima → El Mounib",
              "network": "الشركة المصرية لإدارة وتشغيل المترو",
              "public_transport:version": "2",
              "ref": "2",
              "route": "subway",
              "to": "المنيب",
              "type": "route",
              "wikidata": "Q5017773",
              "wikipedia": "en:Cairo Metro Line 2"
            }
          }
        ]
      },
      "geometry": {
        "type": "Point",
        "coordinates": [
          31.2460043,
          30.0618331
        ]
      },
      "id": "node/5194295700"
    },
    {
      "type": "Feature",
      "properties": {
        "@id": "node/5194295701",
        "@relations": [
          {
            "role": "stop",
            "rel": 421706,
            "reltags": {
              "colour": "#FF7000",
              "from": "المنيب",
              "name": "الخط الثاني : المنيب‎ ← شبرا الخيمة‎",
              "name:ar": "الخط الثاني : المنيب‎ ← شبرا الخيمة‎",
              "name:de": "Linie 2: El Mounib → Shubra El-Kheima",
              "name:en": "Line 2: El Mounib → Shubra El-Kheima",
              "name:fr": "Ligne 2 : El Mounib → Shubra El-Kheima",
              "network": "الشركة المصرية لإدارة وتشغيل المترو",
              "public_transport:version": "2",
              "ref": "2",
              "route": "subway",
              "to": "شبرا الخيمة",
              "type": "route",
              "wikidata": "Q5017773",
              "wikipedia": "en:Cairo Metro Line 2"
            }
          }
        ]
      },
      "geometry": {
        "type": "Point",
        "coordinates": [
          31.2460417,
          30.0618579
        ]
      },
      "id": "node/5194295701"
    },
    {
      "type": "Feature",
      "properties": {
        "@id": "node/4978060988",
        "@relations": [
          {
            "role": "stop",
            "rel": 7927231,
            "reltags": {
              "colour": "#FF7000",
              "from": "شبرا الخيمة",
              "name": "الخط الثاني : شبرا الخيمة‎ ← المنيب",
              "name:ar": "الخط الثاني : شبرا الخيمة‎ ← المنيب",
              "name:de": "Linie 2: Shubra El-Kheima → El Mounib",
              "name:en": "Line 2: Shubra El-Kheima → El Mounib",
              "name:fr": "Ligne 2 : Shubra El-Kheima → El Mounib",
              "network": "الشركة المصرية لإدارة وتشغيل المترو",
              "public_transport:version": "2",
              "ref": "2",
              "route": "subway",
              "to": "المنيب",
              "type": "route",
              "wikidata": "Q5017773",
              "wikipedia": "en:Cairo Metro Line 2"
            }
          }
        ]
      },
      "geometry": {
        "type": "Point",
        "coordinates": [
          31.2449826,
          30.0710389
        ]
      },
      "id": "node/4978060988"
    },
    {
      "type": "Feature",
      "properties": {
        "@id": "node/9076939028",
        "@relations": [
          {
            "role": "stop",
            "rel": 421706,
            "reltags": {
              "colour": "#FF7000",
              "from": "المنيب",
              "name": "الخط الثاني : المنيب‎ ← شبرا الخيمة‎",
              "name:ar": "الخط الثاني : المنيب‎ ← شبرا الخيمة‎",
              "name:de": "Linie 2: El Mounib → Shubra El-Kheima",
              "name:en": "Line 2: El Mounib → Shubra El-Kheima",
              "name:fr": "Ligne 2 : El Mounib → Shubra El-Kheima",
              "network": "الشركة المصرية لإدارة وتشغيل المترو",
              "public_transport:version": "2",
              "ref": "2",
              "route": "subway",
              "to": "شبرا الخيمة",
              "type": "route",
              "wikidata": "Q5017773",
              "wikipedia": "en:Cairo Metro Line 2"
            }
          }
        ]
      },
      "geometry": {
        "type": "Point",
        "coordinates": [
          31.2450506,
          30.0710432
        ]
      },
      "id": "node/9076939028"
    },
    {
      "type": "Feature",
      "properties": {
        "@id": "node/4978060979",
        "@relations": [
          {
            "role": "stop",
            "rel": 7927231,
            "reltags": {
              "colour": "#FF7000",
              "from": "شبرا الخيمة",
              "name": "الخط الثاني : شبرا الخيمة‎ ← المنيب",
              "name:ar": "الخط الثاني : شبرا الخيمة‎ ← المنيب",
              "name:de": "Linie 2: Shubra El-Kheima → El Mounib",
              "name:en": "Line 2: Shubra El-Kheima → El Mounib",
              "name:fr": "Ligne 2 : Shubra El-Kheima → El Mounib",
              "network": "الشركة المصرية لإدارة وتشغيل المترو",
              "public_transport:version": "2",
              "ref": "2",
              "route": "subway",
              "to": "المنيب",
              "type": "route",
              "wikidata": "Q5017773",
              "wikipedia": "en:Cairo Metro Line 2"
            }
          }
        ]
      },
      "geometry": {
        "type": "Point",
        "coordinates": [
          31.2452966,
          30.0805735
        ]
      },
      "id": "node/4978060979"
    },
    {
      "type": "Feature",
      "properties": {
        "@id": "node/9076939029",
        "@relations": [
          {
            "role": "stop",
            "rel": 421706,
            "reltags": {
              "colour": "#FF7000",
              "from": "المنيب",
              "name": "الخط الثاني : المنيب‎ ← شبرا الخيمة‎",
              "name:ar": "الخط الثاني : المنيب‎ ← شبرا الخيمة‎",
              "name:de": "Linie 2: El Mounib → Shubra El-Kheima",
              "name:en": "Line 2: El Mounib → Shubra El-Kheima",
              "name:fr": "Ligne 2 : El Mounib → Shubra El-Kheima",
              "network": "الشركة المصرية لإدارة وتشغيل المترو",
              "public_transport:version": "2",
              "ref": "2",
              "route": "subway",
              "to": "شبرا الخيمة",
              "type": "route",
              "wikidata": "Q5017773",
              "wikipedia": "en:Cairo Metro Line 2"
            }
          }
        ]
      },
      "geometry": {
        "type": "Point",
        "coordinates": [
          31.2454093,
          30.080567
        ]
      },
      "id": "node/9076939029"
    },
    {
      "type": "Feature",
      "properties": {
        "@id": "node/4978060976",
        "@relations": [
          {
            "role": "stop",
            "rel": 7927231,
            "reltags": {
              "colour": "#FF7000",
              "from": "شبرا الخيمة",
              "name": "الخط الثاني : شبرا الخيمة‎ ← المنيب",
              "name:ar": "الخط الثاني : شبرا الخيمة‎ ← المنيب",
              "name:de": "Linie 2: Shubra El-Kheima → El Mounib",
              "name:en": "Line 2: Shubra El-Kheima → El Mounib",
              "name:fr": "Ligne 2 : Shubra El-Kheima → El Mounib",
              "network": "الشركة المصرية لإدارة وتشغيل المترو",
              "public_transport:version": "2",
              "ref": "2",
              "route": "subway",
              "to": "المنيب",
              "type": "route",
              "wikidata": "Q5017773",
              "wikipedia": "en:Cairo Metro Line 2"
            }
          }
        ]
      },
      "geometry": {
        "type": "Point",
        "coordinates": [
          31.2453432,
          30.0883471
        ]
      },
      "id": "node/4978060976"
    },
    {
      "type": "Feature",
      "properties": {
        "@id": "node/9076939031",
        "@relations": [
          {
            "role": "stop",
            "rel": 421706,
            "reltags": {
              "colour": "#FF7000",
              "from": "المنيب",
              "name": "الخط الثاني : المنيب‎ ← شبرا الخيمة‎",
              "name:ar": "الخط الثاني : المنيب‎ ← شبرا الخيمة‎",
              "name:de": "Linie 2: El Mounib → Shubra El-Kheima",
              "name:en": "Line 2: El Mounib → Shubra El-Kheima",
              "name:fr": "Ligne 2 : El Mounib → Shubra El-Kheima",
              "network": "الشركة المصرية لإدارة وتشغيل المترو",
              "public_transport:version": "2",
              "ref": "2",
              "route": "subway",
              "to": "شبرا الخيمة",
              "type": "route",
              "wikidata": "Q5017773",
              "wikipedia": "en:Cairo Metro Line 2"
            }
          }
        ]
      },
      "geometry": {
        "type": "Point",
        "coordinates": [
          31.2454359,
          30.0883488
        ]
      },
      "id": "node/9076939031"
    },
    {
      "type": "Feature",
      "properties": {
        "@id": "node/4978060972",
        "@relations": [
          {
            "role": "stop",
            "rel": 7927231,
            "reltags": {
              "colour": "#FF7000",
              "from": "شبرا الخيمة",
              "name": "الخط الثاني : شبرا الخيمة‎ ← المنيب",
              "name:ar": "الخط الثاني : شبرا الخيمة‎ ← المنيب",
              "name:de": "Linie 2: Shubra El-Kheima → El Mounib",
              "name:en": "Line 2: Shubra El-Kheima → El Mounib",
              "name:fr": "Ligne 2 : Shubra El-Kheima → El Mounib",
              "network": "الشركة المصرية لإدارة وتشغيل المترو",
              "public_transport:version": "2",
              "ref": "2",
              "route": "subway",
              "to": "المنيب",
              "type": "route",
              "wikidata": "Q5017773",
              "wikipedia": "en:Cairo Metro Line 2"
            }
          }
        ]
      },
      "geometry": {
        "type": "Point",
        "coordinates": [
          31.245408,
          30.0977865
        ]
      },
      "id": "node/4978060972"
    },
    {
      "type": "Feature",
      "properties": {
        "@id": "node/6288254841",
        "@relations": [
          {
            "role": "stop",
            "rel": 421706,
            "reltags": {
              "colour": "#FF7000",
              "from": "المنيب",
              "name": "الخط الثاني : المنيب‎ ← شبرا الخيمة‎",
              "name:ar": "الخط الثاني : المنيب‎ ← شبرا الخيمة‎",
              "name:de": "Linie 2: El Mounib → Shubra El-Kheima",
              "name:en": "Line 2: El Mounib → Shubra El-Kheima",
              "name:fr": "Ligne 2 : El Mounib → Shubra El-Kheima",
              "network": "الشركة المصرية لإدارة وتشغيل المترو",
              "public_transport:version": "2",
              "ref": "2",
              "route": "subway",
              "to": "شبرا الخيمة",
              "type": "route",
              "wikidata": "Q5017773",
              "wikipedia": "en:Cairo Metro Line 2"
            }
          }
        ]
      },
      "geometry": {
        "type": "Point",
        "coordinates": [
          31.2461636,
          30.1040835
        ]
      },
      "id": "node/6288254841"
    },
    {
      "type": "Feature",
      "properties": {
        "@id": "node/9076939045",
        "@relations": [
          {
            "role": "stop",
            "rel": 7927231,
            "reltags": {
              "colour": "#FF7000",
              "from": "شبرا الخيمة",
              "name": "الخط الثاني : شبرا الخيمة‎ ← المنيب",
              "name:ar": "الخط الثاني : شبرا الخيمة‎ ← المنيب",
              "name:de": "Linie 2: Shubra El-Kheima → El Mounib",
              "name:en": "Line 2: Shubra El-Kheima → El Mounib",
              "name:fr": "Ligne 2 : Shubra El-Kheima → El Mounib",
              "network": "الشركة المصرية لإدارة وتشغيل المترو",
              "public_transport:version": "2",
              "ref": "2",
              "route": "subway",
              "to": "المنيب",
              "type": "route",
              "wikidata": "Q5017773",
              "wikipedia": "en:Cairo Metro Line 2"
            }
          }
        ]
      },
      "geometry": {
        "type": "Point",
        "coordinates": [
          31.246124,
          30.1041099
        ]
      },
      "id": "node/9076939045"
    },
    {
      "type": "Feature",
      "properties": {
        "@id": "node/4978060958",
        "@relations": [
          {
            "role": "stop",
            "rel": 7927231,
            "reltags": {
              "colour": "#FF7000",
              "from": "شبرا الخيمة",
              "name": "الخط الثاني : شبرا الخيمة‎ ← المنيب",
              "name:ar": "الخط الثاني : شبرا الخيمة‎ ← المنيب",
              "name:de": "Linie 2: Shubra El-Kheima → El Mounib",
              "name:en": "Line 2: Shubra El-Kheima → El Mounib",
              "name:fr": "Ligne 2 : Shubra El-Kheima → El Mounib",
              "network": "الشركة المصرية لإدارة وتشغيل المترو",
              "public_transport:version": "2",
              "ref": "2",
              "route": "subway",
              "to": "المنيب",
              "type": "route",
              "wikidata": "Q5017773",
              "wikipedia": "en:Cairo Metro Line 2"
            }
          }
        ]
      },
      "geometry": {
        "type": "Point",
        "coordinates": [
          31.248663,
          30.1137797
        ]
      },
      "id": "node/4978060958"
    }
  ]
}